lead_id,customer_id,sales_rep_id,lead_source,lead_created_date,lead_score,lead_status
LEAD100001,CUST10584,REP1028,Event,2026-05-17,70.0,Nurturing
LEAD100002,CUST10462,REP1019,Referral,2026-04-08,86.0,Qualified
LEAD100003,CUST10969,REP1029,Partner,2026-05-17,25.0,Low Priority
LEAD100004,CUST11042,REP1021,Email,2026-03-02,34.0,Low Priority
LEAD100005,CUST10554,REP1002,Event,2026-01-07,61.0,Nurturing
LEAD100006,CUST10645,REP1028,Partner,2026-05-23,49.0,New
LEAD100007,CUST10752,REP1006,Referral,2026-05-23,77.0,Nurturing
LEAD100008,CUST10787,REP1012,Event,2026-04-26,52.0,New
LEAD100009,CUST10763,REP1008,Event,2026-03-15,100.0,Qualified
LEAD100010,CUST10940,REP1022,Partner,2026-01-02,44.0,New
LEAD100011,CUST11179,REP1001,Website,2026-05-12,49.0,New
LEAD100012,CUST10994,REP1020,Referral,2026-04-30,20.0,Low Priority
LEAD100013,CUST10162,REP1026,Partner,2026-05-01,40.0,New
LEAD100014,CUST10572,REP1024,Email,2026-01-31,39.0,Low Priority
LEAD100015,CUST10554,REP1010,Email,2026-05-13,81.0,Qualified
LEAD100016,CUST10611,REP1027,Event,2026-05-12,47.0,New
LEAD100017,CUST10635,REP1011,Website,2026-06-05,36.0,Low Priority
LEAD100018,CUST10862,REP1021,Partner,2026-04-13,45.0,New
LEAD100019,CUST10506,REP1016,Email,2026-05-13,65.0,Nurturing
LEAD100020,CUST10317,REP1003,Event,2026-03-14,83.0,Qualified
LEAD100021,CUST10550,REP1001,Website,2026-05-07,99.0,Qualified
LEAD100022,CUST11026,REP1006,Event,2026-05-06,23.0,Low Priority
LEAD100023,CUST10374,REP1029,Website,2026-05-22,88.0,Qualified
LEAD100024,CUST10025,REP1029,Website,2026-06-05,51.0,New
LEAD100025,CUST11172,REP1013,Event,2026-01-01,85.0,Qualified
LEAD100026,CUST10235,REP1030,Email,2026-05-21,23.0,Low Priority
LEAD100027,CUST10724,REP1002,Event,2026-05-24,70.0,Nurturing
LEAD100028,CUST10961,REP1030,Email,2026-04-09,95.0,Qualified
LEAD100029,CUST10330,REP1007,Email,2026-04-05,23.0,Low Priority
LEAD100030,CUST10409,REP1002,Partner,2026-05-11,84.0,Qualified
LEAD100031,CUST10337,REP1023,Partner,2026-03-24,29.0,Low Priority
LEAD100032,CUST10180,REP1012,Partner,2026-03-16,99.0,Qualified
LEAD100033,CUST10184,REP1009,Referral,2026-05-26,80.0,Qualified
LEAD100034,CUST10225,REP1023,Event,2026-05-23,93.0,Qualified
LEAD100035,CUST10550,REP1010,Referral,2026-02-07,92.0,Qualified
LEAD100036,CUST10637,REP1023,Email,2026-05-31,45.0,New
LEAD100037,CUST10020,REP1006,Email,2026-03-01,53.0,New
LEAD100038,CUST11016,REP1003,Partner,2026-01-25,76.0,Nurturing
LEAD100039,CUST10812,REP1010,Email,2026-06-08,34.0,Low Priority
LEAD100040,CUST10085,REP1019,Website,2026-02-13,44.0,New
LEAD100041,CUST11012,REP1007,Referral,2026-02-06,28.0,Low Priority
LEAD100042,CUST10037,REP1005,Partner,2026-02-18,91.0,Qualified
LEAD100043,CUST10673,REP1023,Referral,2026-03-30,40.0,New
LEAD100044,CUST10559,REP1015,Event,2026-01-31,53.0,New
LEAD100045,CUST10603,REP1013,Event,2026-01-29,56.0,New
LEAD100046,CUST11148,REP1008,Email,2026-03-13,50.0,New
LEAD100047,CUST11113,REP1001,Referral,2026-02-09,83.0,Qualified
LEAD100048,CUST10335,REP1002,Website,2026-02-04,94.0,Qualified
LEAD100049,CUST10696,REP1021,Email,2026-06-15,66.0,Nurturing
LEAD100050,CUST11152,REP1003,Event,2026-04-18,87.0,Qualified
LEAD100051,CUST10875,REP1008,Partner,2026-01-03,28.0,Low Priority
LEAD100052,CUST11066,REP1028,Event,2026-01-19,98.0,Qualified
LEAD100053,CUST10522,REP1011,Event,2026-05-28,29.0,Low Priority
LEAD100054,CUST10340,REP1023,Partner,2026-02-18,25.0,Low Priority
LEAD100055,CUST10613,REP1011,Referral,2026-01-28,21.0,Low Priority
LEAD100056,CUST10981,REP1028,Website,2026-05-01,39.0,Low Priority
LEAD100057,CUST11115,REP1025,Email,2026-06-01,87.0,Qualified
LEAD100058,CUST10824,REP1015,Partner,2026-03-14,44.0,New
LEAD100059,CUST10848,REP1021,Website,2026-05-15,84.0,Qualified
LEAD100060,CUST10615,REP1013,Website,2026-03-18,54.0,New
LEAD100061,CUST10384,REP1029,Event,2026-01-20,28.0,Low Priority
LEAD100062,CUST10508,REP1011,Referral,2026-05-25,58.0,New
LEAD100063,CUST10598,REP1026,Referral,2026-06-16,38.0,Low Priority
LEAD100064,CUST10979,REP1019,Email,2026-06-28,43.0,New
LEAD100065,CUST10667,REP1020,Referral,2026-01-19,61.0,Nurturing
LEAD100066,CUST10952,REP1011,Event,2026-04-13,84.0,Qualified
LEAD100067,CUST10033,REP1025,Email,2026-04-23,67.0,Nurturing
LEAD100068,CUST10909,REP1023,Referral,2026-01-15,38.0,Low Priority
LEAD100069,CUST10609,REP1025,Referral,2026-06-22,78.0,Nurturing
LEAD100070,CUST11198,REP1025,Event,2026-01-19,76.0,Nurturing
LEAD100071,CUST10567,REP1005,Partner,2026-02-18,39.0,Low Priority
LEAD100072,CUST10575,REP1027,Event,2026-06-25,88.0,Qualified
LEAD100073,CUST10153,REP1026,Referral,2026-04-11,88.0,Qualified
LEAD100074,CUST10969,REP1008,Website,2026-05-03,68.0,Nurturing
LEAD100075,CUST10842,REP1030,Event,2026-03-31,43.0,New
LEAD100076,CUST11035,REP1016,Referral,2026-05-17,48.0,New
LEAD100077,CUST10112,REP1010,Event,2026-01-15,55.0,New
LEAD100078,CUST10254,REP1007,Email,2026-05-03,35.0,Low Priority
LEAD100079,CUST11053,REP1011,Referral,2026-01-13,44.0,New
LEAD100080,CUST10051,REP1002,Email,2026-02-02,30.0,Low Priority
LEAD100081,CUST10610,REP1021,Website,2026-04-02,32.0,Low Priority
LEAD100082,CUST10486,REP1022,Referral,2026-03-23,80.0,Qualified
LEAD100083,CUST11128,REP1021,Referral,2026-01-28,30.0,Low Priority
LEAD100084,CUST11029,REP1017,Email,2026-05-25,57.0,New
LEAD100085,CUST11077,REP1011,Partner,2026-02-24,54.0,New
LEAD100086,CUST10347,REP1022,Email,2026-06-06,23.0,Low Priority
LEAD100087,CUST10706,REP1027,Partner,2026-01-03,87.0,Qualified
LEAD100088,CUST10841,REP1003,Email,2026-02-12,99.0,Qualified
LEAD100089,CUST11161,REP1012,Website,2026-02-23,71.0,Nurturing
LEAD100090,CUST10009,REP1030,Email,2026-04-18,74.0,Nurturing
LEAD100091,CUST11173,REP1026,Website,2026-03-14,38.0,Low Priority
LEAD100092,CUST10427,REP1030,Website,2026-01-29,88.0,Qualified
LEAD100093,CUST10154,REP1006,Email,2026-04-14,83.0,Qualified
LEAD100094,CUST10739,REP1014,Website,2026-06-23,55.0,New
LEAD100095,CUST10938,REP1004,Email,2026-01-25,77.0,Nurturing
LEAD100096,CUST10156,REP1026,Website,2026-02-15,97.0,Qualified
LEAD100097,CUST10049,REP1016,Website,2026-03-28,68.0,Nurturing
LEAD100098,CUST11076,REP1008,Event,2026-05-12,36.0,Low Priority
LEAD100099,CUST11121,REP1003,Website,2026-01-25,46.0,New
LEAD100100,CUST10188,REP1023,Event,2026-02-11,34.0,Low Priority
LEAD100101,CUST11085,REP1025,Referral,2026-02-12,46.0,New
LEAD100102,CUST11092,REP1027,Email,2026-04-22,92.0,Qualified
LEAD100103,CUST11197,REP1030,Event,2026-01-15,35.0,Low Priority
LEAD100104,CUST10260,REP1025,Website,2026-04-30,92.0,Qualified
LEAD100105,CUST10695,REP1024,Referral,2026-03-19,43.0,New
LEAD100106,CUST11194,REP1025,Partner,2026-03-01,60.0,Nurturing
LEAD100107,CUST11084,REP1030,Event,2026-06-06,62.0,Nurturing
LEAD100108,CUST10726,REP1014,Website,2026-05-29,30.0,Low Priority
LEAD100109,CUST10237,REP1023,Website,2026-05-26,34.0,Low Priority
LEAD100110,CUST10102,REP1025,Referral,2026-06-10,44.0,New
LEAD100111,CUST10312,REP1004,Referral,2026-02-12,24.0,Low Priority
LEAD100112,CUST10079,REP1021,Referral,2026-06-04,81.0,Qualified
LEAD100113,CUST10235,REP1011,Website,2026-02-01,64.0,Nurturing
LEAD100114,CUST10090,REP1004,Event,2026-03-01,88.0,Qualified
LEAD100115,CUST10915,REP1006,Email,2026-04-11,89.0,Qualified
LEAD100116,CUST10708,REP1004,Website,2026-05-15,48.0,New
LEAD100117,CUST10622,REP1027,Partner,2026-04-15,86.0,Qualified
LEAD100118,CUST10972,REP1024,Email,2026-04-12,24.0,Low Priority
LEAD100119,CUST10493,REP1004,Email,2026-03-10,54.0,New
LEAD100120,CUST10484,REP1019,Event,2026-04-18,73.0,Nurturing
LEAD100121,CUST10249,REP1020,Email,2026-03-27,57.0,New
LEAD100122,CUST10534,REP1016,Email,2026-03-28,79.0,Nurturing
LEAD100123,CUST10210,REP1019,Website,2026-04-17,89.0,Qualified
LEAD100124,CUST10708,REP1028,Website,2026-04-19,54.0,New
LEAD100125,CUST11197,REP1016,Email,2026-03-01,42.0,New
LEAD100126,CUST10640,REP1020,Event,2026-01-25,67.0,Nurturing
LEAD100127,CUST10359,REP1018,Referral,2026-02-24,90.0,Qualified
LEAD100128,CUST10826,REP1012,Email,2026-03-16,99.0,Qualified
LEAD100129,CUST10985,REP1027,Referral,2026-01-30,86.0,Qualified
LEAD100130,CUST10567,REP1013,Partner,2026-02-02,39.0,Low Priority
LEAD100131,CUST10301,REP1024,Email,2026-06-22,36.0,Low Priority
LEAD100132,CUST10857,REP1019,Email,2026-02-20,66.0,Nurturing
LEAD100133,CUST10225,REP1021,Website,2026-05-14,52.0,New
LEAD100134,CUST11197,REP1023,Event,2026-01-24,69.0,Nurturing
LEAD100135,CUST10382,REP1023,Event,2026-06-25,94.0,Qualified
LEAD100136,CUST10421,REP1017,Partner,2026-02-08,64.0,Nurturing
LEAD100137,CUST10873,REP1019,Referral,2026-03-13,48.0,New
LEAD100138,CUST10015,REP1016,Partner,2026-05-22,90.0,Qualified
LEAD100139,CUST10244,REP1011,Event,2026-02-06,55.0,New
LEAD100140,CUST10151,REP1022,Partner,2026-04-10,69.0,Nurturing
LEAD100141,CUST10470,REP1027,Website,2026-05-23,30.0,Low Priority
LEAD100142,CUST10665,REP1022,Website,2026-01-05,61.0,Nurturing
LEAD100143,CUST10216,REP1024,Event,2026-01-05,54.0,New
LEAD100144,CUST10414,REP1025,Email,2026-05-23,29.0,Low Priority
LEAD100145,CUST10927,REP1012,Email,2026-02-17,37.0,Low Priority
LEAD100146,CUST11128,REP1002,Website,2026-06-14,76.0,Nurturing
LEAD100147,CUST10018,REP1011,Website,2026-06-17,34.0,Low Priority
LEAD100148,CUST10753,REP1023,Referral,2026-06-09,30.0,Low Priority
LEAD100149,CUST10031,REP1025,Referral,2026-06-30,24.0,Low Priority
LEAD100150,CUST10625,REP1016,Referral,2026-05-29,22.0,Low Priority
LEAD100151,CUST11056,REP1024,Partner,2026-03-11,55.0,New
LEAD100152,CUST10958,REP1003,Referral,2026-06-29,59.0,New
LEAD100153,CUST10280,REP1020,Website,2026-03-04,70.0,Nurturing
LEAD100154,CUST10311,REP1021,Partner,2026-04-17,66.0,Nurturing
LEAD100155,CUST10941,REP1016,Email,2026-01-02,63.0,Nurturing
LEAD100156,CUST10984,REP1022,Email,2026-06-24,100.0,Qualified
LEAD100157,CUST10338,REP1015,Referral,2026-04-18,40.0,New
LEAD100158,CUST10004,REP1016,Referral,2026-06-21,77.0,Nurturing
LEAD100159,CUST10534,REP1019,Partner,2026-03-05,26.0,Low Priority
LEAD100160,CUST10744,REP1024,Website,2026-02-26,88.0,Qualified
LEAD100161,CUST10533,REP1008,Event,2026-04-05,49.0,New
LEAD100162,CUST11122,REP1010,Event,2026-06-06,48.0,New
LEAD100163,CUST10977,REP1013,Website,2026-04-10,30.0,Low Priority
LEAD100164,CUST10946,REP1007,Event,2026-05-24,61.0,Nurturing
LEAD100165,CUST10025,REP1011,Website,2026-02-08,52.0,New
LEAD100166,CUST11025,REP1011,Partner,2026-05-21,98.0,Qualified
LEAD100167,CUST10907,REP1010,Email,2026-05-13,34.0,Low Priority
LEAD100168,CUST10477,REP1013,Referral,2026-06-12,53.0,New
LEAD100169,CUST10708,REP1016,Referral,2026-01-11,92.0,Qualified
LEAD100170,CUST10990,REP1021,Website,2026-03-11,85.0,Qualified
LEAD100171,CUST11088,REP1010,Email,2026-01-17,81.0,Qualified
LEAD100172,CUST10661,REP1026,Website,2026-03-14,62.0,Nurturing
LEAD100173,CUST10050,REP1015,Partner,2026-05-18,90.0,Qualified
LEAD100174,CUST10743,REP1022,Referral,2026-04-26,38.0,Low Priority
LEAD100175,CUST10817,REP1004,Event,2026-05-17,85.0,Qualified
LEAD100176,CUST10071,REP1006,Event,2026-05-14,67.0,Nurturing
LEAD100177,CUST10981,REP1014,Event,2026-06-29,48.0,New
LEAD100178,CUST10242,REP1011,Email,2026-06-09,37.0,Low Priority
LEAD100179,CUST11069,REP1015,Partner,2026-04-17,62.0,Nurturing
LEAD100180,CUST10662,REP1005,Referral,2026-06-08,20.0,Low Priority
LEAD100181,CUST10387,REP1015,Website,2026-01-09,77.0,Nurturing
LEAD100182,CUST10071,REP1021,Event,2026-05-11,39.0,Low Priority
LEAD100183,CUST10022,REP1022,Referral,2026-04-05,51.0,New
LEAD100184,CUST10890,REP1008,Partner,2026-06-23,35.0,Low Priority
LEAD100185,CUST10453,REP1011,Website,2026-04-02,57.0,New
LEAD100186,CUST11009,REP1016,Referral,2026-02-02,50.0,New
LEAD100187,CUST10277,REP1016,Email,2026-05-12,35.0,Low Priority
LEAD100188,CUST11105,REP1024,Partner,2026-06-22,91.0,Qualified
LEAD100189,CUST11130,REP1012,Partner,2026-01-03,81.0,Qualified
LEAD100190,CUST10123,REP1021,Referral,2026-01-12,51.0,New
LEAD100191,CUST10777,REP1027,Website,2026-04-30,24.0,Low Priority
LEAD100192,CUST11128,REP1009,Event,2026-04-11,88.0,Qualified
LEAD100193,CUST10388,REP1025,Partner,2026-04-10,76.0,Nurturing
LEAD100194,CUST10082,REP1010,Referral,2026-01-17,65.0,Nurturing
LEAD100195,CUST11051,REP1011,Referral,2026-04-14,68.0,Nurturing
LEAD100196,CUST10569,REP1020,Email,2026-04-13,20.0,Low Priority
LEAD100197,CUST10033,REP1019,Partner,2026-06-03,58.0,New
LEAD100198,CUST11009,REP1017,Referral,2026-03-12,35.0,Low Priority
LEAD100199,CUST10815,REP1007,Event,2026-03-04,72.0,Nurturing
LEAD100200,CUST10085,REP1003,Event,2026-01-15,95.0,Qualified
LEAD100201,CUST10311,REP1028,Website,2026-04-13,62.0,Nurturing
LEAD100202,CUST10022,REP1027,Email,2026-04-28,68.0,Nurturing
LEAD100203,CUST11146,REP1027,Event,2026-02-20,74.0,Nurturing
LEAD100204,CUST10030,REP1016,Partner,2026-05-13,95.0,Qualified
LEAD100205,CUST10956,REP1027,Website,2026-06-19,23.0,Low Priority
LEAD100206,CUST10614,REP1015,Website,2026-02-01,45.0,New
LEAD100207,CUST10700,REP1003,Email,2026-04-14,41.0,New
LEAD100208,CUST10974,REP1006,Event,2026-05-06,78.0,Nurturing
LEAD100209,CUST11074,REP1009,Website,2026-01-04,56.0,New
LEAD100210,CUST10153,REP1012,Partner,2026-02-02,82.0,Qualified
LEAD100211,CUST10022,REP1029,Partner,2026-03-13,58.0,New
LEAD100212,CUST10150,REP1010,Referral,2026-01-25,99.0,Qualified
LEAD100213,CUST10820,REP1019,Email,2026-03-06,82.0,Qualified
LEAD100214,CUST10683,REP1009,Event,2026-01-27,21.0,Low Priority
LEAD100215,CUST10101,REP1020,Referral,2026-06-12,100.0,Qualified
LEAD100216,CUST10282,REP1018,Website,2026-04-19,97.0,Qualified
LEAD100217,CUST10645,REP1005,Referral,2026-03-01,23.0,Low Priority
LEAD100218,CUST10877,REP1014,Referral,2026-05-21,51.0,New
LEAD100219,CUST10413,REP1004,Email,2026-01-04,98.0,Qualified
LEAD100220,CUST11140,REP1027,Partner,2026-04-19,87.0,Qualified
LEAD100221,CUST11191,REP1022,Website,2026-05-04,57.0,New
LEAD100222,CUST10920,REP1029,Referral,2026-05-27,64.0,Nurturing
LEAD100223,CUST10546,REP1027,Email,2026-02-10,22.0,Low Priority
LEAD100224,CUST11053,REP1007,Partner,2026-04-18,65.0,Nurturing
LEAD100225,CUST10874,REP1022,Partner,2026-05-19,73.0,Nurturing
LEAD100226,CUST10624,REP1004,Referral,2026-05-25,49.0,New
LEAD100227,CUST10533,REP1029,Referral,2026-02-01,44.0,New
LEAD100228,CUST10999,REP1024,Website,2026-06-26,87.0,Qualified
LEAD100229,CUST10669,REP1021,Website,2026-02-19,56.0,New
LEAD100230,CUST10220,REP1030,Website,2026-03-12,41.0,New
LEAD100231,CUST11200,REP1026,Email,2026-02-04,50.0,New
LEAD100232,CUST10083,REP1026,Website,2026-01-28,59.0,New
LEAD100233,CUST10835,REP1004,Partner,2026-02-16,41.0,New
LEAD100234,CUST10788,REP1001,Event,2026-01-25,65.0,Nurturing
LEAD100235,CUST10704,REP1029,Email,2026-05-13,89.0,Qualified
LEAD100236,CUST10063,REP1008,Partner,2026-04-19,80.0,Qualified
LEAD100237,CUST10592,REP1013,Website,2026-03-12,38.0,Low Priority
LEAD100238,CUST11071,REP1002,Partner,2026-04-10,58.0,New
LEAD100239,CUST10288,REP1019,Event,2026-04-20,64.0,Nurturing
LEAD100240,CUST10830,REP1025,Referral,2026-02-03,75.0,Nurturing
LEAD100241,CUST11031,REP1026,Event,2026-02-23,81.0,Qualified
LEAD100242,CUST11143,REP1018,Email,2026-06-09,59.0,New
LEAD100243,CUST10620,REP1020,Referral,2026-01-03,45.0,New
LEAD100244,CUST10377,REP1016,Website,2026-06-23,73.0,Nurturing
LEAD100245,CUST10840,REP1014,Website,2026-06-24,30.0,Low Priority
LEAD100246,CUST10584,REP1017,Referral,2026-02-15,74.0,Nurturing
LEAD100247,CUST10753,REP1029,Referral,2026-02-28,92.0,Qualified
LEAD100248,CUST10891,REP1008,Email,2026-02-07,77.0,Nurturing
LEAD100249,CUST10853,REP1015,Partner,2026-04-12,55.0,New
LEAD100250,CUST10292,REP1019,Partner,2026-02-08,86.0,Qualified
LEAD100251,CUST10907,REP1018,Email,2026-05-24,63.0,Nurturing
LEAD100252,CUST10651,REP1001,Email,2026-03-12,63.0,Nurturing
LEAD100253,CUST11117,REP1009,Email,2026-06-25,89.0,Qualified
LEAD100254,CUST10792,REP1020,Event,2026-06-04,35.0,Low Priority
LEAD100255,CUST11071,REP1021,Referral,2026-03-14,83.0,Qualified
LEAD100256,CUST11175,REP1023,Event,2026-04-18,75.0,Nurturing
LEAD100257,CUST11194,REP1030,Partner,2026-01-05,62.0,Nurturing
LEAD100258,CUST10894,REP1021,Website,2026-01-13,61.0,Low Priority
LEAD100259,CUST10717,REP1018,Website,2026-04-02,82.0,Qualified
LEAD100260,CUST10142,REP1010,Website,2026-03-27,37.0,Low Priority
LEAD100261,CUST10464,REP1012,Event,2026-03-14,92.0,Qualified
LEAD100262,CUST10571,REP1025,Website,2026-01-17,84.0,Qualified
LEAD100263,CUST10937,REP1015,Event,2026-06-02,49.0,New
LEAD100264,CUST10707,REP1022,Email,2026-03-15,55.0,New
LEAD100265,CUST10527,REP1004,Partner,2026-03-27,22.0,Low Priority
LEAD100266,CUST10176,REP1004,Event,2026-03-15,60.0,Nurturing
LEAD100267,CUST10859,REP1007,Event,2026-04-01,61.0,Low Priority
LEAD100268,CUST10519,REP1006,Event,2026-04-28,99.0,Qualified
LEAD100269,CUST10044,REP1019,Partner,2026-05-19,71.0,Nurturing
LEAD100270,CUST10341,REP1020,Referral,2026-04-10,39.0,Low Priority
LEAD100271,CUST11056,REP1017,Website,2026-01-31,85.0,Qualified
LEAD100272,CUST10143,REP1009,Event,2026-06-08,21.0,Low Priority
LEAD100273,CUST10488,REP1018,Event,2026-02-21,64.0,Nurturing
LEAD100274,CUST10615,REP1004,Partner,2026-01-03,29.0,Low Priority
LEAD100275,CUST10101,REP1015,Website,2026-01-08,24.0,Low Priority
LEAD100276,CUST10199,REP1005,Event,2026-05-21,39.0,Low Priority
LEAD100277,CUST11129,REP1003,Referral,2026-03-12,43.0,New
LEAD100278,CUST10709,REP1005,Partner,2026-01-05,78.0,Nurturing
LEAD100279,CUST10253,REP1004,Email,2026-05-27,92.0,Qualified
LEAD100280,CUST10204,REP1015,Website,2026-02-25,82.0,Qualified
LEAD100281,CUST10511,REP1017,Website,2026-06-27,79.0,Nurturing
LEAD100282,CUST10869,REP1019,Website,2026-06-09,65.0,Nurturing
LEAD100283,CUST10877,REP1014,Event,2026-01-09,61.0,New
LEAD100284,CUST10235,REP1006,Event,2026-05-05,40.0,New
LEAD100285,CUST10871,REP1001,Partner,2026-04-20,96.0,Qualified
LEAD100286,CUST11076,REP1022,Partner,2026-02-01,62.0,Nurturing
LEAD100287,CUST10272,REP1030,Partner,2026-03-04,65.0,Nurturing
LEAD100288,CUST10032,REP1009,Referral,2026-03-30,21.0,Low Priority
LEAD100289,CUST11151,REP1007,Partner,2026-01-27,57.0,New
LEAD100290,CUST10627,REP1010,Referral,2026-05-11,75.0,Nurturing
LEAD100291,CUST10932,REP1007,Email,2026-02-20,60.0,Nurturing
LEAD100292,CUST10385,REP1007,Referral,2026-06-19,69.0,Nurturing
LEAD100293,CUST10360,REP1015,Email,2026-05-26,85.0,Qualified
LEAD100294,CUST10271,REP1024,Event,2026-04-25,21.0,Low Priority
LEAD100295,CUST10261,REP1022,Referral,2026-01-22,93.0,Qualified
LEAD100296,CUST10566,REP1029,Website,2026-01-05,86.0,Qualified
LEAD100297,CUST10127,REP1011,Partner,2026-01-27,54.0,New
LEAD100298,CUST11011,REP1015,Website,2026-04-01,81.0,Qualified
LEAD100299,CUST10614,REP1012,Referral,2026-05-22,25.0,Low Priority
LEAD100300,CUST11099,REP1002,Email,2026-01-28,44.0,New
LEAD100301,CUST10603,REP1012,Partner,2026-05-09,28.0,Low Priority
LEAD100302,CUST10364,REP1008,Partner,2026-01-09,71.0,Nurturing
LEAD100303,CUST10618,REP1015,Email,2026-02-18,89.0,Qualified
LEAD100304,CUST10186,REP1005,Website,2026-04-19,68.0,Nurturing
LEAD100305,CUST10989,REP1023,Partner,2026-05-30,77.0,Nurturing
LEAD100306,CUST10865,REP1026,Website,2026-05-21,31.0,Low Priority
LEAD100307,CUST10177,REP1029,Partner,2026-04-07,95.0,Qualified
LEAD100308,CUST10699,REP1003,Referral,2026-01-07,35.0,Low Priority
LEAD100309,CUST10646,REP1004,Event,2026-02-23,62.0,Nurturing
LEAD100310,CUST10242,REP1029,Referral,2026-05-22,75.0,Nurturing
LEAD100311,CUST10147,REP1026,Referral,2026-01-15,89.0,Qualified
LEAD100312,CUST10913,REP1018,Website,2026-05-08,95.0,Qualified
LEAD100313,CUST10317,REP1010,Website,2026-05-08,68.0,Nurturing
LEAD100314,CUST10623,REP1016,Referral,2026-05-17,66.0,Nurturing
LEAD100315,CUST10298,REP1017,Referral,2026-02-09,53.0,New
LEAD100316,CUST10785,REP1026,Email,2026-02-14,65.0,Nurturing
LEAD100317,CUST10059,REP1016,Event,2026-02-05,74.0,Nurturing
LEAD100318,CUST10432,REP1001,Event,2026-03-13,72.0,Nurturing
LEAD100319,CUST10657,REP1021,Event,2026-04-05,67.0,Nurturing
LEAD100320,CUST10527,REP1024,Event,2026-01-22,55.0,New
LEAD100321,CUST10735,REP1009,Partner,2026-04-13,35.0,Low Priority
LEAD100322,CUST10217,REP1004,Referral,2026-02-13,24.0,Low Priority
LEAD100323,CUST10531,REP1005,Email,2026-04-12,54.0,New
LEAD100324,CUST10908,REP1026,Referral,2026-02-24,52.0,New
LEAD100325,CUST10401,REP1014,Email,2026-06-22,69.0,Nurturing
LEAD100326,CUST10189,REP1016,Event,2026-02-27,92.0,Qualified
LEAD100327,CUST11018,REP1029,Website,2026-06-07,76.0,Nurturing
LEAD100328,CUST10934,REP1002,Email,2026-02-01,85.0,Qualified
LEAD100329,CUST10817,REP1007,Event,2026-01-16,66.0,Nurturing
LEAD100330,CUST10958,REP1025,Partner,2026-02-04,95.0,Qualified
LEAD100331,CUST10935,REP1017,Referral,2026-03-17,96.0,Qualified
LEAD100332,CUST10896,REP1001,Referral,2026-06-13,32.0,Low Priority
LEAD100333,CUST10612,REP1022,Website,2026-02-01,71.0,Nurturing
LEAD100334,CUST10024,REP1005,Referral,2026-05-22,60.0,Nurturing
LEAD100335,CUST10717,REP1024,Email,2026-05-07,98.0,Qualified
LEAD100336,CUST10328,REP1024,Partner,2026-03-04,67.0,Nurturing
LEAD100337,CUST10928,REP1025,Referral,2026-03-02,21.0,Low Priority
LEAD100338,CUST10563,REP1014,Partner,2026-06-21,37.0,Low Priority
LEAD100339,CUST11087,REP1009,Event,2026-05-10,30.0,Low Priority
LEAD100340,CUST10715,REP1027,Website,2026-02-13,36.0,Low Priority
LEAD100341,CUST10661,REP1017,Website,2026-06-15,27.0,Low Priority
LEAD100342,CUST11104,REP1020,Event,2026-03-15,83.0,Qualified
LEAD100343,CUST10571,REP1005,Email,2026-01-15,60.0,Nurturing
LEAD100344,CUST10451,REP1019,Partner,2026-05-28,74.0,Nurturing
LEAD100345,CUST10446,REP1018,Event,2026-06-07,100.0,Qualified
LEAD100346,CUST11051,REP1009,Partner,2026-03-22,72.0,Nurturing
LEAD100347,CUST10908,REP1024,Partner,2026-05-08,58.0,New
LEAD100348,CUST10197,REP1005,Referral,2026-02-12,41.0,New
LEAD100349,CUST10591,REP1022,Event,2026-06-03,81.0,Qualified
LEAD100350,CUST10446,REP1029,Email,2026-03-08,61.0,Nurturing
LEAD100351,CUST10777,REP1018,Referral,2026-02-18,81.0,Qualified
LEAD100352,CUST10063,REP1004,Email,2026-04-01,21.0,Low Priority
LEAD100353,CUST10857,REP1017,Email,2026-02-18,33.0,Low Priority
LEAD100354,CUST10891,REP1016,Website,2026-04-23,30.0,Low Priority
LEAD100355,CUST10272,REP1017,Website,2026-05-16,75.0,Nurturing
LEAD100356,CUST10181,REP1009,Partner,2026-03-15,61.0,Nurturing
LEAD100357,CUST10754,REP1019,Email,2026-05-22,45.0,New
LEAD100358,CUST10309,REP1008,Email,2026-03-20,45.0,New
LEAD100359,CUST11130,REP1017,Referral,2026-06-25,69.0,Nurturing
LEAD100360,CUST10931,REP1018,Event,2026-02-17,98.0,Qualified
LEAD100361,CUST11147,REP1020,Partner,2026-05-08,100.0,Qualified
LEAD100362,CUST10642,REP1024,Referral,2026-04-07,58.0,New
LEAD100363,CUST11127,REP1027,Website,2026-06-20,74.0,Nurturing
LEAD100364,CUST10017,REP1024,Event,2026-02-09,26.0,Low Priority
LEAD100365,CUST10348,REP1024,Email,2026-02-05,96.0,Qualified
LEAD100366,CUST10003,REP1027,Partner,2026-06-07,21.0,Low Priority
LEAD100367,CUST10814,REP1008,Referral,2026-06-13,47.0,New
LEAD100368,CUST10613,REP1009,Website,2026-05-16,78.0,Nurturing
LEAD100369,CUST10346,REP1016,Website,2026-03-27,98.0,Qualified
LEAD100370,CUST10366,REP1014,Website,2026-03-16,33.0,Low Priority
LEAD100371,CUST10773,REP1022,Partner,2026-05-01,73.0,Nurturing
LEAD100372,CUST10217,REP1001,Website,2026-05-16,35.0,Low Priority
LEAD100373,CUST10618,REP1005,Website,2026-02-19,24.0,Low Priority
LEAD100374,CUST10737,REP1023,Referral,2026-01-02,54.0,New
LEAD100375,CUST10288,REP1025,Email,2026-01-14,66.0,Nurturing
LEAD100376,CUST10275,REP1010,Partner,2026-03-04,41.0,New
LEAD100377,CUST10426,REP1010,Website,2026-05-04,98.0,Qualified
LEAD100378,CUST10711,REP1017,Email,2026-03-21,69.0,Nurturing
LEAD100379,CUST10306,REP1015,Partner,2026-04-22,55.0,New
LEAD100380,CUST10456,REP1006,Website,2026-03-27,59.0,New
LEAD100381,CUST10653,REP1016,Email,2026-02-15,57.0,New
LEAD100382,CUST10225,REP1025,Event,2026-05-16,29.0,Low Priority
LEAD100383,CUST10683,REP1022,Partner,2026-05-11,69.0,Nurturing
LEAD100384,CUST10166,REP1025,Website,2026-06-24,83.0,Qualified
LEAD100385,CUST10172,REP1020,Referral,2026-05-30,54.0,New
LEAD100386,CUST10285,REP1027,Partner,2026-03-10,54.0,New
LEAD100387,CUST10344,REP1008,Event,2026-05-08,93.0,Qualified
LEAD100388,CUST10036,REP1002,Event,2026-03-05,69.0,Nurturing
LEAD100389,CUST11154,REP1004,Event,2026-06-07,44.0,New
LEAD100390,CUST10370,REP1030,Event,2026-04-21,20.0,Low Priority
LEAD100391,CUST10966,REP1020,Partner,2026-06-01,86.0,Qualified
LEAD100392,CUST11083,REP1008,Email,2026-02-20,70.0,Nurturing
LEAD100393,CUST10961,REP1026,Email,2026-01-03,70.0,Nurturing
LEAD100394,CUST10998,REP1010,Email,2026-01-26,42.0,New
LEAD100395,CUST10121,REP1018,Email,2026-04-07,35.0,Low Priority
LEAD100396,CUST10447,REP1008,Website,2026-06-24,60.0,Nurturing
LEAD100397,CUST10896,REP1003,Event,2026-04-24,81.0,Qualified
LEAD100398,CUST10692,REP1009,Website,2026-05-27,44.0,New
LEAD100399,CUST10007,REP1007,Partner,2026-03-26,62.0,Nurturing
LEAD100400,CUST10681,REP1017,Partner,2026-06-23,100.0,Qualified
LEAD100401,CUST10966,REP1001,Event,2026-06-20,37.0,Low Priority
LEAD100402,CUST10995,REP1008,Website,2026-02-09,38.0,Low Priority
LEAD100403,CUST10461,REP1018,Partner,2026-06-06,39.0,Low Priority
LEAD100404,CUST10284,REP1012,Referral,2026-01-04,93.0,Qualified
LEAD100405,CUST10372,REP1020,Website,2026-04-18,62.0,Nurturing
LEAD100406,CUST10356,REP1020,Referral,2026-03-21,94.0,Qualified
LEAD100407,CUST10416,REP1029,Partner,2026-02-24,96.0,Qualified
LEAD100408,CUST10363,REP1026,Event,2026-06-18,54.0,New
LEAD100409,CUST10549,REP1007,Referral,2026-04-30,24.0,Low Priority
LEAD100410,CUST10050,REP1021,Event,2026-01-26,44.0,New
LEAD100411,CUST10331,REP1019,Email,2026-01-26,64.0,Nurturing
LEAD100412,CUST10378,REP1018,Event,2026-01-22,50.0,New
LEAD100413,CUST10185,REP1024,Event,2026-02-25,20.0,Low Priority
LEAD100414,CUST11054,REP1005,Email,2026-01-13,100.0,Qualified
LEAD100415,CUST10811,REP1012,Email,2026-02-17,44.0,New
LEAD100416,CUST11095,REP1025,Website,2026-05-19,70.0,Nurturing
LEAD100417,CUST10674,REP1027,Email,2026-06-08,96.0,Qualified
LEAD100418,CUST10132,REP1002,Website,2026-05-23,64.0,Nurturing
LEAD100419,CUST11086,REP1015,Email,2026-03-31,76.0,Nurturing
LEAD100420,CUST10550,REP1008,Email,2026-05-06,22.0,Low Priority
LEAD100421,CUST10822,REP1006,Email,2026-06-20,76.0,Nurturing
LEAD100422,CUST10458,REP1002,Email,2026-01-10,88.0,Qualified
LEAD100423,CUST10594,REP1017,Referral,2026-06-13,94.0,Qualified
LEAD100424,CUST10588,REP1021,Referral,2026-05-11,26.0,Low Priority
LEAD100425,CUST10342,REP1016,Partner,2026-03-11,38.0,Low Priority
LEAD100426,CUST10666,REP1012,Partner,2026-03-23,23.0,Low Priority
LEAD100427,CUST10881,REP1024,Referral,2026-03-21,94.0,Qualified
LEAD100428,CUST10025,REP1020,Partner,2026-01-29,42.0,New
LEAD100429,CUST10158,REP1028,Partner,2026-02-11,63.0,Nurturing
LEAD100430,CUST11011,REP1011,Referral,2026-02-23,58.0,New
LEAD100431,CUST10684,REP1008,Email,2026-01-02,75.0,Nurturing
LEAD100432,CUST11169,REP1014,Referral,2026-04-01,92.0,Qualified
LEAD100433,CUST10726,REP1016,Referral,2026-03-28,46.0,New
LEAD100434,CUST10785,REP1014,Partner,2026-03-01,83.0,Qualified
LEAD100435,CUST11079,REP1025,Website,2026-02-01,43.0,New
LEAD100436,CUST10793,REP1002,Email,2026-06-25,36.0,Low Priority
LEAD100437,CUST10396,REP1016,Email,2026-05-03,28.0,Low Priority
LEAD100438,CUST10634,REP1013,Event,2026-03-27,50.0,New
LEAD100439,CUST10283,REP1007,Referral,2026-05-11,65.0,Nurturing
LEAD100440,CUST10402,REP1020,Partner,2026-03-09,83.0,Qualified
LEAD100441,CUST10817,REP1025,Partner,2026-02-09,88.0,Qualified
LEAD100442,CUST10179,REP1017,Email,2026-05-02,62.0,Nurturing
LEAD100443,CUST10807,REP1003,Email,2026-05-20,53.0,New
LEAD100444,CUST10701,REP1003,Event,2026-04-28,34.0,Low Priority
LEAD100445,CUST10371,REP1013,Event,2026-04-13,94.0,Qualified
LEAD100446,CUST10054,REP1021,Website,2026-01-01,52.0,New
LEAD100447,CUST10846,REP1010,Referral,2026-04-26,81.0,Qualified
LEAD100448,CUST10990,REP1010,Email,2026-04-22,70.0,Nurturing
LEAD100449,CUST10877,REP1026,Partner,2026-03-16,95.0,Qualified
LEAD100450,CUST10506,REP1001,Partner,2026-02-14,98.0,Qualified
LEAD100451,CUST10785,REP1003,Website,2026-06-27,77.0,Nurturing
LEAD100452,CUST10498,REP1005,Partner,2026-03-09,73.0,Nurturing
LEAD100453,CUST10430,REP1030,Email,2026-02-19,31.0,Low Priority
LEAD100454,CUST10393,REP1015,Website,2026-05-08,21.0,Low Priority
LEAD100455,CUST10254,REP1005,Partner,2026-03-29,64.0,Nurturing
LEAD100456,CUST11164,REP1010,Event,2026-04-11,77.0,Nurturing
LEAD100457,CUST10800,REP1030,Partner,2026-04-28,80.0,Qualified
LEAD100458,CUST10210,REP1021,Event,2026-03-08,40.0,New
LEAD100459,CUST11039,REP1007,Referral,2026-01-28,60.0,Nurturing
LEAD100460,CUST10182,REP1008,Website,2026-01-31,89.0,Qualified
LEAD100461,CUST10713,REP1003,Email,2026-06-20,27.0,Low Priority
LEAD100462,CUST10199,REP1024,Referral,2026-04-02,51.0,New
LEAD100463,CUST10434,REP1005,Website,2026-03-17,96.0,Qualified
LEAD100464,CUST10791,REP1009,Website,2026-02-27,36.0,Low Priority
LEAD100465,CUST11199,REP1011,Event,2026-05-11,45.0,New
LEAD100466,CUST11191,REP1019,Email,2026-06-15,57.0,New
LEAD100467,CUST11075,REP1019,Referral,2026-05-20,75.0,Nurturing
LEAD100468,CUST10283,REP1024,Partner,2026-04-07,40.0,New
LEAD100469,CUST10113,REP1009,Referral,2026-03-28,84.0,Qualified
LEAD100470,CUST11087,REP1012,Website,2026-06-06,39.0,Low Priority
LEAD100471,CUST11108,REP1012,Event,2026-06-04,49.0,New
LEAD100472,CUST10335,REP1002,Event,2026-03-12,66.0,Nurturing
LEAD100473,CUST10024,REP1023,Referral,2026-06-24,20.0,Low Priority
LEAD100474,CUST10778,REP1017,Referral,2026-05-30,82.0,Qualified
LEAD100475,CUST10092,REP1015,Event,2026-06-03,74.0,Nurturing
LEAD100476,CUST10049,REP1030,Partner,2026-01-11,87.0,Qualified
LEAD100477,CUST11125,REP1006,Referral,2026-01-24,42.0,New
LEAD100478,CUST10595,REP1030,Referral,2026-02-23,52.0,New
LEAD100479,CUST10135,REP1021,Partner,2026-05-18,92.0,Qualified
LEAD100480,CUST10786,REP1007,Partner,2026-01-15,25.0,Low Priority
LEAD100481,CUST10444,REP1021,Website,2026-01-16,59.0,New
LEAD100482,CUST10644,REP1023,Partner,2026-01-06,59.0,New
LEAD100483,CUST11079,REP1011,Partner,2026-02-04,56.0,New
LEAD100484,CUST10286,REP1011,Referral,2026-06-16,55.0,New
LEAD100485,CUST10776,REP1026,Referral,2026-05-11,80.0,Qualified
LEAD100486,CUST10995,REP1005,Partner,2026-05-10,35.0,Low Priority
LEAD100487,CUST10509,REP1001,Referral,2026-02-22,92.0,Qualified
LEAD100488,CUST11165,REP1020,Event,2026-04-24,92.0,Qualified
LEAD100489,CUST10538,REP1028,Partner,2026-05-21,34.0,Low Priority
LEAD100490,CUST10552,REP1016,Partner,2026-04-07,98.0,Qualified
LEAD100491,CUST11062,REP1005,Referral,2026-06-04,41.0,New
LEAD100492,CUST10764,REP1017,Event,2026-04-14,24.0,Low Priority
LEAD100493,CUST11043,REP1008,Website,2026-02-28,52.0,New
LEAD100494,CUST10949,REP1025,Partner,2026-04-26,84.0,Qualified
LEAD100495,CUST10855,REP1019,Website,2026-06-20,88.0,Qualified
LEAD100496,CUST10290,REP1011,Email,2026-05-30,72.0,Nurturing
LEAD100497,CUST10479,REP1019,Referral,2026-04-01,85.0,Qualified
LEAD100498,CUST11038,REP1021,Referral,2026-04-19,41.0,New
LEAD100499,CUST10740,REP1021,Website,2026-06-26,91.0,Qualified
LEAD100500,CUST10337,REP1011,Email,2026-05-16,71.0,Nurturing
LEAD100501,CUST10393,REP1018,Referral,2026-04-01,30.0,Low Priority
LEAD100502,CUST10931,REP1002,Referral,2026-02-20,30.0,Low Priority
LEAD100503,CUST10214,REP1013,Event,2026-06-13,41.0,New
LEAD100504,CUST10135,REP1012,Website,2026-06-26,25.0,Low Priority
LEAD100505,CUST10919,REP1017,Partner,2026-01-13,42.0,New
LEAD100506,CUST10347,REP1029,Website,2026-01-06,100.0,Qualified
LEAD100507,CUST10919,REP1029,Website,2026-01-21,39.0,Low Priority
LEAD100508,CUST10641,REP1015,Website,2026-03-11,71.0,Nurturing
LEAD100509,CUST11198,REP1020,Website,2026-01-29,99.0,Qualified
LEAD100510,CUST10630,REP1004,Event,2026-06-09,40.0,New
LEAD100511,CUST11041,REP1015,Partner,2026-06-15,76.0,Nurturing
LEAD100512,CUST11021,REP1021,Event,2026-02-02,56.0,New
LEAD100513,CUST10255,REP1021,Referral,2026-05-31,43.0,New
LEAD100514,CUST11196,REP1029,Email,2026-01-26,96.0,Qualified
LEAD100515,CUST10895,REP1014,Website,2026-05-23,73.0,Nurturing
LEAD100516,CUST10129,REP1028,Website,2026-03-08,55.0,New
LEAD100517,CUST10008,REP1030,Website,2026-01-08,85.0,Qualified
LEAD100518,CUST10326,REP1018,Event,2026-03-19,92.0,Qualified
LEAD100519,CUST10020,REP1003,Email,2026-05-29,83.0,Qualified
LEAD100520,CUST10430,REP1012,Email,2026-06-18,90.0,Qualified
LEAD100521,CUST11196,REP1023,Event,2026-01-22,46.0,New
LEAD100522,CUST10575,REP1018,Referral,2026-06-01,47.0,New
LEAD100523,CUST10029,REP1029,Email,2026-02-23,38.0,Low Priority
LEAD100524,CUST10593,REP1025,Partner,2026-03-26,76.0,Nurturing
LEAD100525,CUST10263,REP1002,Partner,2026-01-20,85.0,Qualified
LEAD100526,CUST11028,REP1026,Email,2026-06-26,73.0,Nurturing
LEAD100527,CUST10109,REP1011,Partner,2026-05-24,68.0,Nurturing
LEAD100528,CUST10925,REP1025,Website,2026-04-27,82.0,Qualified
LEAD100529,CUST10536,REP1016,Website,2026-05-12,34.0,Low Priority
LEAD100530,CUST10023,REP1014,Partner,2026-06-08,49.0,New
LEAD100531,CUST10808,REP1003,Partner,2026-01-26,77.0,Nurturing
LEAD100532,CUST10547,REP1004,Email,2026-02-14,24.0,Low Priority
LEAD100533,CUST10926,REP1018,Partner,2026-01-07,93.0,Qualified
LEAD100534,CUST10742,REP1018,Website,2026-03-30,33.0,Low Priority
LEAD100535,CUST10945,REP1017,Referral,2026-03-31,83.0,Qualified
LEAD100536,CUST10553,REP1005,Partner,2026-01-06,69.0,Nurturing
LEAD100537,CUST10010,REP1016,Event,2026-04-30,88.0,Qualified
LEAD100538,CUST10157,REP1002,Partner,2026-01-02,82.0,Qualified
LEAD100539,CUST10551,REP1005,Email,2026-05-24,61.0,Nurturing
LEAD100540,CUST10477,REP1015,Email,2026-05-08,81.0,Qualified
LEAD100541,CUST10954,REP1019,Referral,2026-05-28,48.0,New
LEAD100542,CUST10494,REP1020,Event,2026-01-22,67.0,Nurturing
LEAD100543,CUST11033,REP1030,Email,2026-06-07,94.0,Qualified
LEAD100544,CUST10226,REP1026,Event,2026-04-10,26.0,Low Priority
LEAD100545,CUST10462,REP1012,Email,2026-06-06,48.0,New
LEAD100546,CUST10908,REP1024,Email,2026-05-06,21.0,Low Priority
LEAD100547,CUST10149,REP1003,Website,2026-04-29,63.0,Nurturing
LEAD100548,CUST10386,REP1026,Partner,2026-01-06,83.0,Qualified
LEAD100549,CUST10903,REP1012,Website,2026-05-06,23.0,Low Priority
LEAD100550,CUST10707,REP1023,Email,2026-03-23,64.0,Nurturing
LEAD100551,CUST10934,REP1030,Email,2026-06-03,53.0,New
LEAD100552,CUST10619,REP1022,Partner,2026-05-04,83.0,Qualified
LEAD100553,CUST11032,REP1028,Referral,2026-01-14,37.0,Low Priority
LEAD100554,CUST11053,REP1001,Website,2026-06-11,33.0,Low Priority
LEAD100555,CUST11170,REP1006,Email,2026-01-12,27.0,Low Priority
LEAD100556,CUST10147,REP1019,Email,2026-02-24,53.0,New
LEAD100557,CUST10710,REP1017,Partner,2026-02-09,59.0,New
LEAD100558,CUST10138,REP1004,Email,2026-06-26,94.0,Qualified
LEAD100559,CUST10275,REP1022,Email,2026-01-28,57.0,New
LEAD100560,CUST10361,REP1002,Partner,2026-06-02,33.0,Low Priority
LEAD100561,CUST10776,REP1030,Website,2026-02-10,76.0,Nurturing
LEAD100562,CUST10518,REP1005,Event,2026-04-28,24.0,Low Priority
LEAD100563,CUST11038,REP1014,Partner,2026-01-17,47.0,New
LEAD100564,CUST10359,REP1025,Email,2026-03-12,72.0,Nurturing
LEAD100565,CUST10741,REP1016,Event,2026-04-23,40.0,New
LEAD100566,CUST10916,REP1023,Referral,2026-05-09,68.0,Nurturing
LEAD100567,CUST11177,REP1022,Email,2026-06-07,56.0,New
LEAD100568,CUST10295,REP1029,Website,2026-05-28,97.0,Qualified
LEAD100569,CUST10881,REP1014,Event,2026-04-04,43.0,New
LEAD100570,CUST10102,REP1030,Website,2026-02-24,93.0,Qualified
LEAD100571,CUST10653,REP1016,Partner,2026-02-17,70.0,Nurturing
LEAD100572,CUST10497,REP1027,Referral,2026-06-29,80.0,Qualified
LEAD100573,CUST11151,REP1022,Website,2026-04-21,33.0,Low Priority
LEAD100574,CUST10929,REP1004,Partner,2026-06-14,21.0,Low Priority
LEAD100575,CUST11113,REP1020,Event,2026-03-20,79.0,Nurturing
LEAD100576,CUST11021,REP1027,Website,2026-03-29,58.0,New
LEAD100577,CUST10493,REP1004,Referral,2026-05-30,45.0,New
LEAD100578,CUST10881,REP1026,Website,2026-05-11,92.0,Qualified
LEAD100579,CUST10037,REP1004,Website,2026-02-06,46.0,New
LEAD100580,CUST10670,REP1027,Referral,2026-04-05,55.0,New
LEAD100581,CUST10057,REP1024,Partner,2026-02-08,78.0,Nurturing
LEAD100582,CUST10870,REP1005,Email,2026-05-18,97.0,Qualified
LEAD100583,CUST11161,REP1022,Email,2026-01-06,92.0,Qualified
LEAD100584,CUST10818,REP1004,Email,2026-05-30,72.0,Nurturing
LEAD100585,CUST11008,REP1018,Email,2026-06-18,28.0,Low Priority
LEAD100586,CUST10282,REP1028,Referral,2026-01-05,28.0,Low Priority
LEAD100587,CUST11193,REP1007,Event,2026-04-25,76.0,Nurturing
LEAD100588,CUST10661,REP1006,Website,2026-01-15,61.0,Nurturing
LEAD100589,CUST10810,REP1013,Email,2026-03-07,30.0,Low Priority
LEAD100590,CUST10925,REP1012,Website,2026-03-02,76.0,Nurturing
LEAD100591,CUST10768,REP1002,Email,2026-04-05,96.0,Qualified
LEAD100592,CUST10381,REP1014,Website,2026-06-16,25.0,Low Priority
LEAD100593,CUST10734,REP1008,Referral,2026-03-25,86.0,Qualified
LEAD100594,CUST10785,REP1004,Referral,2026-03-14,47.0,New
LEAD100595,CUST11029,REP1009,Email,2026-01-17,52.0,New
LEAD100596,CUST10578,REP1001,Website,2026-06-10,78.0,Nurturing
LEAD100597,CUST10603,REP1028,Referral,2026-02-26,39.0,Low Priority
LEAD100598,CUST10604,REP1030,Referral,2026-03-25,32.0,Low Priority
LEAD100599,CUST10138,REP1012,Email,2026-01-17,98.0,Qualified
LEAD100600,CUST10109,REP1027,Event,2026-02-22,48.0,New
LEAD100601,CUST10025,REP1014,Email,2026-04-11,33.0,Low Priority
LEAD100602,CUST10800,REP1028,Partner,2026-06-13,75.0,Nurturing
LEAD100603,CUST10503,REP1006,Referral,2026-03-01,37.0,Low Priority
LEAD100604,CUST11039,REP1009,Event,2026-04-12,61.0,Qualified
LEAD100605,CUST10843,REP1023,Website,2026-06-08,25.0,Low Priority
LEAD100606,CUST10170,REP1007,Website,2026-03-07,61.0,Nurturing
LEAD100607,CUST10121,REP1025,Referral,2026-02-23,52.0,New
LEAD100608,CUST10440,REP1013,Referral,2026-01-09,97.0,Qualified
LEAD100609,CUST11106,REP1013,Partner,2026-06-14,62.0,Nurturing
LEAD100610,CUST10059,REP1014,Event,2026-01-21,94.0,Qualified
LEAD100611,CUST10225,REP1024,Email,2026-02-08,40.0,New
LEAD100612,CUST10036,REP1001,Referral,2026-01-26,58.0,New
LEAD100613,CUST10497,REP1023,Referral,2026-05-09,85.0,Qualified
LEAD100614,CUST11188,REP1024,Email,2026-03-08,32.0,Low Priority
LEAD100615,CUST10821,REP1025,Referral,2026-05-08,95.0,Qualified
LEAD100616,CUST10593,REP1030,Event,2026-04-20,82.0,Qualified
LEAD100617,CUST10174,REP1024,Partner,2026-01-03,74.0,Nurturing
LEAD100618,CUST10427,REP1016,Partner,2026-02-25,39.0,Low Priority
LEAD100619,CUST10630,REP1014,Event,2026-01-01,86.0,Qualified
LEAD100620,CUST10330,REP1012,Referral,2026-01-12,88.0,Qualified
LEAD100621,CUST10847,REP1025,Partner,2026-03-27,43.0,New
LEAD100622,CUST11177,REP1012,Partner,2026-02-17,67.0,Nurturing
LEAD100623,CUST10248,REP1018,Referral,2026-01-17,24.0,Low Priority
LEAD100624,CUST10303,REP1003,Website,2026-03-15,51.0,New
LEAD100625,CUST10152,REP1010,Referral,2026-03-23,32.0,Low Priority
LEAD100626,CUST10871,REP1008,Website,2026-06-29,65.0,Nurturing
LEAD100627,CUST10555,REP1014,Email,2026-04-30,64.0,Nurturing
LEAD100628,CUST10341,REP1016,Website,2026-03-13,63.0,Nurturing
LEAD100629,CUST10264,REP1022,Referral,2026-03-27,74.0,Nurturing
LEAD100630,CUST10085,REP1013,Event,2026-01-17,94.0,Qualified
LEAD100631,CUST10572,REP1005,Partner,2026-03-11,35.0,Low Priority
LEAD100632,CUST10820,REP1017,Email,2026-04-16,37.0,Low Priority
LEAD100633,CUST10283,REP1002,Email,2026-01-04,37.0,Low Priority
LEAD100634,CUST10002,REP1026,Referral,2026-06-16,95.0,Qualified
LEAD100635,CUST10568,REP1024,Email,2026-04-04,27.0,Low Priority
LEAD100636,CUST10811,REP1007,Referral,2026-05-23,22.0,Low Priority
LEAD100637,CUST10414,REP1008,Email,2026-02-19,32.0,Low Priority
LEAD100638,CUST10301,REP1001,Email,2026-06-01,82.0,Qualified
LEAD100639,CUST10186,REP1011,Event,2026-03-08,66.0,Nurturing
LEAD100640,CUST10896,REP1002,Event,2026-06-18,94.0,Qualified
LEAD100641,CUST11034,REP1029,Website,2026-04-05,36.0,Low Priority
LEAD100642,CUST10924,REP1005,Referral,2026-04-26,51.0,New
LEAD100643,CUST10622,REP1020,Partner,2026-02-06,64.0,Nurturing
LEAD100644,CUST10869,REP1018,Referral,2026-06-30,25.0,Low Priority
LEAD100645,CUST10477,REP1008,Email,2026-02-04,94.0,Qualified
LEAD100646,CUST10030,REP1025,Event,2026-01-07,85.0,Qualified
LEAD100647,CUST10442,REP1004,Referral,2026-03-21,31.0,Low Priority
LEAD100648,CUST10845,REP1027,Event,2026-06-01,88.0,Qualified
LEAD100649,CUST10777,REP1023,Event,2026-06-16,56.0,New
LEAD100650,CUST11189,REP1020,Event,2026-06-05,47.0,New
LEAD100651,CUST11197,REP1027,Website,2026-04-11,96.0,Qualified
LEAD100652,CUST10292,REP1013,Referral,2026-06-15,62.0,Nurturing
LEAD100653,CUST10012,REP1009,Website,2026-03-31,38.0,Low Priority
LEAD100654,CUST10330,REP1005,Website,2026-03-28,85.0,Qualified
LEAD100655,CUST11052,REP1028,Website,2026-02-02,77.0,Nurturing
LEAD100656,CUST10977,REP1013,Partner,2026-05-23,35.0,Low Priority
LEAD100657,CUST10119,REP1025,Website,2026-02-27,74.0,Nurturing
LEAD100658,CUST10193,REP1010,Referral,2026-02-05,70.0,Nurturing
LEAD100659,CUST10677,REP1029,Event,2026-03-08,42.0,New
LEAD100660,CUST10793,REP1027,Event,2026-04-20,54.0,New
LEAD100661,CUST11179,REP1010,Event,2026-02-18,87.0,Qualified
LEAD100662,CUST10907,REP1015,Website,2026-03-06,34.0,Low Priority
LEAD100663,CUST10255,REP1024,Email,2026-03-01,78.0,Nurturing
LEAD100664,CUST10045,REP1007,Email,2026-04-18,87.0,Qualified
LEAD100665,CUST10761,REP1001,Website,2026-05-10,95.0,Qualified
LEAD100666,CUST10665,REP1009,Event,2026-05-03,46.0,New
LEAD100667,CUST11107,REP1018,Partner,2026-01-26,41.0,New
LEAD100668,CUST10692,REP1005,Event,2026-03-04,95.0,Qualified
LEAD100669,CUST10602,REP1011,Website,2026-04-28,57.0,New
LEAD100670,CUST10365,REP1028,Email,2026-02-09,66.0,Nurturing
LEAD100671,CUST10104,REP1003,Website,2026-01-13,61.0,Nurturing
LEAD100672,CUST11052,REP1002,Event,2026-02-28,61.0,Nurturing
LEAD100673,CUST10992,REP1013,Email,2026-05-03,70.0,Nurturing
LEAD100674,CUST10196,REP1001,Website,2026-05-01,54.0,New
LEAD100675,CUST10845,REP1001,Referral,2026-01-24,51.0,New
LEAD100676,CUST10438,REP1006,Referral,2026-05-03,52.0,New
LEAD100677,CUST10525,REP1004,Website,2026-02-05,73.0,Nurturing
LEAD100678,CUST11019,REP1025,Website,2026-05-15,86.0,Qualified
LEAD100679,CUST11011,REP1004,Event,2026-04-13,64.0,Nurturing
LEAD100680,CUST10229,REP1016,Event,2026-01-23,74.0,Nurturing
LEAD100681,CUST10370,REP1022,Partner,2026-03-05,53.0,New
LEAD100682,CUST10986,REP1019,Event,2026-05-29,82.0,Qualified
LEAD100683,CUST11101,REP1020,Email,2026-03-20,51.0,New
LEAD100684,CUST10095,REP1011,Website,2026-05-05,54.0,New
LEAD100685,CUST11001,REP1027,Email,2026-05-16,24.0,Low Priority
LEAD100686,CUST10588,REP1003,Website,2026-01-06,41.0,New
LEAD100687,CUST10709,REP1004,Event,2026-06-18,79.0,Nurturing
LEAD100688,CUST10091,REP1026,Referral,2026-03-02,27.0,Low Priority
LEAD100689,CUST10817,REP1003,Website,2026-05-24,38.0,Low Priority
LEAD100690,CUST10814,REP1006,Referral,2026-03-26,82.0,Qualified
LEAD100691,CUST10796,REP1006,Email,2026-04-15,90.0,Qualified
LEAD100692,CUST10949,REP1001,Event,2026-03-07,53.0,New
LEAD100693,CUST11136,REP1004,Partner,2026-06-04,52.0,New
LEAD100694,CUST11020,REP1018,Website,2026-01-22,61.0,Nurturing
LEAD100695,CUST10894,REP1020,Event,2026-06-12,82.0,Qualified
LEAD100696,CUST11178,REP1003,Email,2026-02-07,58.0,New
LEAD100697,CUST10810,REP1029,Partner,2026-06-09,34.0,Low Priority
LEAD100698,CUST10807,REP1003,Partner,2026-01-05,54.0,New
LEAD100699,CUST10651,REP1021,Event,2026-01-03,40.0,New
LEAD100700,CUST10923,REP1025,Referral,2026-01-17,75.0,Nurturing
LEAD100701,CUST10086,REP1016,Website,2026-04-10,31.0,Low Priority
LEAD100702,CUST10607,REP1015,Website,2026-02-18,69.0,Nurturing
LEAD100703,CUST10511,REP1004,Email,2026-04-19,30.0,Low Priority
LEAD100704,CUST11096,REP1008,Event,2026-05-29,98.0,Qualified
LEAD100705,CUST10088,REP1026,Email,2026-01-05,71.0,Nurturing
LEAD100706,CUST10773,REP1011,Email,2026-04-06,31.0,Low Priority
LEAD100707,CUST10222,REP1002,Referral,2026-05-14,97.0,Qualified
LEAD100708,CUST11061,REP1022,Partner,2026-03-18,66.0,Nurturing
LEAD100709,CUST11023,REP1021,Website,2026-06-17,69.0,Nurturing
LEAD100710,CUST10283,REP1002,Referral,2026-04-30,25.0,Low Priority
LEAD100711,CUST11047,REP1002,Email,2026-01-07,35.0,Low Priority
LEAD100712,CUST10597,REP1004,Event,2026-04-09,85.0,Qualified
LEAD100713,CUST11166,REP1002,Event,2026-03-11,57.0,New
LEAD100714,CUST10876,REP1019,Event,2026-01-24,69.0,Nurturing
LEAD100715,CUST10042,REP1004,Website,2026-06-22,99.0,Qualified
LEAD100716,CUST10244,REP1019,Event,2026-02-10,54.0,New
LEAD100717,CUST10485,REP1006,Referral,2026-01-16,50.0,New
LEAD100718,CUST10254,REP1030,Email,2026-02-10,84.0,Qualified
LEAD100719,CUST10159,REP1022,Event,2026-05-29,25.0,Low Priority
LEAD100720,CUST11174,REP1012,Event,2026-04-19,56.0,New
LEAD100721,CUST11043,REP1013,Email,2026-05-29,89.0,Qualified
LEAD100722,CUST10522,REP1002,Referral,2026-03-25,38.0,Low Priority
LEAD100723,CUST10259,REP1002,Partner,2026-01-22,44.0,New
LEAD100724,CUST10219,REP1017,Email,2026-03-12,58.0,New
LEAD100725,CUST11099,REP1001,Partner,2026-02-06,26.0,Low Priority
LEAD100726,CUST10398,REP1020,Partner,2026-04-11,25.0,Low Priority
LEAD100727,CUST10016,REP1012,Partner,2026-02-18,40.0,New
LEAD100728,CUST10477,REP1005,Partner,2026-06-25,92.0,Qualified
LEAD100729,CUST10546,REP1017,Website,2026-03-10,37.0,Low Priority
LEAD100730,CUST10748,REP1017,Event,2026-02-26,79.0,Nurturing
LEAD100731,CUST10407,REP1023,Website,2026-06-28,54.0,New
LEAD100732,CUST11108,REP1006,Event,2026-04-05,81.0,Qualified
LEAD100733,CUST10773,REP1017,Website,2026-01-31,46.0,New
LEAD100734,CUST11184,REP1026,Partner,2026-03-28,90.0,Qualified
LEAD100735,CUST10441,REP1009,Partner,2026-02-16,50.0,New
LEAD100736,CUST10783,REP1026,Partner,2026-05-10,84.0,Qualified
LEAD100737,CUST10439,REP1022,Partner,2026-04-14,87.0,Qualified
LEAD100738,CUST10840,REP1013,Event,2026-05-13,54.0,New
LEAD100739,CUST10895,REP1027,Website,2026-06-20,74.0,Nurturing
LEAD100740,CUST10387,REP1030,Event,2026-05-12,29.0,Low Priority
LEAD100741,CUST11126,REP1008,Email,2026-03-03,60.0,Nurturing
LEAD100742,CUST11029,REP1030,Email,2026-02-06,50.0,New
LEAD100743,CUST11074,REP1001,Website,2026-04-06,97.0,Qualified
LEAD100744,CUST10262,REP1004,Website,2026-03-23,95.0,Qualified
LEAD100745,CUST10862,REP1002,Referral,2026-02-26,83.0,Qualified
LEAD100746,CUST10128,REP1012,Referral,2026-05-27,96.0,Qualified
LEAD100747,CUST10127,REP1029,Email,2026-06-14,99.0,Qualified
LEAD100748,CUST11168,REP1019,Event,2026-03-11,82.0,Qualified
LEAD100749,CUST10184,REP1019,Partner,2026-05-04,68.0,Nurturing
LEAD100750,CUST11037,REP1003,Email,2026-06-28,36.0,Low Priority
LEAD100751,CUST10517,REP1016,Website,2026-01-03,86.0,Qualified
LEAD100752,CUST10365,REP1012,Email,2026-03-08,35.0,Low Priority
LEAD100753,CUST10089,REP1015,Website,2026-05-14,35.0,Low Priority
LEAD100754,CUST10811,REP1008,Email,2026-04-01,91.0,Qualified
LEAD100755,CUST10866,REP1007,Referral,2026-05-24,29.0,Low Priority
LEAD100756,CUST10561,REP1029,Partner,2026-03-27,31.0,Low Priority
LEAD100757,CUST10972,REP1017,Referral,2026-01-12,61.0,Nurturing
LEAD100758,CUST10388,REP1013,Partner,2026-03-20,67.0,Nurturing
LEAD100759,CUST10663,REP1003,Event,2026-03-15,23.0,Low Priority
LEAD100760,CUST10345,REP1023,Event,2026-06-03,50.0,New
LEAD100761,CUST10699,REP1015,Referral,2026-01-27,38.0,Low Priority
LEAD100762,CUST10164,REP1012,Referral,2026-01-29,44.0,New
LEAD100763,CUST10572,REP1021,Partner,2026-01-26,34.0,Low Priority
LEAD100764,CUST10660,REP1004,Email,2026-04-13,74.0,Nurturing
LEAD100765,CUST10668,REP1016,Website,2026-06-30,58.0,New
LEAD100766,CUST10536,REP1026,Email,2026-04-22,97.0,Qualified
LEAD100767,CUST10773,REP1014,Event,2026-05-28,20.0,Low Priority
LEAD100768,CUST10615,REP1001,Event,2026-06-04,82.0,Qualified
LEAD100769,CUST10340,REP1007,Partner,2026-04-19,93.0,Qualified
LEAD100770,CUST10259,REP1002,Referral,2026-04-21,59.0,New
LEAD100771,CUST10778,REP1016,Referral,2026-02-13,76.0,Nurturing
LEAD100772,CUST11127,REP1011,Email,2026-06-23,55.0,New
LEAD100773,CUST10904,REP1004,Partner,2026-05-23,68.0,Nurturing
LEAD100774,CUST10767,REP1021,Website,2026-06-07,93.0,Qualified
LEAD100775,CUST11106,REP1006,Email,2026-06-28,62.0,Nurturing
LEAD100776,CUST11080,REP1011,Website,2026-03-05,66.0,Nurturing
LEAD100777,CUST10608,REP1030,Event,2026-01-27,99.0,Qualified
LEAD100778,CUST10132,REP1002,Partner,2026-06-05,60.0,Nurturing
LEAD100779,CUST10762,REP1008,Referral,2026-03-27,34.0,Low Priority
LEAD100780,CUST10748,REP1010,Website,2026-06-23,75.0,Nurturing
LEAD100781,CUST10333,REP1016,Website,2026-05-06,76.0,Nurturing
LEAD100782,CUST11020,REP1008,Event,2026-02-16,39.0,Low Priority
LEAD100783,CUST11044,REP1030,Partner,2026-03-06,79.0,Nurturing
LEAD100784,CUST10398,REP1001,Event,2026-04-21,25.0,Low Priority
LEAD100785,CUST10573,REP1029,Event,2026-03-13,45.0,New
LEAD100786,CUST10235,REP1017,Website,2026-02-21,89.0,Qualified
LEAD100787,CUST10215,REP1002,Referral,2026-02-07,70.0,Nurturing
LEAD100788,CUST10319,REP1004,Event,2026-04-28,69.0,Nurturing
LEAD100789,CUST10439,REP1004,Partner,2026-01-07,70.0,Nurturing
LEAD100790,CUST10328,REP1009,Partner,2026-01-17,33.0,Low Priority
LEAD100791,CUST10182,REP1010,Partner,2026-01-08,97.0,Qualified
LEAD100792,CUST10537,REP1020,Email,2026-05-13,44.0,New
LEAD100793,CUST10749,REP1010,Event,2026-01-06,83.0,Qualified
LEAD100794,CUST10392,REP1022,Event,2026-03-17,100.0,Qualified
LEAD100795,CUST10641,REP1009,Email,2026-01-22,39.0,Low Priority
LEAD100796,CUST10326,REP1008,Partner,2026-04-17,71.0,Nurturing
LEAD100797,CUST10845,REP1009,Referral,2026-01-07,23.0,Low Priority
LEAD100798,CUST10779,REP1010,Website,2026-01-05,71.0,Nurturing
LEAD100799,CUST11153,REP1026,Email,2026-03-16,55.0,New
LEAD100800,CUST10064,REP1008,Website,2026-05-06,25.0,Low Priority
LEAD100801,CUST11024,REP1009,Email,2026-01-20,74.0,Nurturing
LEAD100802,CUST10409,REP1029,Partner,2026-03-31,98.0,Qualified
LEAD100803,CUST10080,REP1020,Email,2026-05-27,26.0,Low Priority
LEAD100804,CUST10828,REP1006,Event,2026-04-24,92.0,Qualified
LEAD100805,CUST10207,REP1027,Partner,2026-05-16,88.0,Qualified
LEAD100806,CUST10212,REP1006,Partner,2026-02-27,64.0,Nurturing
LEAD100807,CUST11176,REP1005,Partner,2026-06-20,93.0,Qualified
LEAD100808,CUST10266,REP1014,Referral,2026-01-27,45.0,New
LEAD100809,CUST10657,REP1021,Website,2026-04-20,78.0,Nurturing
LEAD100810,CUST10241,REP1006,Website,2026-03-20,76.0,Nurturing
LEAD100811,CUST10149,REP1023,Email,2026-01-06,67.0,Nurturing
LEAD100812,CUST10002,REP1005,Event,2026-06-20,87.0,Qualified
LEAD100813,CUST10020,REP1024,Website,2026-05-08,90.0,Qualified
LEAD100814,CUST10569,REP1003,Referral,2026-02-11,83.0,Qualified
LEAD100815,CUST10521,REP1014,Email,2026-01-10,67.0,Nurturing
LEAD100816,CUST10047,REP1020,Email,2026-05-03,99.0,Qualified
LEAD100817,CUST10420,REP1008,Email,2026-04-09,65.0,Nurturing
LEAD100818,CUST10328,REP1019,Email,2026-01-10,71.0,Nurturing
LEAD100819,CUST10686,REP1021,Website,2026-06-28,35.0,Low Priority
LEAD100820,CUST11194,REP1020,Referral,2026-05-10,46.0,New
LEAD100821,CUST10830,REP1012,Partner,2026-03-25,93.0,Qualified
LEAD100822,CUST11103,REP1024,Website,2026-02-13,60.0,Nurturing
LEAD100823,CUST10231,REP1022,Referral,2026-02-19,61.0,Nurturing
LEAD100824,CUST10259,REP1010,Referral,2026-03-23,86.0,Qualified
LEAD100825,CUST10901,REP1023,Event,2026-01-11,46.0,New
LEAD100826,CUST10373,REP1028,Referral,2026-03-08,41.0,New
LEAD100827,CUST11019,REP1025,Event,2026-02-09,20.0,Low Priority
LEAD100828,CUST10557,REP1022,Email,2026-01-21,38.0,Low Priority
LEAD100829,CUST10241,REP1023,Email,2026-01-23,61.0,Nurturing
LEAD100830,CUST11014,REP1025,Event,2026-03-04,78.0,Nurturing
LEAD100831,CUST10661,REP1009,Event,2026-03-11,46.0,New
LEAD100832,CUST10964,REP1022,Referral,2026-03-05,55.0,New
LEAD100833,CUST10543,REP1006,Partner,2026-05-05,37.0,Low Priority
LEAD100834,CUST10152,REP1011,Partner,2026-04-05,86.0,Qualified
LEAD100835,CUST10818,REP1029,Event,2026-02-04,62.0,Nurturing
LEAD100836,CUST10150,REP1009,Website,2026-06-25,31.0,Low Priority
LEAD100837,CUST10796,REP1026,Partner,2026-05-13,69.0,Nurturing
LEAD100838,CUST10501,REP1013,Referral,2026-03-27,47.0,New
LEAD100839,CUST10950,REP1007,Referral,2026-01-09,90.0,Qualified
LEAD100840,CUST11045,REP1003,Email,2026-06-15,41.0,New
LEAD100841,CUST10489,REP1017,Referral,2026-05-15,90.0,Qualified
LEAD100842,CUST11059,REP1014,Email,2026-03-25,76.0,Nurturing
LEAD100843,CUST10134,REP1016,Event,2026-01-30,30.0,Low Priority
LEAD100844,CUST10129,REP1002,Email,2026-01-20,81.0,Qualified
LEAD100845,CUST11193,REP1009,Website,2026-02-22,78.0,Nurturing
LEAD100846,CUST10690,REP1001,Website,2026-02-11,56.0,New
LEAD100847,CUST10541,REP1010,Partner,2026-02-07,33.0,Low Priority
LEAD100848,CUST10187,REP1028,Partner,2026-03-15,58.0,New
LEAD100849,CUST10347,REP1005,Email,2026-01-09,69.0,Nurturing
LEAD100850,CUST10824,REP1021,Partner,2026-02-28,30.0,Low Priority
LEAD100851,CUST10987,REP1001,Website,2026-06-07,47.0,New
LEAD100852,CUST11100,REP1017,Event,2026-06-06,76.0,Nurturing
LEAD100853,CUST10490,REP1028,Event,2026-01-02,64.0,Nurturing
LEAD100854,CUST10546,REP1011,Email,2026-05-03,100.0,Qualified
LEAD100855,CUST10196,REP1006,Email,2026-06-29,37.0,Low Priority
LEAD100856,CUST10100,REP1018,Event,2026-04-15,83.0,Qualified
LEAD100857,CUST10526,REP1009,Partner,2026-03-12,54.0,New
LEAD100858,CUST10696,REP1027,Website,2026-03-30,38.0,Low Priority
LEAD100859,CUST10126,REP1026,Email,2026-02-08,97.0,Qualified
LEAD100860,CUST10491,REP1020,Partner,2026-03-13,70.0,Nurturing
LEAD100861,CUST10770,REP1020,Email,2026-06-19,63.0,Nurturing
LEAD100862,CUST10974,REP1019,Email,2026-04-21,43.0,New
LEAD100863,CUST11127,REP1023,Partner,2026-03-19,91.0,Qualified
LEAD100864,CUST10409,REP1014,Referral,2026-01-23,22.0,Low Priority
LEAD100865,CUST10471,REP1030,Partner,2026-06-14,29.0,Low Priority
LEAD100866,CUST11050,REP1011,Email,2026-01-30,34.0,Low Priority
LEAD100867,CUST10832,REP1001,Email,2026-05-11,72.0,Nurturing
LEAD100868,CUST10329,REP1021,Partner,2026-02-24,28.0,Low Priority
LEAD100869,CUST10823,REP1020,Partner,2026-02-20,84.0,Qualified
LEAD100870,CUST10190,REP1030,Event,2026-01-31,35.0,Low Priority
LEAD100871,CUST10539,REP1012,Referral,2026-03-09,74.0,Nurturing
LEAD100872,CUST10368,REP1013,Website,2026-05-03,84.0,Qualified
LEAD100873,CUST11192,REP1017,Email,2026-03-17,91.0,Qualified
LEAD100874,CUST10042,REP1012,Event,2026-01-05,43.0,New
LEAD100875,CUST11029,REP1024,Email,2026-02-17,26.0,Low Priority
LEAD100876,CUST10338,REP1013,Partner,2026-01-29,81.0,Qualified
LEAD100877,CUST10044,REP1024,Referral,2026-03-14,56.0,New
LEAD100878,CUST10793,REP1013,Partner,2026-06-13,96.0,Qualified
LEAD100879,CUST10814,REP1007,Website,2026-06-24,35.0,Low Priority
LEAD100880,CUST10171,REP1030,Partner,2026-06-30,66.0,Nurturing
LEAD100881,CUST10046,REP1016,Referral,2026-01-21,29.0,Low Priority
LEAD100882,CUST10134,REP1022,Referral,2026-03-30,59.0,New
LEAD100883,CUST10491,REP1018,Partner,2026-01-09,20.0,Low Priority
LEAD100884,CUST10159,REP1011,Event,2026-03-31,80.0,Qualified
LEAD100885,CUST10844,REP1030,Referral,2026-04-15,68.0,Nurturing
LEAD100886,CUST10094,REP1012,Event,2026-05-20,27.0,Low Priority
LEAD100887,CUST10947,REP1030,Partner,2026-03-02,60.0,Nurturing
LEAD100888,CUST11050,REP1013,Event,2026-01-07,54.0,New
LEAD100889,CUST10861,REP1001,Referral,2026-03-24,74.0,Nurturing
LEAD100890,CUST11133,REP1002,Event,2026-03-19,60.0,Nurturing
LEAD100891,CUST11128,REP1030,Email,2026-04-23,57.0,New
LEAD100892,CUST10056,REP1016,Email,2026-01-19,87.0,Qualified
LEAD100893,CUST10411,REP1012,Partner,2026-04-21,62.0,Nurturing
LEAD100894,CUST10913,REP1025,Partner,2026-03-14,85.0,Qualified
LEAD100895,CUST10408,REP1019,Partner,2026-05-14,91.0,Qualified
LEAD100896,CUST10885,REP1020,Event,2026-06-28,88.0,Qualified
LEAD100897,CUST10930,REP1021,Email,2026-02-11,97.0,Qualified
LEAD100898,CUST11197,REP1006,Website,2026-05-17,76.0,Nurturing
LEAD100899,CUST10396,REP1003,Email,2026-01-24,65.0,Nurturing
LEAD100900,CUST10418,REP1022,Event,2026-06-28,62.0,Nurturing
LEAD100901,CUST10030,REP1001,Email,2026-03-29,36.0,Low Priority
LEAD100902,CUST10343,REP1022,Partner,2026-05-16,87.0,Qualified
LEAD100903,CUST10337,REP1004,Referral,2026-05-21,76.0,Nurturing
LEAD100904,CUST10544,REP1008,Email,2026-04-21,90.0,Qualified
LEAD100905,CUST10506,REP1022,Email,2026-03-11,76.0,Nurturing
LEAD100906,CUST11028,REP1019,Referral,2026-05-17,58.0,New
LEAD100907,CUST10929,REP1024,Partner,2026-03-28,43.0,New
LEAD100908,CUST10875,REP1019,Referral,2026-04-30,99.0,Qualified
LEAD100909,CUST10007,REP1002,Website,2026-04-21,79.0,Nurturing
LEAD100910,CUST10566,REP1026,Website,2026-03-25,90.0,Qualified
LEAD100911,CUST10876,REP1007,Website,2026-01-22,67.0,Nurturing
LEAD100912,CUST10294,REP1005,Partner,2026-02-22,61.0,Nurturing
LEAD100913,CUST10510,REP1027,Partner,2026-06-19,22.0,Low Priority
LEAD100914,CUST10873,REP1006,Partner,2026-04-05,25.0,Low Priority
LEAD100915,CUST10954,REP1017,Event,2026-04-26,77.0,Nurturing
LEAD100916,CUST11026,REP1015,Referral,2026-02-16,38.0,Low Priority
LEAD100917,CUST10516,REP1024,Referral,2026-05-08,26.0,Low Priority
LEAD100918,CUST10480,REP1002,Referral,2026-03-30,82.0,Qualified
LEAD100919,CUST10460,REP1004,Referral,2026-02-09,70.0,Nurturing
LEAD100920,CUST10803,REP1013,Partner,2026-01-27,29.0,Low Priority
LEAD100921,CUST10504,REP1015,Referral,2026-03-13,60.0,Nurturing
LEAD100922,CUST10481,REP1024,Referral,2026-04-13,58.0,New
LEAD100923,CUST10202,REP1019,Email,2026-02-20,20.0,Low Priority
LEAD100924,CUST10575,REP1005,Event,2026-02-14,68.0,Nurturing
LEAD100925,CUST10285,REP1030,Referral,2026-02-18,52.0,New
LEAD100926,CUST10630,REP1014,Website,2026-02-23,91.0,Qualified
LEAD100927,CUST11067,REP1029,Referral,2026-05-14,29.0,Low Priority
LEAD100928,CUST10931,REP1030,Partner,2026-04-01,88.0,Qualified
LEAD100929,CUST10574,REP1002,Event,2026-03-26,20.0,Low Priority
LEAD100930,CUST11174,REP1016,Website,2026-01-30,81.0,Qualified
LEAD100931,CUST11177,REP1013,Website,2026-04-09,83.0,Qualified
LEAD100932,CUST10534,REP1015,Partner,2026-06-24,53.0,New
LEAD100933,CUST10917,REP1010,Event,2026-05-15,42.0,New
LEAD100934,CUST10411,REP1017,Partner,2026-03-22,31.0,Low Priority
LEAD100935,CUST11055,REP1015,Event,2026-02-25,47.0,New
LEAD100936,CUST10449,REP1006,Email,2026-03-05,74.0,Nurturing
LEAD100937,CUST10310,REP1009,Website,2026-01-05,78.0,Nurturing
LEAD100938,CUST10161,REP1005,Partner,2026-01-06,34.0,Low Priority
LEAD100939,CUST11012,REP1026,Email,2026-05-21,20.0,Low Priority
LEAD100940,CUST10357,REP1021,Partner,2026-06-02,65.0,Nurturing
LEAD100941,CUST10976,REP1012,Website,2026-06-25,67.0,Nurturing
LEAD100942,CUST10104,REP1012,Website,2026-04-24,99.0,Qualified
LEAD100943,CUST10602,REP1003,Email,2026-06-18,81.0,Qualified
LEAD100944,CUST10514,REP1009,Partner,2026-03-17,64.0,Nurturing
LEAD100945,CUST10527,REP1028,Partner,2026-02-15,67.0,Nurturing
LEAD100946,CUST10201,REP1001,Referral,2026-02-14,72.0,Nurturing
LEAD100947,CUST10089,REP1005,Referral,2026-02-12,56.0,New
LEAD100948,CUST10416,REP1026,Email,2026-05-15,74.0,Nurturing
LEAD100949,CUST10565,REP1016,Website,2026-01-02,35.0,Low Priority
LEAD100950,CUST10953,REP1001,Partner,2026-06-21,87.0,Qualified
LEAD100951,CUST10555,REP1015,Referral,2026-05-21,89.0,Qualified
LEAD100952,CUST10296,REP1023,Email,2026-03-10,55.0,New
LEAD100953,CUST10315,REP1011,Email,2026-05-08,56.0,New
LEAD100954,CUST10735,REP1012,Partner,2026-01-25,60.0,Nurturing
LEAD100955,CUST10523,REP1019,Referral,2026-03-20,86.0,Qualified
LEAD100956,CUST11082,REP1018,Referral,2026-01-20,34.0,Low Priority
LEAD100957,CUST10528,REP1028,Referral,2026-01-21,47.0,New
LEAD100958,CUST10681,REP1008,Referral,2026-01-02,69.0,Nurturing
LEAD100959,CUST10077,REP1009,Email,2026-05-25,76.0,Nurturing
LEAD100960,CUST10233,REP1005,Website,2026-05-15,43.0,New
LEAD100961,CUST11021,REP1020,Website,2026-06-11,29.0,Low Priority
LEAD100962,CUST10414,REP1017,Partner,2026-06-27,61.0,Nurturing
LEAD100963,CUST10506,REP1011,Referral,2026-06-24,71.0,Nurturing
LEAD100964,CUST10709,REP1021,Event,2026-06-29,82.0,Qualified
LEAD100965,CUST10070,REP1012,Email,2026-01-03,20.0,Low Priority
LEAD100966,CUST10608,REP1006,Email,2026-05-22,21.0,Low Priority
LEAD100967,CUST10416,REP1017,Partner,2026-05-11,51.0,New
LEAD100968,CUST10179,REP1014,Partner,2026-01-30,65.0,Nurturing
LEAD100969,CUST10503,REP1013,Partner,2026-01-25,20.0,Low Priority
LEAD100970,CUST10537,REP1014,Website,2026-06-26,34.0,Low Priority
LEAD100971,CUST10224,REP1028,Partner,2026-06-09,53.0,New
LEAD100972,CUST10652,REP1007,Event,2026-03-01,42.0,New
LEAD100973,CUST10896,REP1009,Referral,2026-01-14,77.0,Nurturing
LEAD100974,CUST10321,REP1017,Website,2026-03-02,22.0,Low Priority
LEAD100975,CUST11160,REP1002,Partner,2026-01-01,91.0,Qualified
LEAD100976,CUST10735,REP1005,Referral,2026-05-05,33.0,Low Priority
LEAD100977,CUST10928,REP1017,Email,2026-03-10,55.0,New
LEAD100978,CUST10085,REP1016,Event,2026-01-09,99.0,Qualified
LEAD100979,CUST10921,REP1020,Event,2026-06-27,73.0,Nurturing
LEAD100980,CUST10404,REP1004,Referral,2026-05-30,100.0,Qualified
LEAD100981,CUST10853,REP1026,Event,2026-06-13,21.0,Low Priority
LEAD100982,CUST10966,REP1015,Website,2026-06-30,78.0,Nurturing
LEAD100983,CUST10301,REP1005,Referral,2026-01-03,26.0,Low Priority
LEAD100984,CUST10312,REP1010,Referral,2026-05-21,69.0,Nurturing
LEAD100985,CUST10072,REP1007,Event,2026-05-23,46.0,New
LEAD100986,CUST10727,REP1014,Email,2026-05-22,82.0,Qualified
LEAD100987,CUST10929,REP1015,Referral,2026-02-17,30.0,Low Priority
LEAD100988,CUST10493,REP1014,Website,2026-03-12,92.0,Qualified
LEAD100989,CUST10194,REP1014,Email,2026-06-18,58.0,New
LEAD100990,CUST10380,REP1028,Email,2026-01-12,62.0,Nurturing
LEAD100991,CUST10484,REP1029,Event,2026-04-27,66.0,Nurturing
LEAD100992,CUST11100,REP1015,Partner,2026-05-24,22.0,Low Priority
LEAD100993,CUST10149,REP1029,Website,2026-05-25,45.0,New
LEAD100994,CUST10412,REP1025,Referral,2026-04-19,77.0,Nurturing
LEAD100995,CUST10766,REP1025,Email,2026-05-19,97.0,Qualified
LEAD100996,CUST10285,REP1007,Referral,2026-06-14,99.0,Qualified
LEAD100997,CUST11062,REP1014,Website,2026-05-19,63.0,Nurturing
LEAD100998,CUST11092,REP1011,Event,2026-01-21,40.0,New
LEAD100999,CUST10457,REP1003,Partner,2026-02-14,58.0,New
LEAD101000,CUST10896,REP1003,Referral,2026-02-25,57.0,New
LEAD101001,CUST10908,REP1019,Partner,2026-03-04,52.0,New
LEAD101002,CUST10819,REP1013,Email,2026-03-07,49.0,New
LEAD101003,CUST10224,REP1025,Website,2026-02-09,90.0,Qualified
LEAD101004,CUST10060,REP1021,Partner,2026-05-04,51.0,New
LEAD101005,CUST10417,REP1003,Referral,2026-01-20,22.0,Low Priority
LEAD101006,CUST10158,REP1026,Website,2026-05-23,78.0,Nurturing
LEAD101007,CUST10351,REP1015,Website,2026-04-30,73.0,Nurturing
LEAD101008,CUST10767,REP1017,Partner,2026-06-23,50.0,New
LEAD101009,CUST10707,REP1029,Partner,2026-01-02,71.0,Nurturing
LEAD101010,CUST10252,REP1020,Partner,2026-02-23,96.0,Qualified
LEAD101011,CUST10022,REP1001,Email,2026-06-12,94.0,Qualified
LEAD101012,CUST10271,REP1006,Partner,2026-03-31,83.0,Qualified
LEAD101013,CUST10546,REP1013,Partner,2026-04-12,67.0,Nurturing
LEAD101014,CUST10935,REP1002,Event,2026-01-06,22.0,Low Priority
LEAD101015,CUST10439,REP1006,Email,2026-05-18,61.0,Nurturing
LEAD101016,CUST10344,REP1024,Event,2026-02-15,86.0,Qualified
LEAD101017,CUST10662,REP1005,Referral,2026-06-24,88.0,Qualified
LEAD101018,CUST10086,REP1006,Email,2026-03-09,82.0,Qualified
LEAD101019,CUST10271,REP1016,Email,2026-02-04,99.0,Qualified
LEAD101020,CUST10044,REP1003,Partner,2026-04-18,61.0,Nurturing
LEAD101021,CUST10631,REP1008,Website,2026-03-28,28.0,Low Priority
LEAD101022,CUST10532,REP1029,Partner,2026-03-27,60.0,Nurturing
LEAD101023,CUST10700,REP1019,Event,2026-06-21,45.0,New
LEAD101024,CUST10741,REP1029,Email,2026-03-07,87.0,Qualified
LEAD101025,CUST10475,REP1011,Website,2026-03-13,82.0,Qualified
LEAD101026,CUST11043,REP1019,Referral,2026-04-23,54.0,New
LEAD101027,CUST11102,REP1008,Partner,2026-01-31,51.0,New
LEAD101028,CUST10133,REP1012,Event,2026-05-30,32.0,Low Priority
LEAD101029,CUST11105,REP1006,Partner,2026-02-11,23.0,Low Priority
LEAD101030,CUST10237,REP1025,Event,2026-02-13,45.0,New
LEAD101031,CUST10299,REP1006,Email,2026-01-02,39.0,Low Priority
LEAD101032,CUST10636,REP1007,Referral,2026-03-04,41.0,New
LEAD101033,CUST10036,REP1014,Website,2026-04-16,100.0,Qualified
LEAD101034,CUST10437,REP1013,Event,2026-05-08,75.0,Nurturing
LEAD101035,CUST10234,REP1010,Partner,2026-06-12,64.0,Nurturing
LEAD101036,CUST10580,REP1011,Event,2026-05-21,34.0,Low Priority
LEAD101037,CUST10978,REP1009,Event,2026-02-28,88.0,Qualified
LEAD101038,CUST11109,REP1028,Partner,2026-05-30,72.0,Nurturing
LEAD101039,CUST10255,REP1018,Website,2026-02-05,61.0,Nurturing
LEAD101040,CUST10654,REP1028,Event,2026-02-07,57.0,New
LEAD101041,CUST10570,REP1030,Partner,2026-03-06,64.0,Nurturing
LEAD101042,CUST10499,REP1020,Website,2026-04-08,88.0,Qualified
LEAD101043,CUST10760,REP1025,Partner,2026-02-06,78.0,Nurturing
LEAD101044,CUST11188,REP1004,Website,2026-06-12,59.0,New
LEAD101045,CUST10487,REP1029,Referral,2026-02-18,74.0,Nurturing
LEAD101046,CUST10079,REP1015,Referral,2026-03-12,95.0,Qualified
LEAD101047,CUST11100,REP1022,Partner,2026-04-20,46.0,New
LEAD101048,CUST11119,REP1008,Partner,2026-03-19,92.0,Qualified
LEAD101049,CUST10387,REP1003,Event,2026-03-15,69.0,Nurturing
LEAD101050,CUST10602,REP1027,Referral,2026-06-28,35.0,Low Priority
LEAD101051,CUST11036,REP1014,Email,2026-03-20,98.0,Qualified
LEAD101052,CUST10605,REP1005,Event,2026-01-21,75.0,Nurturing
LEAD101053,CUST10578,REP1020,Email,2026-05-13,51.0,New
LEAD101054,CUST11107,REP1002,Referral,2026-05-08,37.0,Low Priority
LEAD101055,CUST10995,REP1014,Email,2026-02-09,94.0,Qualified
LEAD101056,CUST10609,REP1022,Referral,2026-06-03,86.0,Qualified
LEAD101057,CUST10194,REP1022,Partner,2026-03-12,23.0,Low Priority
LEAD101058,CUST10527,REP1014,Email,2026-01-28,71.0,Nurturing
LEAD101059,CUST10812,REP1012,Referral,2026-02-01,29.0,Low Priority
LEAD101060,CUST10327,REP1026,Website,2026-05-10,43.0,New
LEAD101061,CUST10645,REP1006,Event,2026-02-09,66.0,Nurturing
LEAD101062,CUST10791,REP1003,Email,2026-03-27,40.0,New
LEAD101063,CUST10103,REP1005,Website,2026-05-13,61.0,Nurturing
LEAD101064,CUST10684,REP1025,Referral,2026-06-04,54.0,New
LEAD101065,CUST10886,REP1015,Referral,2026-03-30,67.0,Nurturing
LEAD101066,CUST10258,REP1002,Event,2026-06-14,84.0,Qualified
LEAD101067,CUST10659,REP1006,Event,2026-02-24,32.0,Low Priority
LEAD101068,CUST10852,REP1001,Email,2026-06-07,84.0,Qualified
LEAD101069,CUST10054,REP1025,Partner,2026-02-15,38.0,Low Priority
LEAD101070,CUST10773,REP1014,Website,2026-01-12,22.0,Low Priority
LEAD101071,CUST10312,REP1003,Referral,2026-05-12,56.0,New
LEAD101072,CUST10477,REP1007,Website,2026-05-17,44.0,New
LEAD101073,CUST10778,REP1019,Email,2026-06-17,34.0,Low Priority
LEAD101074,CUST10006,REP1018,Website,2026-06-16,54.0,New
LEAD101075,CUST10021,REP1025,Email,2026-01-19,90.0,Qualified
LEAD101076,CUST10536,REP1001,Event,2026-04-23,67.0,Nurturing
LEAD101077,CUST11140,REP1003,Referral,2026-05-08,78.0,Nurturing
LEAD101078,CUST10008,REP1002,Email,2026-04-19,32.0,Low Priority
LEAD101079,CUST10947,REP1012,Event,2026-01-04,26.0,Low Priority
LEAD101080,CUST10090,REP1022,Partner,2026-01-09,47.0,New
LEAD101081,CUST10587,REP1020,Partner,2026-05-02,82.0,Qualified
LEAD101082,CUST10517,REP1007,Referral,2026-06-04,91.0,Qualified
LEAD101083,CUST10562,REP1020,Partner,2026-02-02,28.0,Low Priority
LEAD101084,CUST10099,REP1020,Event,2026-01-09,58.0,New
LEAD101085,CUST10905,REP1006,Email,2026-03-15,52.0,New
LEAD101086,CUST10331,REP1023,Referral,2026-02-26,80.0,Qualified
LEAD101087,CUST10926,REP1013,Partner,2026-06-27,36.0,Low Priority
LEAD101088,CUST10787,REP1002,Email,2026-06-17,59.0,New
LEAD101089,CUST10662,REP1012,Website,2026-04-12,88.0,Qualified
LEAD101090,CUST10371,REP1024,Email,2026-06-21,57.0,New
LEAD101091,CUST10783,REP1021,Referral,2026-02-11,83.0,Qualified
LEAD101092,CUST11198,REP1009,Referral,2026-06-29,70.0,Nurturing
LEAD101093,CUST11108,REP1023,Partner,2026-03-22,68.0,Nurturing
LEAD101094,CUST11100,REP1012,Partner,2026-03-28,41.0,New
LEAD101095,CUST10264,REP1014,Event,2026-01-10,100.0,Qualified
LEAD101096,CUST10703,REP1003,Referral,2026-02-02,40.0,New
LEAD101097,CUST10478,REP1030,Referral,2026-02-05,95.0,Qualified
LEAD101098,CUST11161,REP1026,Referral,2026-03-30,100.0,Qualified
LEAD101099,CUST11141,REP1006,Event,2026-02-04,61.0,Nurturing
LEAD101100,CUST11042,REP1017,Event,2026-01-19,90.0,Qualified
LEAD101101,CUST10196,REP1024,Partner,2026-04-20,77.0,Nurturing
LEAD101102,CUST10383,REP1016,Email,2026-06-07,79.0,Nurturing
LEAD101103,CUST10854,REP1007,Event,2026-01-13,25.0,Low Priority
LEAD101104,CUST10900,REP1030,Event,2026-04-12,31.0,Low Priority
LEAD101105,CUST10421,REP1009,Email,2026-06-23,25.0,Low Priority
LEAD101106,CUST10165,REP1011,Partner,2026-03-15,22.0,Low Priority
LEAD101107,CUST10165,REP1012,Event,2026-02-03,87.0,Qualified
LEAD101108,CUST10822,REP1027,Referral,2026-01-15,34.0,Low Priority
LEAD101109,CUST10546,REP1016,Referral,2026-06-19,20.0,Low Priority
LEAD101110,CUST10590,REP1022,Email,2026-03-15,95.0,Qualified
LEAD101111,CUST10979,REP1028,Website,2026-01-20,42.0,New
LEAD101112,CUST10021,REP1028,Partner,2026-06-06,86.0,Qualified
LEAD101113,CUST10906,REP1026,Event,2026-05-26,97.0,Qualified
LEAD101114,CUST10330,REP1028,Website,2026-05-08,62.0,Nurturing
LEAD101115,CUST11118,REP1029,Event,2026-01-16,95.0,Qualified
LEAD101116,CUST11147,REP1030,Partner,2026-01-15,98.0,Qualified
LEAD101117,CUST10603,REP1020,Event,2026-02-09,31.0,Low Priority
LEAD101118,CUST10379,REP1004,Email,2026-01-29,31.0,Low Priority
LEAD101119,CUST10280,REP1004,Website,2026-04-07,49.0,New
LEAD101120,CUST10218,REP1024,Email,2026-03-13,65.0,Nurturing
LEAD101121,CUST11200,REP1010,Website,2026-05-19,83.0,Qualified
LEAD101122,CUST10226,REP1025,Referral,2026-01-19,34.0,Low Priority
LEAD101123,CUST10536,REP1029,Event,2026-05-12,35.0,Low Priority
LEAD101124,CUST10576,REP1020,Event,2026-06-19,44.0,New
LEAD101125,CUST10816,REP1023,Website,2026-01-24,41.0,New
LEAD101126,CUST11012,REP1009,Referral,2026-04-29,96.0,Qualified
LEAD101127,CUST10670,REP1014,Website,2026-04-03,52.0,New
LEAD101128,CUST10910,REP1029,Referral,2026-01-18,90.0,Qualified
LEAD101129,CUST10681,REP1025,Event,2026-02-23,24.0,Low Priority
LEAD101130,CUST10525,REP1007,Website,2026-05-23,28.0,Low Priority
LEAD101131,CUST10190,REP1029,Email,2026-06-07,85.0,Qualified
LEAD101132,CUST10251,REP1015,Event,2026-03-08,40.0,New
LEAD101133,CUST10519,REP1026,Event,2026-01-20,26.0,Low Priority
LEAD101134,CUST10056,REP1016,Referral,2026-02-14,68.0,Nurturing
LEAD101135,CUST10380,REP1019,Email,2026-06-02,31.0,Low Priority
LEAD101136,CUST10556,REP1005,Partner,2026-04-14,24.0,Low Priority
LEAD101137,CUST10568,REP1011,Website,2026-03-19,52.0,New
LEAD101138,CUST10978,REP1022,Referral,2026-01-03,64.0,Nurturing
LEAD101139,CUST11162,REP1026,Email,2026-05-22,62.0,Nurturing
LEAD101140,CUST10876,REP1003,Email,2026-03-26,67.0,Nurturing
LEAD101141,CUST10096,REP1003,Partner,2026-04-09,21.0,Low Priority
LEAD101142,CUST10491,REP1021,Email,2026-06-02,43.0,New
LEAD101143,CUST10876,REP1014,Email,2026-04-12,47.0,New
LEAD101144,CUST10714,REP1026,Referral,2026-06-17,43.0,New
LEAD101145,CUST10550,REP1003,Referral,2026-04-12,65.0,Nurturing
LEAD101146,CUST10524,REP1011,Event,2026-03-04,38.0,Low Priority
LEAD101147,CUST10488,REP1002,Event,2026-06-17,71.0,Nurturing
LEAD101148,CUST10695,REP1022,Website,2026-04-27,95.0,Qualified
LEAD101149,CUST10215,REP1026,Email,2026-05-18,73.0,Nurturing
LEAD101150,CUST10622,REP1005,Website,2026-02-11,51.0,New
LEAD101151,CUST10248,REP1010,Event,2026-05-02,55.0,New
LEAD101152,CUST10818,REP1026,Partner,2026-04-12,67.0,Nurturing
LEAD101153,CUST11038,REP1002,Email,2026-01-20,78.0,Nurturing
LEAD101154,CUST10610,REP1029,Email,2026-02-15,44.0,New
LEAD101155,CUST10466,REP1027,Email,2026-06-15,23.0,Low Priority
LEAD101156,CUST11129,REP1005,Referral,2026-04-14,76.0,Nurturing
LEAD101157,CUST10792,REP1005,Event,2026-05-21,73.0,Nurturing
LEAD101158,CUST10514,REP1021,Partner,2026-02-01,28.0,Low Priority
LEAD101159,CUST10035,REP1001,Partner,2026-02-09,70.0,Nurturing
LEAD101160,CUST10020,REP1016,Referral,2026-06-20,25.0,Low Priority
LEAD101161,CUST10266,REP1002,Website,2026-03-18,72.0,Nurturing
LEAD101162,CUST10284,REP1016,Partner,2026-06-10,80.0,Qualified
LEAD101163,CUST10866,REP1011,Referral,2026-05-27,21.0,Low Priority
LEAD101164,CUST10601,REP1022,Email,2026-03-02,78.0,Nurturing
LEAD101165,CUST11200,REP1027,Referral,2026-06-21,29.0,Low Priority
LEAD101166,CUST10649,REP1015,Event,2026-05-21,41.0,New
LEAD101167,CUST11084,REP1020,Email,2026-01-24,77.0,Nurturing
LEAD101168,CUST10663,REP1019,Partner,2026-01-18,48.0,New
LEAD101169,CUST10430,REP1030,Email,2026-01-23,99.0,Qualified
LEAD101170,CUST10858,REP1007,Email,2026-05-15,97.0,Qualified
LEAD101171,CUST10540,REP1008,Email,2026-01-26,99.0,Qualified
LEAD101172,CUST10330,REP1012,Partner,2026-02-21,28.0,Low Priority
LEAD101173,CUST10568,REP1023,Event,2026-03-20,34.0,Low Priority
LEAD101174,CUST10798,REP1026,Referral,2026-01-25,34.0,Low Priority
LEAD101175,CUST10451,REP1009,Partner,2026-03-01,67.0,Nurturing
LEAD101176,CUST10845,REP1004,Referral,2026-05-03,54.0,New
LEAD101177,CUST11177,REP1019,Partner,2026-06-25,80.0,Qualified
LEAD101178,CUST10494,REP1018,Event,2026-03-27,42.0,New
LEAD101179,CUST10355,REP1012,Email,2026-05-16,36.0,Low Priority
LEAD101180,CUST10483,REP1006,Referral,2026-04-06,72.0,Nurturing
LEAD101181,CUST11006,REP1026,Event,2026-03-26,69.0,Nurturing
LEAD101182,CUST10215,REP1026,Email,2026-04-05,75.0,Nurturing
LEAD101183,CUST11169,REP1023,Partner,2026-06-23,45.0,New
LEAD101184,CUST10497,REP1018,Website,2026-01-11,62.0,Nurturing
LEAD101185,CUST11010,REP1008,Partner,2026-04-03,95.0,Qualified
LEAD101186,CUST10945,REP1013,Event,2026-01-10,69.0,Nurturing
LEAD101187,CUST10941,REP1003,Partner,2026-06-08,95.0,Qualified
LEAD101188,CUST11091,REP1008,Website,2026-04-19,55.0,New
LEAD101189,CUST10222,REP1014,Website,2026-01-09,23.0,Low Priority
LEAD101190,CUST10713,REP1014,Event,2026-04-23,81.0,Qualified
LEAD101191,CUST10119,REP1003,Partner,2026-03-20,57.0,New
LEAD101192,CUST10360,REP1029,Email,2026-01-09,23.0,Low Priority
LEAD101193,CUST10049,REP1009,Referral,2026-06-27,31.0,Low Priority
LEAD101194,CUST10819,REP1016,Website,2026-03-10,45.0,New
LEAD101195,CUST10730,REP1014,Partner,2026-01-05,35.0,Low Priority
LEAD101196,CUST10889,REP1015,Email,2026-04-21,75.0,Nurturing
LEAD101197,CUST10212,REP1026,Referral,2026-03-09,69.0,Nurturing
LEAD101198,CUST10399,REP1023,Email,2026-04-29,46.0,New
LEAD101199,CUST10812,REP1027,Partner,2026-01-30,26.0,Low Priority
LEAD101200,CUST10992,REP1012,Referral,2026-05-30,26.0,Low Priority
LEAD101201,CUST11063,REP1008,Referral,2026-03-18,96.0,Qualified
LEAD101202,CUST10089,REP1013,Referral,2026-03-18,47.0,New
LEAD101203,CUST10484,REP1017,Referral,2026-05-26,28.0,Low Priority
LEAD101204,CUST10013,REP1011,Email,2026-04-10,77.0,Nurturing
LEAD101205,CUST10983,REP1014,Referral,2026-01-01,90.0,Qualified
LEAD101206,CUST10148,REP1005,Email,2026-04-15,29.0,Low Priority
LEAD101207,CUST10987,REP1018,Referral,2026-04-27,96.0,Qualified
LEAD101208,CUST10188,REP1022,Referral,2026-02-26,78.0,Nurturing
LEAD101209,CUST10019,REP1016,Event,2026-02-02,40.0,New
LEAD101210,CUST11055,REP1027,Event,2026-01-10,82.0,Qualified
LEAD101211,CUST10527,REP1030,Partner,2026-06-03,54.0,New
LEAD101212,CUST10510,REP1028,Referral,2026-01-01,71.0,Nurturing
LEAD101213,CUST10777,REP1003,Email,2026-04-16,30.0,Low Priority
LEAD101214,CUST10330,REP1027,Website,2026-06-01,39.0,Low Priority
LEAD101215,CUST10829,REP1011,Partner,2026-03-05,82.0,Qualified
LEAD101216,CUST10515,REP1014,Partner,2026-02-06,85.0,Qualified
LEAD101217,CUST10328,REP1013,Email,2026-05-10,20.0,Low Priority
LEAD101218,CUST10474,REP1009,Website,2026-04-25,37.0,Low Priority
LEAD101219,CUST10008,REP1027,Website,2026-01-03,69.0,Nurturing
LEAD101220,CUST10362,REP1020,Referral,2026-04-15,93.0,Qualified
LEAD101221,CUST10710,REP1030,Website,2026-01-01,74.0,Nurturing
LEAD101222,CUST10166,REP1029,Partner,2026-03-14,77.0,Nurturing
LEAD101223,CUST10143,REP1013,Event,2026-02-25,51.0,New
LEAD101224,CUST10788,REP1022,Referral,2026-05-31,24.0,Low Priority
LEAD101225,CUST10514,REP1016,Partner,2026-06-26,82.0,Qualified
LEAD101226,CUST10164,REP1015,Referral,2026-05-07,84.0,Qualified
LEAD101227,CUST10898,REP1023,Website,2026-05-13,55.0,New
LEAD101228,CUST10931,REP1021,Email,2026-01-05,61.0,Nurturing
LEAD101229,CUST10042,REP1028,Referral,2026-01-12,39.0,Low Priority
LEAD101230,CUST10243,REP1024,Partner,2026-05-21,56.0,New
LEAD101231,CUST10445,REP1019,Email,2026-03-19,39.0,Low Priority
LEAD101232,CUST10878,REP1028,Event,2026-04-02,54.0,New
LEAD101233,CUST10089,REP1004,Website,2026-05-06,30.0,Low Priority
LEAD101234,CUST10967,REP1023,Partner,2026-03-04,69.0,Nurturing
LEAD101235,CUST10384,REP1012,Event,2026-05-04,40.0,New
LEAD101236,CUST10151,REP1013,Partner,2026-05-12,78.0,Nurturing
LEAD101237,CUST11037,REP1024,Website,2026-02-13,61.0,Nurturing
LEAD101238,CUST10105,REP1009,Referral,2026-05-05,92.0,Qualified
LEAD101239,CUST10156,REP1027,Email,2026-01-31,37.0,Low Priority
LEAD101240,CUST11140,REP1015,Email,2026-02-26,42.0,New
LEAD101241,CUST10624,REP1011,Referral,2026-05-22,39.0,Low Priority
LEAD101242,CUST10556,REP1010,Website,2026-06-27,71.0,Nurturing
LEAD101243,CUST10825,REP1013,Referral,2026-01-12,28.0,Low Priority
LEAD101244,CUST10757,REP1029,Referral,2026-04-28,75.0,Nurturing
LEAD101245,CUST10737,REP1004,Email,2026-04-14,86.0,Qualified
LEAD101246,CUST10028,REP1016,Event,2026-04-20,74.0,Nurturing
LEAD101247,CUST10663,REP1026,Website,2026-05-23,30.0,Low Priority
LEAD101248,CUST10335,REP1015,Email,2026-01-13,59.0,New
LEAD101249,CUST10970,REP1017,Email,2026-05-14,63.0,Nurturing
LEAD101250,CUST10607,REP1011,Email,2026-02-20,51.0,New
LEAD101251,CUST10149,REP1005,Event,2026-01-28,57.0,New
LEAD101252,CUST11064,REP1020,Website,2026-03-22,81.0,Qualified
LEAD101253,CUST10342,REP1028,Email,2026-01-05,87.0,Qualified
LEAD101254,CUST10326,REP1016,Website,2026-04-25,44.0,New
LEAD101255,CUST11124,REP1013,Event,2026-04-13,46.0,New
LEAD101256,CUST10931,REP1004,Partner,2026-04-03,36.0,Low Priority
LEAD101257,CUST11032,REP1029,Website,2026-01-06,52.0,New
LEAD101258,CUST10795,REP1027,Email,2026-05-19,64.0,Nurturing
LEAD101259,CUST11093,REP1028,Email,2026-01-07,77.0,Nurturing
LEAD101260,CUST10139,REP1011,Partner,2026-02-17,41.0,New
LEAD101261,CUST10720,REP1019,Referral,2026-03-13,37.0,Low Priority
LEAD101262,CUST10353,REP1013,Website,2026-05-08,22.0,Low Priority
LEAD101263,CUST10479,REP1008,Event,2026-03-15,27.0,Low Priority
LEAD101264,CUST10286,REP1007,Website,2026-05-28,24.0,Low Priority
LEAD101265,CUST10247,REP1012,Event,2026-06-19,36.0,Low Priority
LEAD101266,CUST10532,REP1017,Partner,2026-05-19,76.0,Nurturing
LEAD101267,CUST11102,REP1004,Email,2026-01-08,82.0,Qualified
LEAD101268,CUST10763,REP1022,Email,2026-05-20,98.0,Qualified
LEAD101269,CUST10420,REP1014,Event,2026-02-07,64.0,Nurturing
LEAD101270,CUST10521,REP1027,Website,2026-06-10,56.0,New
LEAD101271,CUST10636,REP1009,Event,2026-06-27,92.0,Qualified
LEAD101272,CUST10294,REP1002,Website,2026-01-16,31.0,Low Priority
LEAD101273,CUST10626,REP1010,Event,2026-01-18,71.0,Nurturing
LEAD101274,CUST10836,REP1030,Referral,2026-05-07,86.0,Qualified
LEAD101275,CUST10292,REP1010,Event,2026-01-26,60.0,Nurturing
LEAD101276,CUST10702,REP1022,Website,2026-06-25,41.0,New
LEAD101277,CUST10851,REP1026,Partner,2026-04-08,70.0,Nurturing
LEAD101278,CUST10624,REP1009,Partner,2026-04-14,100.0,Qualified
LEAD101279,CUST10351,REP1020,Event,2026-06-05,39.0,Low Priority
LEAD101280,CUST10666,REP1007,Website,2026-02-09,65.0,Nurturing
LEAD101281,CUST10952,REP1011,Website,2026-04-11,24.0,Low Priority
LEAD101282,CUST10267,REP1009,Email,2026-06-30,38.0,Low Priority
LEAD101283,CUST10690,REP1021,Website,2026-01-04,82.0,Qualified
LEAD101284,CUST10817,REP1027,Email,2026-02-01,60.0,Nurturing
LEAD101285,CUST10386,REP1008,Website,2026-01-27,36.0,Low Priority
LEAD101286,CUST10466,REP1009,Event,2026-03-02,47.0,New
LEAD101287,CUST11067,REP1025,Partner,2026-01-24,29.0,Low Priority
LEAD101288,CUST10437,REP1014,Event,2026-02-01,83.0,Qualified
LEAD101289,CUST10718,REP1016,Website,2026-06-04,96.0,Qualified
LEAD101290,CUST10180,REP1022,Referral,2026-03-26,28.0,Low Priority
LEAD101291,CUST11112,REP1005,Partner,2026-03-06,39.0,Low Priority
LEAD101292,CUST10717,REP1027,Website,2026-03-17,89.0,Qualified
LEAD101293,CUST10913,REP1011,Website,2026-06-25,91.0,Qualified
LEAD101294,CUST10724,REP1020,Referral,2026-03-30,82.0,Qualified
LEAD101295,CUST10427,REP1013,Email,2026-03-26,61.0,Nurturing
LEAD101296,CUST10409,REP1023,Email,2026-06-17,89.0,Qualified
LEAD101297,CUST10842,REP1019,Website,2026-01-07,50.0,New
LEAD101298,CUST11032,REP1006,Website,2026-03-28,92.0,Qualified
LEAD101299,CUST10154,REP1006,Email,2026-05-16,91.0,Qualified
LEAD101300,CUST11015,REP1027,Referral,2026-04-04,38.0,Low Priority
LEAD101301,CUST10997,REP1016,Email,2026-06-07,25.0,Low Priority
LEAD101302,CUST10131,REP1009,Referral,2026-06-10,62.0,Nurturing
LEAD101303,CUST10130,REP1005,Referral,2026-03-02,81.0,Qualified
LEAD101304,CUST10835,REP1004,Referral,2026-05-29,88.0,Qualified
LEAD101305,CUST11012,REP1028,Referral,2026-02-14,31.0,Low Priority
LEAD101306,CUST10473,REP1030,Email,2026-02-13,50.0,New
LEAD101307,CUST10769,REP1012,Partner,2026-06-26,82.0,Qualified
LEAD101308,CUST11200,REP1007,Email,2026-01-03,24.0,Low Priority
LEAD101309,CUST10388,REP1013,Website,2026-03-05,78.0,Nurturing
LEAD101310,CUST10271,REP1005,Partner,2026-04-24,43.0,New
LEAD101311,CUST11190,REP1017,Partner,2026-03-16,21.0,Low Priority
LEAD101312,CUST10337,REP1019,Event,2026-06-02,61.0,Low Priority
LEAD101313,CUST10568,REP1030,Partner,2026-02-15,80.0,Qualified
LEAD101314,CUST10531,REP1010,Website,2026-04-11,90.0,Qualified
LEAD101315,CUST10628,REP1006,Email,2026-01-23,26.0,Low Priority
LEAD101316,CUST10323,REP1005,Website,2026-02-08,57.0,New
LEAD101317,CUST10815,REP1012,Event,2026-02-01,36.0,Low Priority
LEAD101318,CUST10831,REP1019,Referral,2026-05-15,75.0,Nurturing
LEAD101319,CUST10241,REP1002,Email,2026-02-06,83.0,Qualified
LEAD101320,CUST10578,REP1023,Email,2026-05-02,97.0,Qualified
LEAD101321,CUST10069,REP1014,Partner,2026-03-04,48.0,New
LEAD101322,CUST10266,REP1024,Partner,2026-04-13,44.0,New
LEAD101323,CUST11185,REP1014,Website,2026-06-08,45.0,New
LEAD101324,CUST10608,REP1005,Website,2026-06-06,81.0,Qualified
LEAD101325,CUST10748,REP1001,Email,2026-01-03,56.0,New
LEAD101326,CUST11067,REP1017,Event,2026-05-22,21.0,Low Priority
LEAD101327,CUST10857,REP1017,Event,2026-06-22,96.0,Qualified
LEAD101328,CUST10951,REP1025,Referral,2026-05-01,28.0,Low Priority
LEAD101329,CUST10855,REP1027,Referral,2026-02-03,95.0,Qualified
LEAD101330,CUST10599,REP1005,Referral,2026-05-01,33.0,Low Priority
LEAD101331,CUST10760,REP1010,Email,2026-04-26,63.0,Nurturing
LEAD101332,CUST10347,REP1007,Email,2026-04-30,45.0,New
LEAD101333,CUST11069,REP1004,Email,2026-03-19,75.0,Nurturing
LEAD101334,CUST10216,REP1001,Event,2026-04-06,52.0,New
LEAD101335,CUST11061,REP1003,Referral,2026-04-28,49.0,New
LEAD101336,CUST11055,REP1016,Email,2026-03-25,58.0,New
LEAD101337,CUST10171,REP1005,Partner,2026-05-21,98.0,Qualified
LEAD101338,CUST10853,REP1006,Event,2026-05-09,39.0,Low Priority
LEAD101339,CUST11188,REP1004,Referral,2026-02-24,37.0,Low Priority
LEAD101340,CUST10687,REP1022,Website,2026-04-21,25.0,Low Priority
LEAD101341,CUST10409,REP1020,Referral,2026-05-17,79.0,Nurturing
LEAD101342,CUST11056,REP1029,Email,2026-03-30,74.0,Nurturing
LEAD101343,CUST10616,REP1004,Event,2026-05-10,69.0,Nurturing
LEAD101344,CUST10147,REP1007,Event,2026-01-23,21.0,Low Priority
LEAD101345,CUST10300,REP1014,Website,2026-03-11,84.0,Qualified
LEAD101346,CUST10819,REP1020,Partner,2026-05-08,85.0,Qualified
LEAD101347,CUST10547,REP1004,Website,2026-06-12,96.0,Qualified
LEAD101348,CUST10261,REP1007,Referral,2026-04-27,95.0,Qualified
LEAD101349,CUST10959,REP1013,Event,2026-05-01,41.0,New
LEAD101350,CUST10145,REP1001,Event,2026-03-03,77.0,Nurturing
LEAD101351,CUST10263,REP1012,Website,2026-05-07,52.0,New
LEAD101352,CUST10559,REP1023,Website,2026-03-06,68.0,Nurturing
LEAD101353,CUST10048,REP1016,Email,2026-01-10,46.0,New
LEAD101354,CUST10465,REP1014,Partner,2026-02-14,73.0,Nurturing
LEAD101355,CUST11092,REP1015,Partner,2026-04-21,97.0,Qualified
LEAD101356,CUST11130,REP1029,Event,2026-06-24,72.0,Nurturing
LEAD101357,CUST11047,REP1016,Event,2026-03-31,94.0,Qualified
LEAD101358,CUST10389,REP1017,Event,2026-06-05,95.0,Qualified
LEAD101359,CUST10078,REP1028,Email,2026-05-21,29.0,Low Priority
LEAD101360,CUST10978,REP1005,Event,2026-04-12,98.0,Qualified
LEAD101361,CUST10448,REP1003,Email,2026-05-26,86.0,Qualified
LEAD101362,CUST10899,REP1014,Event,2026-03-14,54.0,New
LEAD101363,CUST10144,REP1010,Partner,2026-03-22,68.0,Nurturing
LEAD101364,CUST10802,REP1007,Website,2026-05-14,69.0,Nurturing
LEAD101365,CUST10704,REP1004,Event,2026-04-26,83.0,Qualified
LEAD101366,CUST11105,REP1027,Event,2026-04-06,85.0,Qualified
LEAD101367,CUST10123,REP1019,Referral,2026-03-20,28.0,Low Priority
LEAD101368,CUST10490,REP1021,Partner,2026-06-26,20.0,Low Priority
LEAD101369,CUST11188,REP1004,Partner,2026-01-12,39.0,Low Priority
LEAD101370,CUST10468,REP1011,Email,2026-01-10,62.0,Nurturing
LEAD101371,CUST10790,REP1019,Email,2026-03-28,88.0,Qualified
LEAD101372,CUST10194,REP1016,Referral,2026-01-07,72.0,Nurturing
LEAD101373,CUST10875,REP1021,Event,2026-03-03,31.0,Low Priority
LEAD101374,CUST10331,REP1021,Event,2026-04-13,78.0,Nurturing
LEAD101375,CUST10687,REP1013,Event,2026-03-15,57.0,New
LEAD101376,CUST11056,REP1024,Partner,2026-02-06,49.0,New
LEAD101377,CUST10794,REP1008,Website,2026-02-21,82.0,Qualified
LEAD101378,CUST10570,REP1003,Event,2026-04-20,43.0,New
LEAD101379,CUST10229,REP1028,Website,2026-06-22,70.0,Nurturing
LEAD101380,CUST10410,REP1001,Website,2026-05-22,34.0,Low Priority
LEAD101381,CUST11020,REP1009,Referral,2026-04-10,50.0,New
LEAD101382,CUST10260,REP1004,Website,2026-01-25,65.0,Nurturing
LEAD101383,CUST10788,REP1007,Email,2026-02-13,70.0,Nurturing
LEAD101384,CUST10582,REP1012,Partner,2026-03-21,94.0,Qualified
LEAD101385,CUST10386,REP1004,Referral,2026-02-14,43.0,New
LEAD101386,CUST10860,REP1015,Website,2026-05-05,92.0,Qualified
LEAD101387,CUST10435,REP1028,Referral,2026-03-08,86.0,Qualified
LEAD101388,CUST10345,REP1005,Email,2026-05-31,49.0,New
LEAD101389,CUST10636,REP1028,Email,2026-02-18,31.0,Low Priority
LEAD101390,CUST10910,REP1013,Referral,2026-03-31,40.0,New
LEAD101391,CUST11037,REP1018,Website,2026-05-10,73.0,Nurturing
LEAD101392,CUST10756,REP1014,Partner,2026-02-07,83.0,Qualified
LEAD101393,CUST10795,REP1010,Email,2026-05-18,69.0,Nurturing
LEAD101394,CUST10946,REP1004,Website,2026-04-17,78.0,Nurturing
LEAD101395,CUST10324,REP1018,Email,2026-04-28,28.0,Low Priority
LEAD101396,CUST10302,REP1028,Website,2026-03-24,60.0,Nurturing
LEAD101397,CUST10581,REP1016,Referral,2026-06-19,90.0,Qualified
LEAD101398,CUST10758,REP1018,Email,2026-05-20,51.0,New
LEAD101399,CUST10776,REP1020,Website,2026-02-04,92.0,Qualified
LEAD101400,CUST10185,REP1012,Referral,2026-04-11,30.0,Low Priority
LEAD101401,CUST10937,REP1004,Website,2026-06-13,99.0,Qualified
LEAD101402,CUST10437,REP1016,Referral,2026-02-20,83.0,Qualified
LEAD101403,CUST11053,REP1027,Email,2026-04-08,70.0,Nurturing
LEAD101404,CUST10870,REP1010,Referral,2026-05-17,70.0,Nurturing
LEAD101405,CUST11180,REP1027,Website,2026-02-19,95.0,Qualified
LEAD101406,CUST10759,REP1026,Referral,2026-04-04,50.0,New
LEAD101407,CUST10633,REP1008,Website,2026-04-11,33.0,Low Priority
LEAD101408,CUST10226,REP1018,Email,2026-02-02,94.0,Qualified
LEAD101409,CUST10479,REP1023,Event,2026-02-02,28.0,Low Priority
LEAD101410,CUST11031,REP1015,Website,2026-04-12,73.0,Nurturing
LEAD101411,CUST10459,REP1021,Email,2026-02-02,41.0,New
LEAD101412,CUST10065,REP1028,Referral,2026-06-21,95.0,Qualified
LEAD101413,CUST10295,REP1019,Website,2026-04-05,98.0,Qualified
LEAD101414,CUST10715,REP1026,Email,2026-05-08,58.0,New
LEAD101415,CUST10755,REP1025,Referral,2026-03-13,63.0,Nurturing
LEAD101416,CUST11181,REP1025,Partner,2026-02-24,56.0,New
LEAD101417,CUST11121,REP1026,Partner,2026-03-30,54.0,New
LEAD101418,CUST10638,REP1007,Partner,2026-05-09,95.0,Qualified
LEAD101419,CUST10666,REP1001,Website,2026-03-13,43.0,New
LEAD101420,CUST10961,REP1005,Referral,2026-02-21,97.0,Qualified
LEAD101421,CUST10059,REP1008,Email,2026-01-27,72.0,Nurturing
LEAD101422,CUST10715,REP1021,Event,2026-04-09,97.0,Qualified
LEAD101423,CUST10569,REP1016,Website,2026-05-04,69.0,Nurturing
LEAD101424,CUST10940,REP1015,Partner,2026-04-06,86.0,Qualified
LEAD101425,CUST10961,REP1001,Event,2026-02-16,59.0,New
LEAD101426,CUST10787,REP1021,Referral,2026-02-14,57.0,New
LEAD101427,CUST10789,REP1011,Partner,2026-03-10,40.0,New
LEAD101428,CUST10830,REP1023,Event,2026-03-04,37.0,Low Priority
LEAD101429,CUST10697,REP1004,Event,2026-02-06,23.0,Low Priority
LEAD101430,CUST10274,REP1009,Email,2026-06-20,51.0,New
LEAD101431,CUST10342,REP1002,Email,2026-03-01,100.0,Qualified
LEAD101432,CUST10891,REP1009,Email,2026-02-15,96.0,Qualified
LEAD101433,CUST10743,REP1028,Referral,2026-04-20,75.0,Nurturing
LEAD101434,CUST10286,REP1015,Event,2026-05-25,49.0,New
LEAD101435,CUST11054,REP1014,Website,2026-03-26,62.0,Nurturing
LEAD101436,CUST11177,REP1009,Website,2026-05-01,81.0,Qualified
LEAD101437,CUST10752,REP1008,Email,2026-01-18,20.0,Low Priority
LEAD101438,CUST10274,REP1021,Event,2026-04-07,94.0,Qualified
LEAD101439,CUST11126,REP1030,Event,2026-01-13,90.0,Qualified
LEAD101440,CUST10285,REP1023,Email,2026-01-25,98.0,Qualified
LEAD101441,CUST10519,REP1023,Referral,2026-04-18,27.0,Low Priority
LEAD101442,CUST11031,REP1015,Referral,2026-02-07,96.0,Qualified
LEAD101443,CUST10625,REP1003,Partner,2026-01-07,69.0,Nurturing
LEAD101444,CUST10292,REP1022,Referral,2026-02-02,64.0,Nurturing
LEAD101445,CUST10097,REP1025,Partner,2026-05-20,34.0,Low Priority
LEAD101446,CUST10434,REP1016,Website,2026-04-17,59.0,New
LEAD101447,CUST10807,REP1003,Referral,2026-03-11,49.0,New
LEAD101448,CUST10858,REP1022,Event,2026-06-26,99.0,Qualified
LEAD101449,CUST10268,REP1028,Email,2026-03-11,47.0,New
LEAD101450,CUST10191,REP1007,Website,2026-06-08,37.0,Low Priority
LEAD101451,CUST10842,REP1005,Referral,2026-03-04,96.0,Qualified
LEAD101452,CUST10191,REP1023,Referral,2026-01-05,35.0,Low Priority
LEAD101453,CUST10078,REP1010,Referral,2026-01-20,93.0,Qualified
LEAD101454,CUST10584,REP1022,Email,2026-02-19,98.0,Qualified
LEAD101455,CUST10686,REP1022,Event,2026-02-03,44.0,New
LEAD101456,CUST10293,REP1008,Email,2026-01-29,75.0,Nurturing
LEAD101457,CUST10254,REP1002,Partner,2026-03-11,84.0,Qualified
LEAD101458,CUST10283,REP1017,Website,2026-06-26,63.0,Nurturing
LEAD101459,CUST10412,REP1013,Website,2026-02-06,76.0,Nurturing
LEAD101460,CUST10012,REP1026,Event,2026-02-12,30.0,Low Priority
LEAD101461,CUST10015,REP1011,Email,2026-06-30,61.0,Nurturing
LEAD101462,CUST10445,REP1008,Partner,2026-02-06,61.0,Nurturing
LEAD101463,CUST10024,REP1026,Partner,2026-05-31,65.0,Nurturing
LEAD101464,CUST10382,REP1023,Event,2026-04-23,96.0,Qualified
LEAD101465,CUST10698,REP1019,Event,2026-06-17,86.0,Qualified
LEAD101466,CUST10038,REP1029,Website,2026-04-11,68.0,Nurturing
LEAD101467,CUST10742,REP1024,Referral,2026-04-18,52.0,New
LEAD101468,CUST10746,REP1026,Website,2026-02-10,52.0,New
LEAD101469,CUST10689,REP1024,Referral,2026-04-15,21.0,Low Priority
LEAD101470,CUST10752,REP1013,Email,2026-05-02,64.0,Nurturing
LEAD101471,CUST10972,REP1002,Referral,2026-06-28,40.0,New
LEAD101472,CUST10085,REP1019,Website,2026-01-18,91.0,Qualified
LEAD101473,CUST10203,REP1023,Partner,2026-01-29,82.0,Qualified
LEAD101474,CUST10381,REP1030,Partner,2026-01-04,93.0,Qualified
LEAD101475,CUST10826,REP1021,Email,2026-05-24,100.0,Qualified
LEAD101476,CUST11048,REP1018,Website,2026-01-15,52.0,New
LEAD101477,CUST11103,REP1018,Referral,2026-06-15,54.0,New
LEAD101478,CUST10699,REP1004,Email,2026-03-08,69.0,Nurturing
LEAD101479,CUST10493,REP1001,Email,2026-02-22,54.0,New
LEAD101480,CUST10495,REP1002,Event,2026-06-26,42.0,New
LEAD101481,CUST10072,REP1028,Event,2026-05-11,77.0,Nurturing
LEAD101482,CUST10559,REP1024,Event,2026-04-10,56.0,New
LEAD101483,CUST10616,REP1008,Partner,2026-06-10,96.0,Qualified
LEAD101484,CUST10250,REP1013,Event,2026-05-17,37.0,Low Priority
LEAD101485,CUST10922,REP1015,Partner,2026-04-26,55.0,New
LEAD101486,CUST10975,REP1008,Event,2026-02-28,63.0,Nurturing
LEAD101487,CUST10363,REP1013,Referral,2026-06-28,93.0,Qualified
LEAD101488,CUST11097,REP1011,Partner,2026-05-11,66.0,Nurturing
LEAD101489,CUST10129,REP1021,Email,2026-06-21,25.0,Low Priority
LEAD101490,CUST11093,REP1023,Referral,2026-06-24,47.0,New
LEAD101491,CUST10922,REP1003,Website,2026-04-10,91.0,Qualified
LEAD101492,CUST10269,REP1014,Event,2026-03-06,42.0,New
LEAD101493,CUST10781,REP1030,Partner,2026-06-21,47.0,New
LEAD101494,CUST10373,REP1027,Event,2026-06-30,32.0,Low Priority
LEAD101495,CUST10960,REP1024,Referral,2026-01-23,78.0,Nurturing
LEAD101496,CUST10193,REP1023,Event,2026-04-26,31.0,Low Priority
LEAD101497,CUST10294,REP1001,Email,2026-04-20,49.0,New
LEAD101498,CUST10369,REP1030,Email,2026-05-16,77.0,Nurturing
LEAD101499,CUST10240,REP1023,Email,2026-06-26,92.0,Qualified
LEAD101500,CUST10400,REP1027,Referral,2026-02-15,37.0,Low Priority
LEAD101501,CUST10724,REP1028,Event,2026-06-26,46.0,New
LEAD101502,CUST10760,REP1008,Event,2026-04-27,29.0,Low Priority
LEAD101503,CUST10665,REP1001,Email,2026-01-15,55.0,New
LEAD101504,CUST10228,REP1020,Event,2026-04-03,100.0,Qualified
LEAD101505,CUST10243,REP1014,Event,2026-01-25,44.0,New
LEAD101506,CUST11104,REP1001,Email,2026-06-23,41.0,New
LEAD101507,CUST10302,REP1009,Partner,2026-05-19,52.0,New
LEAD101508,CUST10124,REP1030,Event,2026-06-13,92.0,Qualified
LEAD101509,CUST10545,REP1011,Website,2026-04-20,64.0,Nurturing
LEAD101510,CUST10009,REP1008,Partner,2026-03-13,69.0,Nurturing
LEAD101511,CUST10412,REP1020,Event,2026-03-19,83.0,Qualified
LEAD101512,CUST11026,REP1020,Event,2026-06-21,77.0,Nurturing
LEAD101513,CUST10321,REP1010,Referral,2026-01-28,68.0,Nurturing
LEAD101514,CUST10845,REP1026,Website,2026-06-10,65.0,Nurturing
LEAD101515,CUST10588,REP1018,Referral,2026-03-18,63.0,Nurturing
LEAD101516,CUST10427,REP1005,Event,2026-04-17,34.0,Low Priority
LEAD101517,CUST10794,REP1010,Partner,2026-05-01,53.0,New
LEAD101518,CUST10715,REP1026,Website,2026-01-15,88.0,Qualified
LEAD101519,CUST10382,REP1003,Website,2026-01-27,23.0,Low Priority
LEAD101520,CUST10269,REP1001,Referral,2026-01-30,87.0,Qualified
LEAD101521,CUST11101,REP1020,Referral,2026-05-21,65.0,Nurturing
LEAD101522,CUST10203,REP1014,Website,2026-01-14,48.0,New
LEAD101523,CUST11152,REP1008,Partner,2026-04-21,29.0,Low Priority
LEAD101524,CUST10566,REP1015,Partner,2026-01-20,81.0,Qualified
LEAD101525,CUST11197,REP1006,Website,2026-05-19,20.0,Low Priority
LEAD101526,CUST10424,REP1012,Referral,2026-06-26,63.0,Nurturing
LEAD101527,CUST10679,REP1008,Email,2026-03-16,33.0,Low Priority
LEAD101528,CUST10739,REP1018,Event,2026-02-08,93.0,Qualified
LEAD101529,CUST10407,REP1021,Event,2026-03-22,34.0,Low Priority
LEAD101530,CUST10262,REP1028,Partner,2026-05-06,85.0,Qualified
LEAD101531,CUST10625,REP1003,Website,2026-05-12,66.0,Nurturing
LEAD101532,CUST10796,REP1010,Event,2026-04-26,23.0,Low Priority
LEAD101533,CUST10314,REP1008,Event,2026-04-16,78.0,Nurturing
LEAD101534,CUST10921,REP1018,Referral,2026-04-25,91.0,Qualified
LEAD101535,CUST10767,REP1016,Partner,2026-02-09,37.0,Low Priority
LEAD101536,CUST10200,REP1027,Website,2026-02-07,98.0,Qualified
LEAD101537,CUST11127,REP1028,Event,2026-06-18,84.0,Qualified
LEAD101538,CUST10053,REP1024,Email,2026-04-15,80.0,Qualified
LEAD101539,CUST10785,REP1006,Website,2026-06-05,47.0,New
LEAD101540,CUST10528,REP1002,Email,2026-04-24,29.0,Low Priority
LEAD101541,CUST10785,REP1027,Partner,2026-03-24,54.0,New
LEAD101542,CUST10929,REP1029,Partner,2026-04-14,85.0,Qualified
LEAD101543,CUST10825,REP1008,Referral,2026-05-06,67.0,Nurturing
LEAD101544,CUST10781,REP1002,Event,2026-02-03,72.0,Nurturing
LEAD101545,CUST11010,REP1021,Partner,2026-03-25,83.0,Qualified
LEAD101546,CUST10843,REP1018,Event,2026-05-11,47.0,New
LEAD101547,CUST10977,REP1027,Website,2026-01-16,23.0,Low Priority
LEAD101548,CUST10484,REP1018,Partner,2026-01-14,91.0,Qualified
LEAD101549,CUST10244,REP1023,Referral,2026-01-29,69.0,Nurturing
LEAD101550,CUST10282,REP1024,Event,2026-04-18,65.0,Nurturing
LEAD101551,CUST10735,REP1001,Partner,2026-02-13,66.0,Nurturing
LEAD101552,CUST10639,REP1005,Email,2026-03-20,89.0,Qualified
LEAD101553,CUST10093,REP1024,Website,2026-01-25,82.0,Qualified
LEAD101554,CUST10246,REP1006,Email,2026-02-15,74.0,Nurturing
LEAD101555,CUST11162,REP1007,Website,2026-01-04,83.0,Qualified
LEAD101556,CUST10872,REP1023,Referral,2026-05-27,43.0,New
LEAD101557,CUST10906,REP1007,Referral,2026-03-26,77.0,Nurturing
LEAD101558,CUST10237,REP1005,Website,2026-02-01,98.0,Qualified
LEAD101559,CUST10078,REP1001,Partner,2026-04-06,39.0,Low Priority
LEAD101560,CUST10350,REP1015,Referral,2026-06-18,66.0,Nurturing
LEAD101561,CUST11029,REP1020,Partner,2026-05-30,75.0,Nurturing
LEAD101562,CUST10608,REP1022,Email,2026-06-10,61.0,Nurturing
LEAD101563,CUST10942,REP1028,Website,2026-03-15,98.0,Qualified
LEAD101564,CUST10585,REP1020,Email,2026-03-07,52.0,New
LEAD101565,CUST10589,REP1023,Referral,2026-02-27,37.0,Low Priority
LEAD101566,CUST10722,REP1007,Referral,2026-02-25,31.0,Low Priority
LEAD101567,CUST11151,REP1011,Partner,2026-06-16,88.0,Qualified
LEAD101568,CUST10525,REP1010,Email,2026-01-25,75.0,Nurturing
LEAD101569,CUST10715,REP1002,Email,2026-06-04,66.0,Nurturing
LEAD101570,CUST11104,REP1030,Website,2026-06-15,54.0,New
LEAD101571,CUST10447,REP1008,Partner,2026-06-02,53.0,New
LEAD101572,CUST11008,REP1014,Referral,2026-04-24,95.0,Qualified
LEAD101573,CUST10643,REP1011,Referral,2026-06-04,75.0,Nurturing
LEAD101574,CUST11055,REP1002,Event,2026-01-06,98.0,Qualified
LEAD101575,CUST10562,REP1028,Website,2026-05-28,84.0,Qualified
LEAD101576,CUST10756,REP1007,Partner,2026-04-03,82.0,Qualified
LEAD101577,CUST10388,REP1004,Partner,2026-06-23,64.0,Nurturing
LEAD101578,CUST10763,REP1011,Referral,2026-01-16,61.0,Low Priority
LEAD101579,CUST10392,REP1005,Email,2026-06-18,72.0,Nurturing
LEAD101580,CUST10732,REP1030,Partner,2026-04-14,77.0,Nurturing
LEAD101581,CUST10947,REP1006,Email,2026-01-19,62.0,Nurturing
LEAD101582,CUST10522,REP1010,Referral,2026-04-03,21.0,Low Priority
LEAD101583,CUST10516,REP1009,Event,2026-01-07,97.0,Qualified
LEAD101584,CUST10387,REP1001,Email,2026-01-15,86.0,Qualified
LEAD101585,CUST10877,REP1001,Referral,2026-04-07,48.0,New
LEAD101586,CUST10711,REP1016,Event,2026-05-28,59.0,New
LEAD101587,CUST10620,REP1007,Event,2026-01-20,29.0,Low Priority
LEAD101588,CUST10031,REP1003,Partner,2026-02-17,95.0,Qualified
LEAD101589,CUST10133,REP1009,Website,2026-03-12,38.0,Low Priority
LEAD101590,CUST10009,REP1009,Partner,2026-04-09,50.0,New
LEAD101591,CUST11021,REP1013,Email,2026-01-01,54.0,New
LEAD101592,CUST11022,REP1030,Referral,2026-04-26,41.0,New
LEAD101593,CUST10082,REP1010,Website,2026-04-01,71.0,Nurturing
LEAD101594,CUST10056,REP1022,Partner,2026-06-24,100.0,Qualified
LEAD101595,CUST10938,REP1024,Event,2026-02-24,89.0,Qualified
LEAD101596,CUST10630,REP1002,Referral,2026-03-31,62.0,Nurturing
LEAD101597,CUST10371,REP1016,Partner,2026-01-15,30.0,Low Priority
LEAD101598,CUST10738,REP1014,Website,2026-06-16,89.0,Qualified
LEAD101599,CUST10284,REP1016,Email,2026-05-31,40.0,New
LEAD101600,CUST10238,REP1006,Event,2026-03-06,93.0,Qualified
LEAD101601,CUST10441,REP1014,Email,2026-03-25,52.0,New
LEAD101602,CUST11075,REP1004,Partner,2026-06-05,61.0,Nurturing
LEAD101603,CUST10921,REP1029,Website,2026-02-23,55.0,New
LEAD101604,CUST10229,REP1018,Partner,2026-02-12,56.0,New
LEAD101605,CUST10675,REP1002,Event,2026-02-13,33.0,Low Priority
LEAD101606,CUST11062,REP1016,Website,2026-05-09,64.0,Nurturing
LEAD101607,CUST11142,REP1028,Referral,2026-02-08,52.0,New
LEAD101608,CUST10916,REP1023,Event,2026-01-17,88.0,Qualified
LEAD101609,CUST10155,REP1009,Partner,2026-01-30,58.0,New
LEAD101610,CUST10289,REP1027,Website,2026-06-28,98.0,Qualified
LEAD101611,CUST10263,REP1006,Website,2026-06-07,44.0,New
LEAD101612,CUST10181,REP1008,Partner,2026-06-22,46.0,New
LEAD101613,CUST10211,REP1005,Partner,2026-02-20,22.0,Low Priority
LEAD101614,CUST10380,REP1028,Event,2026-03-22,79.0,Nurturing
LEAD101615,CUST10667,REP1022,Event,2026-03-30,25.0,Low Priority
LEAD101616,CUST10478,REP1016,Partner,2026-04-05,43.0,New
LEAD101617,CUST10505,REP1021,Partner,2026-01-05,93.0,Qualified
LEAD101618,CUST10295,REP1008,Event,2026-04-19,69.0,Nurturing
LEAD101619,CUST10182,REP1003,Email,2026-01-08,65.0,Nurturing
LEAD101620,CUST11199,REP1026,Referral,2026-02-19,85.0,Qualified
LEAD101621,CUST10719,REP1029,Email,2026-02-22,82.0,Qualified
LEAD101622,CUST10276,REP1002,Email,2026-05-03,91.0,Qualified
LEAD101623,CUST10972,REP1002,Referral,2026-06-12,73.0,Nurturing
LEAD101624,CUST10997,REP1017,Event,2026-05-07,56.0,New
LEAD101625,CUST11161,REP1002,Referral,2026-03-20,30.0,Low Priority
LEAD101626,CUST10191,REP1022,Partner,2026-04-06,49.0,New
LEAD101627,CUST10768,REP1029,Partner,2026-04-03,77.0,Nurturing
LEAD101628,CUST11177,REP1009,Email,2026-01-27,40.0,New
LEAD101629,CUST10969,REP1009,Event,2026-06-23,74.0,Nurturing
LEAD101630,CUST10271,REP1026,Referral,2026-06-16,30.0,Low Priority
LEAD101631,CUST11072,REP1011,Referral,2026-02-13,24.0,Low Priority
LEAD101632,CUST10507,REP1008,Email,2026-01-21,49.0,New
LEAD101633,CUST10587,REP1003,Event,2026-01-30,38.0,Low Priority
LEAD101634,CUST10671,REP1026,Event,2026-04-24,90.0,Qualified
LEAD101635,CUST10926,REP1028,Email,2026-01-06,50.0,New
LEAD101636,CUST10145,REP1003,Email,2026-01-19,53.0,New
LEAD101637,CUST10648,REP1025,Email,2026-04-28,52.0,New
LEAD101638,CUST10981,REP1005,Event,2026-01-27,45.0,New
LEAD101639,CUST10659,REP1005,Website,2026-01-13,94.0,Qualified
LEAD101640,CUST10330,REP1012,Partner,2026-01-04,79.0,Nurturing
LEAD101641,CUST10068,REP1014,Website,2026-05-08,32.0,Low Priority
LEAD101642,CUST10660,REP1026,Partner,2026-03-07,37.0,Low Priority
LEAD101643,CUST10845,REP1021,Referral,2026-02-21,26.0,Low Priority
LEAD101644,CUST10660,REP1005,Referral,2026-04-26,40.0,New
LEAD101645,CUST11176,REP1018,Event,2026-01-31,73.0,Nurturing
LEAD101646,CUST10724,REP1027,Email,2026-04-05,95.0,Qualified
LEAD101647,CUST10610,REP1020,Partner,2026-03-29,59.0,New
LEAD101648,CUST10067,REP1007,Event,2026-05-03,26.0,Low Priority
LEAD101649,CUST10671,REP1004,Website,2026-04-23,23.0,Low Priority
LEAD101650,CUST10203,REP1014,Email,2026-05-03,53.0,New
LEAD101651,CUST10870,REP1015,Website,2026-02-08,41.0,New
LEAD101652,CUST10194,REP1011,Referral,2026-01-26,66.0,Nurturing
LEAD101653,CUST11089,REP1004,Website,2026-04-07,29.0,Low Priority
LEAD101654,CUST10363,REP1004,Partner,2026-01-11,38.0,Low Priority
LEAD101655,CUST10521,REP1016,Email,2026-03-24,65.0,Nurturing
LEAD101656,CUST10174,REP1029,Email,2026-04-24,42.0,New
LEAD101657,CUST10253,REP1018,Partner,2026-05-29,49.0,New
LEAD101658,CUST11107,REP1014,Event,2026-04-29,37.0,Low Priority
LEAD101659,CUST10341,REP1028,Referral,2026-06-30,24.0,Low Priority
LEAD101660,CUST10616,REP1021,Website,2026-04-11,47.0,New
LEAD101661,CUST11178,REP1022,Website,2026-03-22,46.0,New
LEAD101662,CUST10749,REP1018,Website,2026-02-14,92.0,Qualified
LEAD101663,CUST10050,REP1023,Partner,2026-05-02,92.0,Qualified
LEAD101664,CUST10429,REP1016,Partner,2026-05-27,54.0,New
LEAD101665,CUST10465,REP1019,Event,2026-02-28,43.0,New
LEAD101666,CUST10332,REP1019,Website,2026-01-14,53.0,New
LEAD101667,CUST10290,REP1023,Referral,2026-01-02,69.0,Nurturing
LEAD101668,CUST10604,REP1027,Event,2026-04-25,51.0,New
LEAD101669,CUST10453,REP1009,Website,2026-05-01,81.0,Qualified
LEAD101670,CUST10354,REP1021,Partner,2026-01-22,98.0,Qualified
LEAD101671,CUST10496,REP1001,Website,2026-01-05,52.0,New
LEAD101672,CUST10413,REP1016,Partner,2026-04-29,29.0,Low Priority
LEAD101673,CUST10275,REP1027,Event,2026-03-13,29.0,Low Priority
LEAD101674,CUST10544,REP1020,Referral,2026-03-17,90.0,Qualified
LEAD101675,CUST11131,REP1009,Referral,2026-02-17,53.0,New
LEAD101676,CUST10607,REP1019,Partner,2026-05-10,46.0,New
LEAD101677,CUST10718,REP1011,Email,2026-05-15,70.0,Nurturing
LEAD101678,CUST11182,REP1013,Event,2026-01-10,97.0,Qualified
LEAD101679,CUST10737,REP1007,Website,2026-01-17,54.0,New
LEAD101680,CUST10268,REP1019,Partner,2026-04-11,45.0,New
LEAD101681,CUST10479,REP1006,Email,2026-04-20,89.0,Qualified
LEAD101682,CUST10586,REP1014,Website,2026-01-27,26.0,Low Priority
LEAD101683,CUST10570,REP1029,Event,2026-01-29,88.0,Qualified
LEAD101684,CUST10180,REP1023,Referral,2026-05-04,62.0,Nurturing
LEAD101685,CUST10128,REP1013,Partner,2026-03-24,21.0,Low Priority
LEAD101686,CUST10420,REP1030,Event,2026-01-22,38.0,Low Priority
LEAD101687,CUST11098,REP1001,Email,2026-04-21,75.0,Nurturing
LEAD101688,CUST10861,REP1029,Event,2026-01-14,80.0,Qualified
LEAD101689,CUST11011,REP1011,Email,2026-02-11,35.0,Low Priority
LEAD101690,CUST10210,REP1025,Referral,2026-05-10,73.0,Nurturing
LEAD101691,CUST10498,REP1029,Email,2026-02-10,100.0,Qualified
LEAD101692,CUST10698,REP1019,Email,2026-01-12,75.0,Nurturing
LEAD101693,CUST10522,REP1019,Referral,2026-06-23,76.0,Nurturing
LEAD101694,CUST10501,REP1023,Website,2026-02-10,35.0,Low Priority
LEAD101695,CUST10432,REP1008,Email,2026-04-04,71.0,Nurturing
LEAD101696,CUST10062,REP1006,Partner,2026-05-30,77.0,Nurturing
LEAD101697,CUST11029,REP1011,Email,2026-06-29,28.0,Low Priority
LEAD101698,CUST11120,REP1015,Website,2026-05-27,45.0,New
LEAD101699,CUST10098,REP1023,Partner,2026-03-03,91.0,Qualified
LEAD101700,CUST10497,REP1008,Event,2026-06-04,100.0,Qualified
LEAD101701,CUST10622,REP1017,Event,2026-01-03,34.0,Low Priority
LEAD101702,CUST10941,REP1001,Event,2026-03-01,79.0,Nurturing
LEAD101703,CUST11185,REP1001,Referral,2026-02-06,60.0,Nurturing
LEAD101704,CUST10500,REP1030,Website,2026-04-06,67.0,Nurturing
LEAD101705,CUST10899,REP1026,Partner,2026-06-11,61.0,Nurturing
LEAD101706,CUST11125,REP1026,Partner,2026-05-20,90.0,Qualified
LEAD101707,CUST10997,REP1010,Referral,2026-06-30,56.0,New
LEAD101708,CUST10349,REP1016,Website,2026-01-25,67.0,Nurturing
LEAD101709,CUST10981,REP1021,Website,2026-05-17,74.0,Nurturing
LEAD101710,CUST10495,REP1008,Referral,2026-05-12,64.0,Nurturing
LEAD101711,CUST10022,REP1023,Email,2026-03-24,91.0,Qualified
LEAD101712,CUST10911,REP1021,Website,2026-01-18,39.0,Low Priority
LEAD101713,CUST11003,REP1013,Website,2026-01-19,96.0,Qualified
LEAD101714,CUST10413,REP1014,Referral,2026-06-15,74.0,Nurturing
LEAD101715,CUST10542,REP1010,Event,2026-02-23,97.0,Qualified
LEAD101716,CUST10438,REP1025,Event,2026-04-26,50.0,New
LEAD101717,CUST10141,REP1030,Partner,2026-06-21,58.0,New
LEAD101718,CUST11194,REP1030,Website,2026-03-31,23.0,Low Priority
LEAD101719,CUST10028,REP1024,Website,2026-02-07,94.0,Qualified
LEAD101720,CUST10667,REP1011,Event,2026-03-29,86.0,Qualified
LEAD101721,CUST10018,REP1024,Partner,2026-02-11,44.0,New
LEAD101722,CUST10828,REP1008,Website,2026-02-02,24.0,Low Priority
LEAD101723,CUST11082,REP1027,Event,2026-05-27,76.0,Nurturing
LEAD101724,CUST10773,REP1009,Partner,2026-03-04,74.0,Nurturing
LEAD101725,CUST10728,REP1013,Referral,2026-05-04,62.0,Nurturing
LEAD101726,CUST10994,REP1003,Partner,2026-05-12,32.0,Low Priority
LEAD101727,CUST11170,REP1003,Referral,2026-04-10,94.0,Qualified
LEAD101728,CUST11035,REP1012,Event,2026-04-08,55.0,New
LEAD101729,CUST10278,REP1017,Email,2026-02-02,78.0,Nurturing
LEAD101730,CUST10676,REP1001,Website,2026-04-06,89.0,Qualified
LEAD101731,CUST10983,REP1026,Email,2026-05-17,64.0,Nurturing
LEAD101732,CUST10354,REP1004,Website,2026-02-05,27.0,Low Priority
LEAD101733,CUST10811,REP1030,Partner,2026-02-11,91.0,Qualified
LEAD101734,CUST10028,REP1009,Email,2026-05-05,74.0,Nurturing
LEAD101735,CUST11053,REP1012,Website,2026-06-27,92.0,Qualified
LEAD101736,CUST10738,REP1005,Email,2026-03-12,69.0,Nurturing
LEAD101737,CUST10892,REP1025,Referral,2026-05-30,93.0,Qualified
LEAD101738,CUST10991,REP1022,Email,2026-02-03,90.0,Qualified
LEAD101739,CUST10263,REP1003,Partner,2026-04-14,37.0,Low Priority
LEAD101740,CUST10541,REP1004,Website,2026-06-20,33.0,Low Priority
LEAD101741,CUST11031,REP1019,Email,2026-03-21,32.0,Low Priority
LEAD101742,CUST10198,REP1026,Referral,2026-04-02,84.0,Qualified
LEAD101743,CUST10987,REP1004,Event,2026-01-29,39.0,Low Priority
LEAD101744,CUST10346,REP1007,Event,2026-04-06,56.0,New
LEAD101745,CUST10691,REP1017,Website,2026-04-17,83.0,Qualified
LEAD101746,CUST10612,REP1004,Email,2026-06-27,54.0,New
LEAD101747,CUST10824,REP1010,Referral,2026-02-06,25.0,Low Priority
LEAD101748,CUST11005,REP1001,Email,2026-03-08,49.0,New
LEAD101749,CUST10419,REP1015,Partner,2026-04-28,27.0,Low Priority
LEAD101750,CUST10207,REP1022,Referral,2026-06-20,51.0,New
LEAD101751,CUST10508,REP1013,Email,2026-02-13,79.0,Nurturing
LEAD101752,CUST10735,REP1008,Referral,2026-05-06,62.0,Nurturing
LEAD101753,CUST10901,REP1013,Event,2026-06-09,74.0,Nurturing
LEAD101754,CUST10905,REP1016,Event,2026-04-25,28.0,Low Priority
LEAD101755,CUST10408,REP1005,Website,2026-03-19,80.0,Qualified
LEAD101756,CUST11124,REP1004,Email,2026-02-12,54.0,New
LEAD101757,CUST10100,REP1006,Event,2026-02-22,43.0,New
LEAD101758,CUST10141,REP1030,Website,2026-01-10,72.0,Nurturing
LEAD101759,CUST10030,REP1022,Email,2026-01-28,30.0,Low Priority
LEAD101760,CUST11112,REP1004,Event,2026-03-21,60.0,Nurturing
LEAD101761,CUST10217,REP1010,Referral,2026-01-26,54.0,New
LEAD101762,CUST10722,REP1013,Partner,2026-01-02,33.0,Low Priority
LEAD101763,CUST10976,REP1006,Email,2026-05-06,97.0,Qualified
LEAD101764,CUST10921,REP1026,Referral,2026-01-13,49.0,New
LEAD101765,CUST11139,REP1029,Referral,2026-01-26,23.0,Low Priority
LEAD101766,CUST10065,REP1008,Referral,2026-04-18,55.0,New
LEAD101767,CUST10489,REP1001,Referral,2026-06-16,98.0,Qualified
LEAD101768,CUST10608,REP1009,Email,2026-05-12,74.0,Nurturing
LEAD101769,CUST10836,REP1018,Referral,2026-01-06,71.0,Nurturing
LEAD101770,CUST10748,REP1025,Referral,2026-01-31,92.0,Qualified
LEAD101771,CUST10672,REP1011,Event,2026-05-15,26.0,Low Priority
LEAD101772,CUST10369,REP1009,Partner,2026-05-13,64.0,Nurturing
LEAD101773,CUST10128,REP1008,Event,2026-03-12,45.0,New
LEAD101774,CUST10518,REP1001,Email,2026-06-21,74.0,Nurturing
LEAD101775,CUST10312,REP1001,Event,2026-06-10,89.0,Qualified
LEAD101776,CUST10666,REP1013,Website,2026-05-15,26.0,Low Priority
LEAD101777,CUST10957,REP1019,Event,2026-05-16,32.0,Low Priority
LEAD101778,CUST10664,REP1001,Event,2026-05-23,97.0,Qualified
LEAD101779,CUST10700,REP1007,Website,2026-01-27,59.0,New
LEAD101780,CUST10051,REP1028,Referral,2026-05-07,45.0,New
LEAD101781,CUST10774,REP1030,Partner,2026-06-20,32.0,Low Priority
LEAD101782,CUST10528,REP1020,Partner,2026-02-10,48.0,New
LEAD101783,CUST10149,REP1016,Email,2026-01-03,20.0,Low Priority
LEAD101784,CUST10257,REP1018,Email,2026-03-07,38.0,Low Priority
LEAD101785,CUST10937,REP1012,Referral,2026-02-18,34.0,Low Priority
LEAD101786,CUST11101,REP1007,Email,2026-06-21,26.0,Low Priority
LEAD101787,CUST10610,REP1012,Event,2026-03-22,98.0,Qualified
LEAD101788,CUST11172,REP1021,Partner,2026-04-30,83.0,Qualified
LEAD101789,CUST10217,REP1020,Event,2026-06-27,96.0,Qualified
LEAD101790,CUST10360,REP1021,Email,2026-05-23,39.0,Low Priority
LEAD101791,CUST11117,REP1019,Event,2026-05-16,43.0,New
LEAD101792,CUST10211,REP1002,Event,2026-06-25,42.0,New
LEAD101793,CUST10792,REP1019,Website,2026-05-05,65.0,Nurturing
LEAD101794,CUST10264,REP1027,Event,2026-02-11,34.0,Low Priority
LEAD101795,CUST10398,REP1020,Website,2026-05-12,39.0,Low Priority
LEAD101796,CUST10574,REP1018,Event,2026-02-28,98.0,Qualified
LEAD101797,CUST10432,REP1007,Event,2026-03-01,48.0,New
LEAD101798,CUST11050,REP1024,Referral,2026-04-27,83.0,Qualified
LEAD101799,CUST11168,REP1014,Website,2026-02-27,38.0,Low Priority
LEAD101800,CUST10601,REP1008,Partner,2026-01-05,95.0,Qualified
LEAD101801,CUST10631,REP1015,Referral,2026-06-30,76.0,Nurturing
LEAD101802,CUST10067,REP1004,Partner,2026-04-14,89.0,Qualified
LEAD101803,CUST10282,REP1028,Website,2026-05-02,61.0,Nurturing
LEAD101804,CUST10048,REP1022,Website,2026-05-27,93.0,Qualified
LEAD101805,CUST11028,REP1010,Partner,2026-04-25,49.0,New
LEAD101806,CUST10273,REP1024,Email,2026-04-21,58.0,New
LEAD101807,CUST10409,REP1002,Referral,2026-05-24,24.0,Low Priority
LEAD101808,CUST11012,REP1012,Referral,2026-02-23,33.0,Low Priority
LEAD101809,CUST10856,REP1020,Website,2026-05-30,82.0,Qualified
LEAD101810,CUST10746,REP1001,Referral,2026-05-12,46.0,New
LEAD101811,CUST10047,REP1022,Referral,2026-02-02,28.0,Low Priority
LEAD101812,CUST10676,REP1025,Referral,2026-01-27,43.0,New
LEAD101813,CUST10674,REP1018,Referral,2026-06-09,48.0,New
LEAD101814,CUST10383,REP1007,Referral,2026-06-11,78.0,Nurturing
LEAD101815,CUST10894,REP1023,Email,2026-06-29,27.0,Low Priority
LEAD101816,CUST11116,REP1011,Referral,2026-01-19,22.0,Low Priority
LEAD101817,CUST10311,REP1023,Email,2026-06-12,78.0,Nurturing
LEAD101818,CUST10398,REP1019,Email,2026-06-06,31.0,Low Priority
LEAD101819,CUST10387,REP1003,Email,2026-05-19,53.0,New
LEAD101820,CUST11002,REP1003,Partner,2026-04-01,75.0,Nurturing
LEAD101821,CUST10094,REP1001,Event,2026-04-03,61.0,Nurturing
LEAD101822,CUST11076,REP1003,Referral,2026-03-19,29.0,Low Priority
LEAD101823,CUST10931,REP1009,Event,2026-01-06,78.0,Nurturing
LEAD101824,CUST10581,REP1001,Referral,2026-04-01,23.0,Low Priority
LEAD101825,CUST10701,REP1029,Website,2026-02-12,38.0,Low Priority
LEAD101826,CUST11074,REP1028,Event,2026-02-06,28.0,Low Priority
LEAD101827,CUST10924,REP1006,Event,2026-01-11,61.0,Nurturing
LEAD101828,CUST10333,REP1010,Website,2026-03-24,75.0,Nurturing
LEAD101829,CUST10061,REP1023,Partner,2026-01-09,72.0,Nurturing
LEAD101830,CUST10791,REP1020,Partner,2026-06-03,31.0,Low Priority
LEAD101831,CUST10175,REP1018,Referral,2026-06-10,47.0,New
LEAD101832,CUST10106,REP1030,Partner,2026-05-25,31.0,Low Priority
LEAD101833,CUST11179,REP1019,Email,2026-02-24,47.0,New
LEAD101834,CUST10569,REP1021,Partner,2026-01-30,38.0,Low Priority
LEAD101835,CUST10782,REP1016,Partner,2026-04-02,79.0,Nurturing
LEAD101836,CUST10261,REP1016,Event,2026-05-02,80.0,Qualified
LEAD101837,CUST10123,REP1009,Referral,2026-01-04,86.0,Qualified
LEAD101838,CUST10076,REP1016,Email,2026-06-05,36.0,Low Priority
LEAD101839,CUST10426,REP1028,Referral,2026-03-21,21.0,Low Priority
LEAD101840,CUST10005,REP1012,Event,2026-05-29,22.0,Low Priority
LEAD101841,CUST10505,REP1004,Referral,2026-01-15,88.0,Qualified
LEAD101842,CUST10390,REP1018,Event,2026-03-19,93.0,Qualified
LEAD101843,CUST10633,REP1024,Email,2026-03-24,37.0,Low Priority
LEAD101844,CUST10708,REP1029,Referral,2026-01-09,90.0,Qualified
LEAD101845,CUST10371,REP1017,Email,2026-05-09,62.0,Nurturing
LEAD101846,CUST10547,REP1024,Referral,2026-06-18,34.0,Low Priority
LEAD101847,CUST10094,REP1008,Referral,2026-04-08,45.0,New
LEAD101848,CUST10363,REP1013,Referral,2026-03-13,41.0,New
LEAD101849,CUST11174,REP1013,Email,2026-04-26,81.0,Qualified
LEAD101850,CUST11190,REP1010,Referral,2026-03-07,35.0,Low Priority
LEAD101851,CUST10583,REP1022,Partner,2026-03-07,34.0,Low Priority
LEAD101852,CUST11128,REP1027,Partner,2026-05-18,78.0,Nurturing
LEAD101853,CUST10602,REP1010,Website,2026-04-17,44.0,New
LEAD101854,CUST10151,REP1005,Referral,2026-02-17,40.0,New
LEAD101855,CUST11042,REP1025,Referral,2026-03-15,85.0,Qualified
LEAD101856,CUST10499,REP1026,Referral,2026-06-01,95.0,Qualified
LEAD101857,CUST10735,REP1029,Event,2026-04-06,64.0,Nurturing
LEAD101858,CUST10779,REP1008,Referral,2026-01-14,87.0,Qualified
LEAD101859,CUST10370,REP1022,Partner,2026-06-05,88.0,Qualified
LEAD101860,CUST10881,REP1022,Email,2026-05-15,67.0,Nurturing
LEAD101861,CUST10602,REP1024,Email,2026-02-18,87.0,Qualified
LEAD101862,CUST10440,REP1025,Email,2026-06-24,20.0,Low Priority
LEAD101863,CUST10358,REP1029,Partner,2026-06-22,22.0,Low Priority
LEAD101864,CUST10896,REP1015,Event,2026-06-30,91.0,Qualified
LEAD101865,CUST10300,REP1003,Event,2026-03-10,31.0,Low Priority
LEAD101866,CUST10149,REP1006,Referral,2026-06-17,78.0,Nurturing
LEAD101867,CUST11059,REP1027,Website,2026-05-26,54.0,New
LEAD101868,CUST10399,REP1026,Referral,2026-06-07,83.0,Qualified
LEAD101869,CUST10770,REP1001,Event,2026-04-10,73.0,Nurturing
LEAD101870,CUST10860,REP1012,Event,2026-02-20,25.0,Low Priority
LEAD101871,CUST11007,REP1008,Email,2026-02-11,47.0,New
LEAD101872,CUST10751,REP1010,Email,2026-06-24,77.0,Nurturing
LEAD101873,CUST10850,REP1020,Referral,2026-04-01,94.0,Qualified
LEAD101874,CUST11005,REP1016,Partner,2026-06-17,85.0,Qualified
LEAD101875,CUST11133,REP1015,Website,2026-04-11,92.0,Qualified
LEAD101876,CUST10057,REP1014,Partner,2026-04-07,97.0,Qualified
LEAD101877,CUST10892,REP1020,Website,2026-01-14,92.0,Qualified
LEAD101878,CUST10210,REP1021,Website,2026-03-14,67.0,Nurturing
LEAD101879,CUST11070,REP1002,Event,2026-04-11,47.0,New
LEAD101880,CUST10059,REP1005,Event,2026-01-20,61.0,Nurturing
LEAD101881,CUST10297,REP1011,Email,2026-01-30,84.0,Qualified
LEAD101882,CUST10231,REP1014,Email,2026-04-17,54.0,New
LEAD101883,CUST10725,REP1030,Referral,2026-02-14,87.0,Qualified
LEAD101884,CUST10006,REP1027,Partner,2026-05-07,76.0,Nurturing
LEAD101885,CUST10021,REP1020,Email,2026-03-25,36.0,Low Priority
LEAD101886,CUST10606,REP1002,Partner,2026-03-15,94.0,Qualified
LEAD101887,CUST11166,REP1004,Referral,2026-01-22,88.0,Qualified
LEAD101888,CUST10634,REP1014,Referral,2026-03-15,68.0,Nurturing
LEAD101889,CUST10536,REP1018,Event,2026-04-09,35.0,Low Priority
LEAD101890,CUST10790,REP1020,Referral,2026-04-14,38.0,Low Priority
LEAD101891,CUST10663,REP1005,Event,2026-02-18,87.0,Qualified
LEAD101892,CUST10462,REP1027,Email,2026-01-06,21.0,Low Priority
LEAD101893,CUST10707,REP1015,Event,2026-06-19,59.0,New
LEAD101894,CUST10004,REP1018,Partner,2026-06-23,70.0,Nurturing
LEAD101895,CUST10294,REP1002,Referral,2026-06-13,38.0,Low Priority
LEAD101896,CUST10809,REP1025,Website,2026-02-22,90.0,Qualified
LEAD101897,CUST10410,REP1017,Partner,2026-04-20,62.0,Nurturing
LEAD101898,CUST10066,REP1007,Referral,2026-01-26,25.0,Low Priority
LEAD101899,CUST10150,REP1010,Website,2026-06-13,45.0,New
LEAD101900,CUST11040,REP1011,Event,2026-01-01,52.0,New
LEAD101901,CUST10396,REP1001,Event,2026-03-27,38.0,Low Priority
LEAD101902,CUST10028,REP1029,Referral,2026-06-05,96.0,Qualified
LEAD101903,CUST10875,REP1025,Email,2026-05-12,49.0,New
LEAD101904,CUST10637,REP1027,Partner,2026-06-06,60.0,Nurturing
LEAD101905,CUST10542,REP1011,Partner,2026-03-31,63.0,Nurturing
LEAD101906,CUST11074,REP1017,Email,2026-01-18,37.0,Low Priority
LEAD101907,CUST10377,REP1014,Partner,2026-01-02,66.0,Nurturing
LEAD101908,CUST10687,REP1015,Event,2026-01-28,48.0,New
LEAD101909,CUST10894,REP1018,Website,2026-01-11,20.0,Low Priority
LEAD101910,CUST10731,REP1014,Email,2026-03-23,53.0,New
LEAD101911,CUST10250,REP1024,Event,2026-01-10,67.0,Nurturing
LEAD101912,CUST10818,REP1002,Event,2026-02-03,29.0,Low Priority
LEAD101913,CUST10893,REP1006,Website,2026-03-17,83.0,Qualified
LEAD101914,CUST10147,REP1027,Website,2026-05-14,73.0,Nurturing
LEAD101915,CUST10199,REP1027,Email,2026-05-03,45.0,New
LEAD101916,CUST10810,REP1025,Event,2026-01-11,67.0,Nurturing
LEAD101917,CUST10143,REP1012,Event,2026-06-13,44.0,New
LEAD101918,CUST11057,REP1014,Event,2026-04-10,72.0,Nurturing
LEAD101919,CUST10132,REP1001,Website,2026-03-05,32.0,Low Priority
LEAD101920,CUST11170,REP1009,Partner,2026-03-11,69.0,Nurturing
LEAD101921,CUST10806,REP1022,Email,2026-06-03,24.0,Low Priority
LEAD101922,CUST10532,REP1011,Email,2026-03-26,21.0,Low Priority
LEAD101923,CUST10323,REP1015,Email,2026-02-14,40.0,New
LEAD101924,CUST10414,REP1004,Referral,2026-03-18,34.0,Low Priority
LEAD101925,CUST10899,REP1015,Partner,2026-01-13,59.0,New
LEAD101926,CUST10904,REP1022,Partner,2026-01-28,33.0,Low Priority
LEAD101927,CUST10251,REP1018,Event,2026-02-26,39.0,Low Priority
LEAD101928,CUST10652,REP1017,Referral,2026-02-09,27.0,Low Priority
LEAD101929,CUST11192,REP1028,Referral,2026-03-05,91.0,Qualified
LEAD101930,CUST10309,REP1008,Website,2026-01-12,79.0,Nurturing
LEAD101931,CUST10833,REP1009,Website,2026-04-21,37.0,Low Priority
LEAD101932,CUST10207,REP1019,Event,2026-01-21,29.0,Low Priority
LEAD101933,CUST11001,REP1015,Event,2026-02-09,88.0,Qualified
LEAD101934,CUST10205,REP1030,Referral,2026-06-26,74.0,Nurturing
LEAD101935,CUST10358,REP1002,Email,2026-01-02,91.0,Qualified
LEAD101936,CUST10552,REP1004,Partner,2026-02-20,34.0,Low Priority
LEAD101937,CUST10445,REP1011,Event,2026-04-01,49.0,New
LEAD101938,CUST10205,REP1014,Referral,2026-02-25,29.0,Low Priority
LEAD101939,CUST10770,REP1027,Event,2026-02-28,54.0,New
LEAD101940,CUST10024,REP1015,Referral,2026-01-24,33.0,Low Priority
LEAD101941,CUST11181,REP1014,Email,2026-03-18,20.0,Low Priority
LEAD101942,CUST10063,REP1006,Referral,2026-05-17,61.0,Nurturing
LEAD101943,CUST10401,REP1014,Email,2026-04-17,99.0,Qualified
LEAD101944,CUST11116,REP1016,Referral,2026-06-17,72.0,Nurturing
LEAD101945,CUST10187,REP1018,Event,2026-05-07,81.0,Qualified
LEAD101946,CUST10088,REP1019,Email,2026-05-23,85.0,Qualified
LEAD101947,CUST10893,REP1013,Referral,2026-03-20,98.0,Qualified
LEAD101948,CUST10088,REP1005,Event,2026-04-21,30.0,Low Priority
LEAD101949,CUST11080,REP1005,Email,2026-04-15,40.0,New
LEAD101950,CUST10542,REP1005,Partner,2026-05-28,69.0,Nurturing
LEAD101951,CUST11044,REP1019,Website,2026-04-01,86.0,Qualified
LEAD101952,CUST10295,REP1026,Event,2026-03-15,82.0,Qualified
LEAD101953,CUST10170,REP1027,Email,2026-01-13,78.0,Nurturing
LEAD101954,CUST11156,REP1010,Email,2026-06-05,45.0,New
LEAD101955,CUST10915,REP1003,Event,2026-03-20,49.0,New
LEAD101956,CUST11094,REP1019,Email,2026-05-25,61.0,Low Priority
LEAD101957,CUST10384,REP1002,Referral,2026-05-03,45.0,New
LEAD101958,CUST10486,REP1019,Referral,2026-01-01,32.0,Low Priority
LEAD101959,CUST10693,REP1012,Website,2026-04-28,95.0,Qualified
LEAD101960,CUST10539,REP1026,Website,2026-03-30,27.0,Low Priority
LEAD101961,CUST10292,REP1019,Email,2026-02-13,49.0,New
LEAD101962,CUST10451,REP1023,Event,2026-02-17,91.0,Qualified
LEAD101963,CUST10731,REP1013,Website,2026-04-26,97.0,Qualified
LEAD101964,CUST10046,REP1026,Partner,2026-01-16,50.0,New
LEAD101965,CUST10404,REP1016,Website,2026-04-20,57.0,New
LEAD101966,CUST10352,REP1019,Partner,2026-06-03,62.0,Nurturing
LEAD101967,CUST10085,REP1011,Email,2026-01-16,86.0,Qualified
LEAD101968,CUST10148,REP1014,Event,2026-01-02,82.0,Qualified
LEAD101969,CUST10595,REP1026,Event,2026-01-11,62.0,Nurturing
LEAD101970,CUST10123,REP1012,Referral,2026-05-13,50.0,New
LEAD101971,CUST10414,REP1001,Event,2026-06-03,50.0,New
LEAD101972,CUST10674,REP1012,Email,2026-06-28,72.0,Nurturing
LEAD101973,CUST11049,REP1012,Referral,2026-01-06,87.0,Qualified
LEAD101974,CUST10119,REP1013,Referral,2026-03-29,26.0,Low Priority
LEAD101975,CUST10522,REP1003,Website,2026-01-09,82.0,Qualified
LEAD101976,CUST10124,REP1004,Event,2026-03-09,58.0,New
LEAD101977,CUST10515,REP1010,Referral,2026-02-25,31.0,Low Priority
LEAD101978,CUST10577,REP1013,Referral,2026-04-20,27.0,Low Priority
LEAD101979,CUST10960,REP1001,Partner,2026-06-14,47.0,New
LEAD101980,CUST10531,REP1012,Website,2026-05-26,40.0,New
LEAD101981,CUST11123,REP1010,Event,2026-01-12,28.0,Low Priority
LEAD101982,CUST10166,REP1002,Email,2026-02-13,43.0,New
LEAD101983,CUST10064,REP1008,Website,2026-02-19,87.0,Qualified
LEAD101984,CUST10006,REP1009,Website,2026-02-15,78.0,Nurturing
LEAD101985,CUST10429,REP1005,Website,2026-03-05,36.0,Low Priority
LEAD101986,CUST10232,REP1023,Event,2026-04-20,74.0,Nurturing
LEAD101987,CUST10110,REP1003,Partner,2026-05-14,56.0,New
LEAD101988,CUST10284,REP1018,Email,2026-06-20,80.0,Qualified
LEAD101989,CUST11170,REP1020,Website,2026-05-08,40.0,New
LEAD101990,CUST10961,REP1025,Referral,2026-02-24,25.0,Low Priority
LEAD101991,CUST10023,REP1017,Partner,2026-02-03,45.0,New
LEAD101992,CUST11099,REP1017,Referral,2026-03-10,100.0,Qualified
LEAD101993,CUST10247,REP1023,Email,2026-05-25,65.0,Nurturing
LEAD101994,CUST10488,REP1026,Event,2026-06-29,24.0,Low Priority
LEAD101995,CUST10394,REP1007,Referral,2026-03-13,99.0,Qualified
LEAD101996,CUST10487,REP1024,Email,2026-02-01,86.0,Qualified
LEAD101997,CUST10913,REP1014,Event,2026-01-01,64.0,Nurturing
LEAD101998,CUST10855,REP1003,Event,2026-01-14,79.0,Nurturing
LEAD101999,CUST10713,REP1019,Website,2026-04-26,34.0,Low Priority
LEAD102000,CUST10753,REP1030,Website,2026-04-17,67.0,Nurturing
LEAD102001,CUST10874,REP1005,Event,2026-04-27,93.0,Qualified
LEAD102002,CUST10221,REP1001,Event,2026-01-05,55.0,New
LEAD102003,CUST10475,REP1028,Referral,2026-03-21,23.0,Low Priority
LEAD102004,CUST10130,REP1018,Partner,2026-02-02,81.0,Qualified
LEAD102005,CUST10846,REP1007,Partner,2026-03-02,79.0,Nurturing
LEAD102006,CUST10526,REP1024,Email,2026-04-23,79.0,Nurturing
LEAD102007,CUST10765,REP1012,Email,2026-02-19,72.0,Nurturing
LEAD102008,CUST10678,REP1010,Referral,2026-04-30,31.0,Low Priority
LEAD102009,CUST10329,REP1009,Event,2026-02-22,29.0,Low Priority
LEAD102010,CUST10167,REP1018,Website,2026-04-03,84.0,Qualified
LEAD102011,CUST11168,REP1005,Website,2026-03-25,89.0,Qualified
LEAD102012,CUST10352,REP1011,Event,2026-03-11,26.0,Low Priority
LEAD102013,CUST10132,REP1010,Website,2026-01-23,67.0,Nurturing
LEAD102014,CUST10368,REP1002,Event,2026-04-15,60.0,Nurturing
LEAD102015,CUST11083,REP1023,Referral,2026-06-29,48.0,New
LEAD102016,CUST10314,REP1001,Referral,2026-04-27,72.0,Nurturing
LEAD102017,CUST11185,REP1029,Website,2026-05-15,94.0,Qualified
LEAD102018,CUST10553,REP1003,Event,2026-05-26,86.0,Qualified
LEAD102019,CUST11035,REP1011,Referral,2026-01-07,32.0,Low Priority
LEAD102020,CUST10784,REP1003,Website,2026-05-24,57.0,New
LEAD102021,CUST10053,REP1012,Partner,2026-02-13,95.0,Qualified
LEAD102022,CUST10612,REP1019,Website,2026-05-01,39.0,Low Priority
LEAD102023,CUST10501,REP1003,Email,2026-06-28,89.0,Qualified
LEAD102024,CUST10242,REP1016,Website,2026-06-11,59.0,New
LEAD102025,CUST10660,REP1024,Partner,2026-03-17,62.0,Nurturing
LEAD102026,CUST10124,REP1014,Referral,2026-06-01,40.0,New
LEAD102027,CUST10838,REP1004,Website,2026-04-22,94.0,Qualified
LEAD102028,CUST10987,REP1021,Website,2026-01-25,62.0,Nurturing
LEAD102029,CUST10112,REP1006,Partner,2026-02-13,66.0,Nurturing
LEAD102030,CUST10576,REP1001,Referral,2026-06-23,57.0,New
LEAD102031,CUST10787,REP1014,Website,2026-06-15,27.0,Low Priority
LEAD102032,CUST10075,REP1009,Website,2026-06-11,83.0,Qualified
LEAD102033,CUST10468,REP1001,Event,2026-03-11,46.0,New
LEAD102034,CUST10310,REP1024,Email,2026-02-28,39.0,Low Priority
LEAD102035,CUST10048,REP1018,Email,2026-05-26,83.0,Qualified
LEAD102036,CUST10965,REP1028,Event,2026-01-04,36.0,Low Priority
LEAD102037,CUST10534,REP1015,Website,2026-06-12,75.0,Nurturing
LEAD102038,CUST10903,REP1014,Email,2026-04-20,58.0,New
LEAD102039,CUST10705,REP1026,Email,2026-04-25,84.0,Qualified
LEAD102040,CUST11051,REP1003,Referral,2026-03-21,24.0,Low Priority
LEAD102041,CUST11197,REP1011,Partner,2026-06-27,82.0,Qualified
LEAD102042,CUST10723,REP1024,Email,2026-05-16,38.0,Low Priority
LEAD102043,CUST10423,REP1009,Email,2026-01-10,90.0,Qualified
LEAD102044,CUST10508,REP1027,Referral,2026-04-05,48.0,New
LEAD102045,CUST10991,REP1009,Email,2026-06-05,20.0,Low Priority
LEAD102046,CUST10512,REP1013,Email,2026-01-14,59.0,New
LEAD102047,CUST10624,REP1027,Website,2026-05-14,24.0,Low Priority
LEAD102048,CUST10233,REP1008,Partner,2026-02-14,41.0,New
LEAD102049,CUST11189,REP1030,Partner,2026-04-02,78.0,Nurturing
LEAD102050,CUST10781,REP1002,Referral,2026-06-09,65.0,Nurturing
LEAD102051,CUST10397,REP1008,Website,2026-03-31,77.0,Nurturing
LEAD102052,CUST10703,REP1018,Website,2026-01-07,91.0,Qualified
LEAD102053,CUST10482,REP1018,Email,2026-01-04,57.0,New
LEAD102054,CUST10186,REP1028,Event,2026-05-14,64.0,Nurturing
LEAD102055,CUST11050,REP1029,Partner,2026-06-18,24.0,Low Priority
LEAD102056,CUST11063,REP1021,Event,2026-02-22,43.0,New
LEAD102057,CUST11002,REP1020,Event,2026-06-19,78.0,Nurturing
LEAD102058,CUST10443,REP1010,Email,2026-03-23,25.0,Low Priority
LEAD102059,CUST10308,REP1025,Partner,2026-01-11,49.0,New
LEAD102060,CUST10060,REP1020,Event,2026-04-07,31.0,Low Priority
LEAD102061,CUST10878,REP1001,Email,2026-06-26,89.0,Qualified
LEAD102062,CUST10394,REP1025,Event,2026-02-15,65.0,Nurturing
LEAD102063,CUST11071,REP1011,Event,2026-06-23,72.0,Nurturing
LEAD102064,CUST11044,REP1015,Website,2026-04-29,75.0,Nurturing
LEAD102065,CUST10154,REP1015,Email,2026-03-13,38.0,Low Priority
LEAD102066,CUST11101,REP1025,Email,2026-05-06,24.0,Low Priority
LEAD102067,CUST10169,REP1009,Event,2026-03-14,52.0,New
LEAD102068,CUST10589,REP1012,Referral,2026-01-16,35.0,Low Priority
LEAD102069,CUST10569,REP1002,Event,2026-06-07,46.0,New
LEAD102070,CUST11148,REP1011,Partner,2026-03-09,45.0,New
LEAD102071,CUST10789,REP1003,Referral,2026-04-13,83.0,Qualified
LEAD102072,CUST11051,REP1018,Website,2026-05-15,45.0,New
LEAD102073,CUST10715,REP1027,Referral,2026-01-16,32.0,Low Priority
LEAD102074,CUST10991,REP1014,Event,2026-05-11,97.0,Qualified
LEAD102075,CUST11023,REP1028,Email,2026-03-08,23.0,Low Priority
LEAD102076,CUST11032,REP1030,Email,2026-04-09,36.0,Low Priority
LEAD102077,CUST10494,REP1002,Event,2026-03-24,48.0,New
LEAD102078,CUST10459,REP1016,Referral,2026-05-21,25.0,Low Priority
LEAD102079,CUST11182,REP1016,Email,2026-02-03,92.0,Qualified
LEAD102080,CUST10908,REP1012,Referral,2026-01-20,48.0,New
LEAD102081,CUST11101,REP1025,Event,2026-03-16,83.0,Qualified
LEAD102082,CUST10693,REP1012,Partner,2026-01-22,30.0,Low Priority
LEAD102083,CUST11115,REP1002,Event,2026-02-13,62.0,Nurturing
LEAD102084,CUST10864,REP1017,Email,2026-04-30,30.0,Low Priority
LEAD102085,CUST10892,REP1007,Email,2026-05-29,38.0,Low Priority
LEAD102086,CUST10214,REP1011,Event,2026-05-06,53.0,New
LEAD102087,CUST10681,REP1016,Email,2026-02-27,89.0,Qualified
LEAD102088,CUST10878,REP1022,Referral,2026-05-28,61.0,New
LEAD102089,CUST10914,REP1009,Partner,2026-03-15,81.0,Qualified
LEAD102090,CUST11150,REP1012,Partner,2026-02-02,27.0,Low Priority
LEAD102091,CUST10393,REP1003,Website,2026-05-17,40.0,New
LEAD102092,CUST10364,REP1012,Partner,2026-04-04,68.0,Nurturing
LEAD102093,CUST11164,REP1018,Partner,2026-03-09,57.0,New
LEAD102094,CUST11184,REP1019,Referral,2026-04-30,60.0,Nurturing
LEAD102095,CUST10216,REP1009,Website,2026-05-12,74.0,Nurturing
LEAD102096,CUST10455,REP1002,Partner,2026-02-10,26.0,Low Priority
LEAD102097,CUST11138,REP1018,Partner,2026-01-22,76.0,Nurturing
LEAD102098,CUST10240,REP1020,Website,2026-04-04,89.0,Qualified
LEAD102099,CUST10940,REP1003,Email,2026-01-10,82.0,Qualified
LEAD102100,CUST10135,REP1016,Website,2026-04-26,43.0,New
LEAD102101,CUST10214,REP1003,Website,2026-03-21,48.0,New
LEAD102102,CUST10942,REP1014,Partner,2026-02-08,97.0,Qualified
LEAD102103,CUST10729,REP1020,Referral,2026-04-19,83.0,Qualified
LEAD102104,CUST10666,REP1022,Event,2026-03-09,95.0,Qualified
LEAD102105,CUST11028,REP1022,Website,2026-03-12,93.0,Qualified
LEAD102106,CUST10369,REP1023,Referral,2026-02-09,55.0,New
LEAD102107,CUST10604,REP1008,Email,2026-05-03,30.0,Low Priority
LEAD102108,CUST10731,REP1026,Referral,2026-06-13,38.0,Low Priority
LEAD102109,CUST10888,REP1011,Event,2026-04-22,43.0,New
LEAD102110,CUST10399,REP1012,Email,2026-02-12,87.0,Qualified
LEAD102111,CUST10761,REP1024,Event,2026-05-31,42.0,New
LEAD102112,CUST10539,REP1010,Event,2026-01-22,49.0,New
LEAD102113,CUST10651,REP1003,Website,2026-02-22,88.0,Qualified
LEAD102114,CUST11036,REP1022,Partner,2026-01-07,33.0,Low Priority
LEAD102115,CUST10473,REP1020,Email,2026-06-03,73.0,Nurturing
LEAD102116,CUST10802,REP1018,Website,2026-01-09,64.0,Nurturing
LEAD102117,CUST11131,REP1005,Partner,2026-04-09,99.0,Qualified
LEAD102118,CUST10915,REP1019,Email,2026-02-04,59.0,New
LEAD102119,CUST11187,REP1006,Email,2026-02-08,62.0,Nurturing
LEAD102120,CUST10701,REP1017,Partner,2026-04-21,88.0,Qualified
LEAD102121,CUST10339,REP1016,Event,2026-05-26,100.0,Qualified
LEAD102122,CUST11190,REP1024,Email,2026-01-04,79.0,Nurturing
LEAD102123,CUST10774,REP1030,Website,2026-01-29,76.0,Nurturing
LEAD102124,CUST10290,REP1006,Referral,2026-02-21,90.0,Qualified
LEAD102125,CUST10381,REP1004,Event,2026-06-20,99.0,Qualified
LEAD102126,CUST10315,REP1017,Website,2026-01-11,79.0,Nurturing
LEAD102127,CUST11001,REP1029,Website,2026-02-02,43.0,New
LEAD102128,CUST10112,REP1005,Referral,2026-03-15,72.0,Nurturing
LEAD102129,CUST10888,REP1015,Event,2026-02-28,39.0,Low Priority
LEAD102130,CUST10665,REP1013,Email,2026-01-09,60.0,Nurturing
LEAD102131,CUST10089,REP1010,Website,2026-04-08,56.0,New
LEAD102132,CUST10737,REP1020,Referral,2026-04-20,99.0,Qualified
LEAD102133,CUST10904,REP1009,Event,2026-02-02,64.0,Nurturing
LEAD102134,CUST10872,REP1015,Referral,2026-05-05,97.0,Qualified
LEAD102135,CUST10635,REP1026,Partner,2026-01-11,85.0,Qualified
LEAD102136,CUST10403,REP1012,Partner,2026-05-13,88.0,Qualified
LEAD102137,CUST10197,REP1001,Email,2026-02-16,33.0,Low Priority
LEAD102138,CUST10015,REP1027,Email,2026-02-10,82.0,Qualified
LEAD102139,CUST10432,REP1009,Event,2026-02-05,40.0,New
LEAD102140,CUST10759,REP1024,Website,2026-06-07,66.0,Nurturing
LEAD102141,CUST10046,REP1023,Partner,2026-04-01,59.0,New
LEAD102142,CUST11199,REP1016,Email,2026-05-05,41.0,New
LEAD102143,CUST10704,REP1003,Partner,2026-02-06,99.0,Qualified
LEAD102144,CUST10354,REP1029,Email,2026-01-11,90.0,Qualified
LEAD102145,CUST11155,REP1021,Email,2026-01-07,66.0,Nurturing
LEAD102146,CUST10221,REP1013,Referral,2026-03-21,20.0,Low Priority
LEAD102147,CUST11150,REP1026,Website,2026-03-01,34.0,Low Priority
LEAD102148,CUST10339,REP1024,Event,2026-05-19,38.0,Low Priority
LEAD102149,CUST10456,REP1023,Event,2026-05-23,98.0,Qualified
LEAD102150,CUST10511,REP1006,Event,2026-02-26,52.0,New
LEAD102151,CUST11194,REP1019,Referral,2026-03-20,23.0,Low Priority
LEAD102152,CUST10302,REP1009,Referral,2026-03-11,67.0,Nurturing
LEAD102153,CUST11168,REP1003,Referral,2026-05-03,61.0,Qualified
LEAD102154,CUST10417,REP1011,Website,2026-04-24,65.0,Nurturing
LEAD102155,CUST10343,REP1004,Website,2026-04-28,55.0,New
LEAD102156,CUST10766,REP1004,Referral,2026-01-11,34.0,Low Priority
LEAD102157,CUST10833,REP1022,Event,2026-03-03,91.0,Qualified
LEAD102158,CUST10415,REP1016,Referral,2026-06-25,28.0,Low Priority
LEAD102159,CUST10161,REP1012,Partner,2026-03-03,95.0,Qualified
LEAD102160,CUST10476,REP1006,Partner,2026-02-01,38.0,Low Priority
LEAD102161,CUST10649,REP1024,Referral,2026-02-06,31.0,Low Priority
LEAD102162,CUST10049,REP1020,Event,2026-01-05,48.0,New
LEAD102163,CUST10095,REP1018,Website,2026-05-22,20.0,Low Priority
LEAD102164,CUST11102,REP1006,Event,2026-01-01,21.0,Low Priority
LEAD102165,CUST10044,REP1004,Email,2026-04-18,35.0,Low Priority
LEAD102166,CUST10489,REP1004,Referral,2026-03-14,76.0,Nurturing
LEAD102167,CUST10917,REP1001,Email,2026-01-18,85.0,Qualified
LEAD102168,CUST10394,REP1030,Partner,2026-06-10,40.0,New
LEAD102169,CUST10594,REP1012,Event,2026-05-15,72.0,Nurturing
LEAD102170,CUST10104,REP1020,Website,2026-05-29,48.0,New
LEAD102171,CUST10954,REP1030,Website,2026-06-19,55.0,New
LEAD102172,CUST10762,REP1029,Partner,2026-06-15,47.0,New
LEAD102173,CUST11022,REP1010,Event,2026-05-07,92.0,Qualified
LEAD102174,CUST11037,REP1015,Website,2026-04-07,61.0,Nurturing
LEAD102175,CUST10421,REP1014,Email,2026-05-07,61.0,Nurturing
LEAD102176,CUST10050,REP1002,Event,2026-03-23,89.0,Qualified
LEAD102177,CUST10416,REP1024,Partner,2026-02-02,73.0,Nurturing
LEAD102178,CUST10175,REP1018,Event,2026-03-11,32.0,Low Priority
LEAD102179,CUST10640,REP1012,Email,2026-03-26,35.0,Low Priority
LEAD102180,CUST10176,REP1017,Referral,2026-01-09,47.0,New
LEAD102181,CUST11107,REP1023,Event,2026-06-03,27.0,Low Priority
LEAD102182,CUST10723,REP1001,Email,2026-06-14,76.0,Nurturing
LEAD102183,CUST10304,REP1020,Website,2026-03-18,60.0,Nurturing
LEAD102184,CUST11106,REP1026,Partner,2026-03-31,23.0,Low Priority
LEAD102185,CUST10924,REP1022,Email,2026-06-02,52.0,New
LEAD102186,CUST10526,REP1019,Event,2026-03-24,87.0,Qualified
LEAD102187,CUST10176,REP1003,Email,2026-05-05,93.0,Qualified
LEAD102188,CUST10413,REP1023,Partner,2026-04-04,97.0,Qualified
LEAD102189,CUST10701,REP1023,Referral,2026-02-19,94.0,Qualified
LEAD102190,CUST10920,REP1015,Website,2026-05-24,69.0,Nurturing
LEAD102191,CUST10315,REP1018,Website,2026-02-04,95.0,Qualified
LEAD102192,CUST10892,REP1019,Email,2026-02-10,97.0,Qualified
LEAD102193,CUST10340,REP1004,Event,2026-05-06,71.0,Nurturing
LEAD102194,CUST10297,REP1008,Website,2026-05-09,53.0,New
LEAD102195,CUST10537,REP1024,Email,2026-06-22,98.0,Qualified
LEAD102196,CUST10193,REP1030,Partner,2026-05-09,53.0,New
LEAD102197,CUST10486,REP1009,Website,2026-01-05,33.0,Low Priority
LEAD102198,CUST10430,REP1013,Referral,2026-06-03,28.0,Low Priority
LEAD102199,CUST10337,REP1028,Referral,2026-03-16,65.0,Nurturing
LEAD102200,CUST10931,REP1005,Email,2026-01-02,22.0,Low Priority
LEAD102201,CUST10399,REP1008,Referral,2026-04-15,29.0,Low Priority
LEAD102202,CUST10835,REP1002,Event,2026-01-31,39.0,Low Priority
LEAD102203,CUST10865,REP1008,Referral,2026-03-17,62.0,Nurturing
LEAD102204,CUST10800,REP1020,Website,2026-03-27,58.0,New
LEAD102205,CUST10324,REP1011,Website,2026-01-14,61.0,Nurturing
LEAD102206,CUST10996,REP1030,Partner,2026-06-03,61.0,Nurturing
LEAD102207,CUST10284,REP1027,Partner,2026-04-03,100.0,Qualified
LEAD102208,CUST10333,REP1027,Email,2026-06-24,37.0,Low Priority
LEAD102209,CUST11050,REP1022,Partner,2026-03-26,58.0,New
LEAD102210,CUST10408,REP1022,Website,2026-04-18,69.0,Nurturing
LEAD102211,CUST10837,REP1016,Referral,2026-05-28,42.0,New
LEAD102212,CUST10051,REP1030,Partner,2026-02-08,34.0,Low Priority
LEAD102213,CUST10738,REP1003,Referral,2026-06-14,23.0,Low Priority
LEAD102214,CUST11043,REP1022,Email,2026-02-03,46.0,New
LEAD102215,CUST10851,REP1005,Event,2026-06-30,40.0,New
LEAD102216,CUST10699,REP1011,Referral,2026-04-26,35.0,Low Priority
LEAD102217,CUST11019,REP1008,Partner,2026-04-04,41.0,New
LEAD102218,CUST10358,REP1019,Event,2026-02-08,76.0,Nurturing
LEAD102219,CUST10453,REP1024,Referral,2026-04-14,87.0,Qualified
LEAD102220,CUST10084,REP1003,Partner,2026-04-11,61.0,Nurturing
LEAD102221,CUST10839,REP1019,Referral,2026-06-28,25.0,Low Priority
LEAD102222,CUST10869,REP1007,Email,2026-06-01,79.0,Nurturing
LEAD102223,CUST10902,REP1003,Email,2026-03-29,32.0,Low Priority
LEAD102224,CUST10899,REP1013,Website,2026-03-12,24.0,Low Priority
LEAD102225,CUST10153,REP1018,Website,2026-03-12,66.0,Nurturing
LEAD102226,CUST10800,REP1007,Website,2026-03-10,54.0,New
LEAD102227,CUST10916,REP1012,Website,2026-01-03,45.0,New
LEAD102228,CUST10245,REP1029,Website,2026-01-07,98.0,Qualified
LEAD102229,CUST10572,REP1011,Email,2026-05-17,27.0,Low Priority
LEAD102230,CUST11096,REP1030,Event,2026-02-15,24.0,Low Priority
LEAD102231,CUST10498,REP1026,Partner,2026-03-16,67.0,Nurturing
LEAD102232,CUST10904,REP1012,Event,2026-05-07,53.0,New
LEAD102233,CUST10637,REP1018,Email,2026-04-20,84.0,Qualified
LEAD102234,CUST10790,REP1022,Event,2026-03-07,23.0,Low Priority
LEAD102235,CUST10752,REP1014,Email,2026-05-17,53.0,New
LEAD102236,CUST10782,REP1013,Website,2026-01-29,31.0,Low Priority
LEAD102237,CUST10936,REP1010,Partner,2026-03-27,23.0,Low Priority
LEAD102238,CUST11086,REP1005,Partner,2026-01-20,57.0,New
LEAD102239,CUST10355,REP1001,Email,2026-04-07,79.0,Nurturing
LEAD102240,CUST11114,REP1011,Email,2026-01-18,32.0,Low Priority
LEAD102241,CUST10754,REP1024,Website,2026-06-20,88.0,Qualified
LEAD102242,CUST10715,REP1008,Email,2026-04-30,62.0,Nurturing
LEAD102243,CUST10394,REP1006,Event,2026-02-14,58.0,New
LEAD102244,CUST10501,REP1010,Website,2026-04-21,94.0,Qualified
LEAD102245,CUST10782,REP1018,Partner,2026-03-05,46.0,New
LEAD102246,CUST10437,REP1007,Event,2026-04-04,36.0,Low Priority
LEAD102247,CUST10345,REP1007,Website,2026-01-31,83.0,Qualified
LEAD102248,CUST10983,REP1004,Website,2026-04-01,28.0,Low Priority
LEAD102249,CUST10499,REP1010,Event,2026-01-20,90.0,Qualified
LEAD102250,CUST10774,REP1007,Website,2026-01-28,86.0,Qualified
LEAD102251,CUST10038,REP1025,Email,2026-04-16,99.0,Qualified
LEAD102252,CUST10093,REP1028,Event,2026-04-01,57.0,New
LEAD102253,CUST11018,REP1012,Partner,2026-02-23,70.0,Nurturing
LEAD102254,CUST10171,REP1003,Partner,2026-01-11,91.0,Qualified
LEAD102255,CUST10955,REP1003,Partner,2026-03-18,30.0,Low Priority
LEAD102256,CUST11081,REP1010,Referral,2026-06-17,44.0,New
LEAD102257,CUST10578,REP1014,Referral,2026-05-09,58.0,New
LEAD102258,CUST11062,REP1016,Partner,2026-01-11,70.0,Nurturing
LEAD102259,CUST10513,REP1010,Event,2026-06-19,75.0,Nurturing
LEAD102260,CUST11143,REP1011,Event,2026-03-18,94.0,Qualified
LEAD102261,CUST10285,REP1009,Event,2026-04-15,59.0,New
LEAD102262,CUST10514,REP1016,Website,2026-01-01,33.0,Low Priority
LEAD102263,CUST10467,REP1021,Referral,2026-02-26,35.0,Low Priority
LEAD102264,CUST10941,REP1002,Email,2026-05-23,84.0,Qualified
LEAD102265,CUST10053,REP1015,Partner,2026-03-01,57.0,New
LEAD102266,CUST10994,REP1020,Referral,2026-01-31,71.0,Nurturing
LEAD102267,CUST10029,REP1021,Referral,2026-01-17,65.0,Nurturing
LEAD102268,CUST10379,REP1017,Website,2026-06-17,85.0,Qualified
LEAD102269,CUST10716,REP1016,Referral,2026-05-28,37.0,Low Priority
LEAD102270,CUST10175,REP1021,Partner,2026-01-08,33.0,Low Priority
LEAD102271,CUST10589,REP1012,Partner,2026-06-17,79.0,Nurturing
LEAD102272,CUST11197,REP1018,Partner,2026-05-29,55.0,New
LEAD102273,CUST10988,REP1010,Referral,2026-03-07,86.0,Qualified
LEAD102274,CUST10037,REP1014,Referral,2026-04-29,30.0,Low Priority
LEAD102275,CUST10711,REP1004,Event,2026-02-16,42.0,New
LEAD102276,CUST10717,REP1011,Partner,2026-02-15,97.0,Qualified
LEAD102277,CUST10082,REP1005,Referral,2026-05-10,88.0,Qualified
LEAD102278,CUST10781,REP1007,Email,2026-02-06,25.0,Low Priority
LEAD102279,CUST10626,REP1013,Partner,2026-03-06,86.0,Qualified
LEAD102280,CUST10819,REP1016,Partner,2026-03-06,25.0,Low Priority
LEAD102281,CUST10358,REP1029,Referral,2026-01-28,29.0,Low Priority
LEAD102282,CUST10307,REP1001,Email,2026-05-30,92.0,Qualified
LEAD102283,CUST10884,REP1027,Website,2026-05-02,61.0,Low Priority
LEAD102284,CUST10866,REP1010,Event,2026-06-06,44.0,New
LEAD102285,CUST10195,REP1022,Partner,2026-04-05,30.0,Low Priority
LEAD102286,CUST10260,REP1021,Partner,2026-02-01,68.0,Nurturing
LEAD102287,CUST10704,REP1030,Referral,2026-02-20,24.0,Low Priority
LEAD102288,CUST10995,REP1004,Partner,2026-03-05,43.0,New
LEAD102289,CUST10243,REP1030,Email,2026-06-20,46.0,New
LEAD102290,CUST10263,REP1002,Partner,2026-02-12,72.0,Nurturing
LEAD102291,CUST10970,REP1027,Website,2026-05-06,60.0,Nurturing
LEAD102292,CUST10837,REP1020,Partner,2026-01-23,35.0,Low Priority
LEAD102293,CUST11083,REP1015,Referral,2026-06-23,57.0,New
LEAD102294,CUST10941,REP1012,Website,2026-04-28,57.0,New
LEAD102295,CUST11144,REP1003,Event,2026-03-19,48.0,New
LEAD102296,CUST10227,REP1025,Referral,2026-03-04,63.0,Nurturing
LEAD102297,CUST10327,REP1022,Partner,2026-03-06,46.0,New
LEAD102298,CUST10286,REP1029,Website,2026-02-10,47.0,New
LEAD102299,CUST10067,REP1022,Referral,2026-04-19,83.0,Qualified
LEAD102300,CUST10935,REP1029,Referral,2026-06-06,40.0,New
LEAD102301,CUST10795,REP1027,Website,2026-02-13,46.0,New
LEAD102302,CUST10104,REP1013,Event,2026-05-16,31.0,Low Priority
LEAD102303,CUST10238,REP1022,Referral,2026-04-13,76.0,Nurturing
LEAD102304,CUST10229,REP1008,Partner,2026-05-21,77.0,Nurturing
LEAD102305,CUST10484,REP1024,Partner,2026-05-20,74.0,Nurturing
LEAD102306,CUST10547,REP1019,Partner,2026-01-08,33.0,Low Priority
LEAD102307,CUST10347,REP1014,Partner,2026-01-04,56.0,New
LEAD102308,CUST11117,REP1019,Partner,2026-06-15,43.0,New
LEAD102309,CUST10256,REP1009,Website,2026-01-29,81.0,Qualified
LEAD102310,CUST10675,REP1019,Email,2026-04-15,47.0,New
LEAD102311,CUST10526,REP1015,Website,2026-05-17,53.0,New
LEAD102312,CUST10466,REP1010,Partner,2026-04-02,61.0,New
LEAD102313,CUST10991,REP1030,Referral,2026-01-02,81.0,Qualified
LEAD102314,CUST11175,REP1002,Partner,2026-01-02,76.0,Nurturing
LEAD102315,CUST10008,REP1023,Website,2026-05-02,86.0,Qualified
LEAD102316,CUST10557,REP1007,Email,2026-06-12,54.0,New
LEAD102317,CUST10143,REP1007,Partner,2026-03-04,86.0,Qualified
LEAD102318,CUST10521,REP1005,Website,2026-04-09,90.0,Qualified
LEAD102319,CUST10741,REP1004,Website,2026-06-19,62.0,Nurturing
LEAD102320,CUST10494,REP1004,Partner,2026-05-30,75.0,Nurturing
LEAD102321,CUST10371,REP1025,Email,2026-04-08,93.0,Qualified
LEAD102322,CUST10375,REP1028,Partner,2026-04-29,87.0,Qualified
LEAD102323,CUST10360,REP1018,Email,2026-06-23,42.0,New
LEAD102324,CUST10391,REP1001,Email,2026-05-25,78.0,Nurturing
LEAD102325,CUST10449,REP1026,Event,2026-03-17,56.0,New
LEAD102326,CUST10826,REP1019,Event,2026-05-06,32.0,Low Priority
LEAD102327,CUST10116,REP1016,Event,2026-03-01,50.0,New
LEAD102328,CUST10050,REP1029,Email,2026-06-16,99.0,Qualified
LEAD102329,CUST10621,REP1013,Partner,2026-01-17,97.0,Qualified
LEAD102330,CUST10819,REP1011,Partner,2026-02-10,83.0,Qualified
LEAD102331,CUST10311,REP1024,Email,2026-03-04,100.0,Qualified
LEAD102332,CUST10242,REP1016,Website,2026-02-06,66.0,Nurturing
LEAD102333,CUST10750,REP1022,Email,2026-04-18,81.0,Qualified
LEAD102334,CUST10462,REP1021,Partner,2026-05-09,33.0,Low Priority
LEAD102335,CUST10884,REP1026,Partner,2026-06-11,44.0,New
LEAD102336,CUST10176,REP1010,Event,2026-04-01,33.0,Low Priority
LEAD102337,CUST10146,REP1003,Email,2026-04-23,95.0,Qualified
LEAD102338,CUST10664,REP1015,Event,2026-04-19,69.0,Nurturing
LEAD102339,CUST10471,REP1020,Event,2026-01-01,95.0,Qualified
LEAD102340,CUST10876,REP1025,Event,2026-05-09,53.0,New
LEAD102341,CUST10608,REP1009,Referral,2026-01-05,52.0,New
LEAD102342,CUST10426,REP1023,Website,2026-04-10,74.0,Nurturing
LEAD102343,CUST10192,REP1025,Referral,2026-06-30,66.0,Nurturing
LEAD102344,CUST10197,REP1025,Email,2026-05-23,50.0,New
LEAD102345,CUST10908,REP1025,Event,2026-04-02,45.0,New
LEAD102346,CUST10272,REP1030,Event,2026-02-27,61.0,Nurturing
LEAD102347,CUST10603,REP1020,Email,2026-06-01,26.0,Low Priority
LEAD102348,CUST10982,REP1012,Email,2026-06-05,35.0,Low Priority
LEAD102349,CUST11078,REP1014,Event,2026-03-08,23.0,Low Priority
LEAD102350,CUST10322,REP1023,Email,2026-01-20,32.0,Low Priority
LEAD102351,CUST10132,REP1008,Website,2026-04-16,36.0,Low Priority
LEAD102352,CUST10930,REP1019,Partner,2026-04-25,26.0,Low Priority
LEAD102353,CUST10825,REP1018,Referral,2026-06-19,24.0,Low Priority
LEAD102354,CUST10398,REP1020,Email,2026-06-11,86.0,Qualified
LEAD102355,CUST10713,REP1013,Email,2026-02-11,34.0,Low Priority
LEAD102356,CUST10227,REP1023,Referral,2026-02-15,64.0,Nurturing
LEAD102357,CUST10841,REP1003,Referral,2026-06-30,27.0,Low Priority
LEAD102358,CUST10873,REP1023,Website,2026-03-01,96.0,Qualified
LEAD102359,CUST10360,REP1025,Referral,2026-03-24,39.0,Low Priority
LEAD102360,CUST10563,REP1027,Event,2026-02-25,80.0,Qualified
LEAD102361,CUST10401,REP1028,Email,2026-03-13,71.0,Nurturing
LEAD102362,CUST10038,REP1011,Event,2026-04-13,82.0,Qualified
LEAD102363,CUST10153,REP1002,Event,2026-02-22,70.0,Nurturing
LEAD102364,CUST11152,REP1020,Event,2026-03-16,61.0,Nurturing
LEAD102365,CUST10548,REP1003,Website,2026-03-05,82.0,Qualified
LEAD102366,CUST10178,REP1009,Referral,2026-01-20,86.0,Qualified
LEAD102367,CUST10054,REP1022,Website,2026-05-23,50.0,New
LEAD102368,CUST10425,REP1018,Website,2026-06-11,96.0,Qualified
LEAD102369,CUST11180,REP1019,Referral,2026-03-31,99.0,Qualified
LEAD102370,CUST10462,REP1023,Referral,2026-02-07,78.0,Nurturing
LEAD102371,CUST11200,REP1005,Website,2026-04-27,95.0,Qualified
LEAD102372,CUST10588,REP1024,Event,2026-04-07,28.0,Low Priority
LEAD102373,CUST10917,REP1018,Partner,2026-04-10,63.0,Nurturing
LEAD102374,CUST10943,REP1013,Email,2026-04-18,72.0,Nurturing
LEAD102375,CUST10034,REP1014,Email,2026-05-10,95.0,Qualified
LEAD102376,CUST10008,REP1016,Event,2026-01-08,29.0,Low Priority
LEAD102377,CUST11107,REP1017,Website,2026-01-18,85.0,Qualified
LEAD102378,CUST11119,REP1011,Referral,2026-01-18,26.0,Low Priority
LEAD102379,CUST10160,REP1007,Referral,2026-01-28,49.0,New
LEAD102380,CUST10776,REP1006,Partner,2026-06-25,76.0,Nurturing
LEAD102381,CUST11109,REP1011,Partner,2026-05-13,43.0,New
LEAD102382,CUST11141,REP1008,Email,2026-05-01,87.0,Qualified
LEAD102383,CUST10356,REP1016,Partner,2026-05-07,95.0,Qualified
LEAD102384,CUST10981,REP1028,Referral,2026-01-07,32.0,Low Priority
LEAD102385,CUST10776,REP1004,Partner,2026-02-08,40.0,New
LEAD102386,CUST11114,REP1010,Event,2026-05-24,26.0,Low Priority
LEAD102387,CUST10177,REP1002,Partner,2026-03-25,77.0,Nurturing
LEAD102388,CUST10722,REP1030,Partner,2026-04-03,91.0,Qualified
LEAD102389,CUST10030,REP1022,Website,2026-05-16,68.0,Nurturing
LEAD102390,CUST10429,REP1008,Website,2026-01-14,30.0,Low Priority
LEAD102391,CUST10014,REP1013,Referral,2026-05-25,34.0,Low Priority
LEAD102392,CUST10532,REP1022,Website,2026-05-04,22.0,Low Priority
LEAD102393,CUST10974,REP1029,Partner,2026-03-15,59.0,New
LEAD102394,CUST10790,REP1018,Event,2026-04-01,78.0,Nurturing
LEAD102395,CUST10381,REP1009,Partner,2026-01-14,32.0,Low Priority
LEAD102396,CUST10513,REP1021,Email,2026-02-07,88.0,Qualified
LEAD102397,CUST10441,REP1021,Event,2026-02-14,40.0,New
LEAD102398,CUST10879,REP1020,Email,2026-06-08,61.0,Nurturing
LEAD102399,CUST10320,REP1002,Email,2026-01-21,74.0,Nurturing
LEAD102400,CUST10111,REP1022,Email,2026-02-22,63.0,Nurturing
LEAD102401,CUST10609,REP1001,Referral,2026-01-24,58.0,New
LEAD102402,CUST10996,REP1028,Partner,2026-02-21,47.0,New
LEAD102403,CUST10573,REP1027,Referral,2026-01-02,54.0,New
LEAD102404,CUST10246,REP1017,Email,2026-02-19,39.0,Low Priority
LEAD102405,CUST10056,REP1020,Partner,2026-05-11,43.0,New
LEAD102406,CUST11133,REP1003,Event,2026-05-19,81.0,Qualified
LEAD102407,CUST10913,REP1027,Website,2026-03-10,91.0,Qualified
LEAD102408,CUST10187,REP1009,Website,2026-05-08,88.0,Qualified
LEAD102409,CUST10089,REP1008,Email,2026-04-22,46.0,New
LEAD102410,CUST10155,REP1022,Email,2026-06-13,46.0,New
LEAD102411,CUST10452,REP1029,Email,2026-05-26,24.0,Low Priority
LEAD102412,CUST10975,REP1015,Referral,2026-02-11,42.0,New
LEAD102413,CUST10192,REP1016,Website,2026-04-17,67.0,Nurturing
LEAD102414,CUST10983,REP1017,Referral,2026-05-23,41.0,New
LEAD102415,CUST10003,REP1009,Partner,2026-02-25,79.0,Nurturing
LEAD102416,CUST10887,REP1018,Partner,2026-04-14,24.0,Low Priority
LEAD102417,CUST10339,REP1029,Event,2026-03-14,53.0,New
LEAD102418,CUST11153,REP1012,Event,2026-02-25,42.0,New
LEAD102419,CUST10572,REP1024,Email,2026-02-06,60.0,Nurturing
LEAD102420,CUST10325,REP1024,Website,2026-01-07,22.0,Low Priority
LEAD102421,CUST10292,REP1026,Website,2026-05-16,53.0,New
LEAD102422,CUST10992,REP1022,Partner,2026-05-29,83.0,Qualified
LEAD102423,CUST10484,REP1028,Email,2026-04-28,89.0,Qualified
LEAD102424,CUST10423,REP1022,Email,2026-02-13,40.0,New
LEAD102425,CUST10883,REP1030,Referral,2026-01-04,54.0,New
LEAD102426,CUST10645,REP1022,Website,2026-04-25,75.0,Nurturing
LEAD102427,CUST10797,REP1026,Referral,2026-02-06,57.0,New
LEAD102428,CUST10535,REP1027,Email,2026-04-10,63.0,Nurturing
LEAD102429,CUST10077,REP1030,Event,2026-06-25,47.0,New
LEAD102430,CUST10008,REP1018,Event,2026-01-01,87.0,Qualified
LEAD102431,CUST10047,REP1022,Partner,2026-04-15,71.0,Nurturing
LEAD102432,CUST10690,REP1030,Website,2026-06-29,97.0,Qualified
LEAD102433,CUST10617,REP1012,Event,2026-03-02,83.0,Qualified
LEAD102434,CUST10898,REP1004,Website,2026-05-28,49.0,New
LEAD102435,CUST11074,REP1027,Referral,2026-05-30,46.0,New
LEAD102436,CUST10210,REP1019,Event,2026-03-30,27.0,Low Priority
LEAD102437,CUST11149,REP1013,Partner,2026-02-25,70.0,Nurturing
LEAD102438,CUST11118,REP1022,Website,2026-05-04,80.0,Qualified
LEAD102439,CUST10740,REP1001,Partner,2026-04-23,48.0,New
LEAD102440,CUST10637,REP1015,Website,2026-03-28,21.0,Low Priority
LEAD102441,CUST10212,REP1008,Referral,2026-02-04,86.0,Qualified
LEAD102442,CUST10214,REP1009,Event,2026-05-15,38.0,Low Priority
LEAD102443,CUST10023,REP1030,Referral,2026-02-08,67.0,Nurturing
LEAD102444,CUST10776,REP1017,Event,2026-01-25,24.0,Low Priority
LEAD102445,CUST10520,REP1005,Partner,2026-01-13,25.0,Low Priority
LEAD102446,CUST10231,REP1011,Email,2026-03-22,92.0,Qualified
LEAD102447,CUST10161,REP1008,Email,2026-01-22,74.0,Nurturing
LEAD102448,CUST10077,REP1028,Partner,2026-03-02,20.0,Low Priority
LEAD102449,CUST10770,REP1009,Website,2026-02-13,28.0,Low Priority
LEAD102450,CUST10823,REP1011,Event,2026-03-25,59.0,New
LEAD102451,CUST10758,REP1011,Partner,2026-05-21,75.0,Nurturing
LEAD102452,CUST10133,REP1006,Email,2026-03-23,54.0,New
LEAD102453,CUST10050,REP1024,Partner,2026-04-11,90.0,Qualified
LEAD102454,CUST10128,REP1018,Email,2026-01-26,72.0,Nurturing
LEAD102455,CUST10902,REP1014,Referral,2026-01-21,69.0,Nurturing
LEAD102456,CUST10888,REP1012,Event,2026-06-26,43.0,New
LEAD102457,CUST10354,REP1021,Referral,2026-04-23,75.0,Nurturing
LEAD102458,CUST10067,REP1003,Email,2026-01-03,90.0,Qualified
LEAD102459,CUST10384,REP1028,Partner,2026-04-13,23.0,Low Priority
LEAD102460,CUST10972,REP1017,Partner,2026-01-02,79.0,Nurturing
LEAD102461,CUST10173,REP1007,Website,2026-01-14,91.0,Qualified
LEAD102462,CUST10956,REP1017,Referral,2026-03-09,55.0,New
LEAD102463,CUST10557,REP1026,Website,2026-04-29,82.0,Qualified
LEAD102464,CUST10170,REP1006,Partner,2026-04-23,49.0,New
LEAD102465,CUST11121,REP1016,Email,2026-05-24,35.0,Low Priority
LEAD102466,CUST10623,REP1018,Partner,2026-02-02,86.0,Qualified
LEAD102467,CUST10806,REP1025,Email,2026-02-04,45.0,New
LEAD102468,CUST10116,REP1018,Referral,2026-04-07,81.0,Qualified
LEAD102469,CUST10446,REP1023,Referral,2026-06-07,45.0,New
LEAD102470,CUST10760,REP1024,Partner,2026-05-11,52.0,New
LEAD102471,CUST10775,REP1027,Referral,2026-05-02,75.0,Nurturing
LEAD102472,CUST10076,REP1011,Event,2026-01-18,47.0,New
LEAD102473,CUST10726,REP1022,Event,2026-06-08,85.0,Qualified
LEAD102474,CUST11134,REP1008,Partner,2026-06-28,23.0,Low Priority
LEAD102475,CUST10944,REP1026,Email,2026-04-16,20.0,Low Priority
LEAD102476,CUST10250,REP1029,Website,2026-03-02,26.0,Low Priority
LEAD102477,CUST11096,REP1009,Website,2026-04-30,40.0,New
LEAD102478,CUST10820,REP1017,Referral,2026-04-27,24.0,Low Priority
LEAD102479,CUST10069,REP1025,Referral,2026-06-18,50.0,New
LEAD102480,CUST10154,REP1001,Referral,2026-01-21,21.0,Low Priority
LEAD102481,CUST11106,REP1022,Partner,2026-04-04,81.0,Qualified
LEAD102482,CUST10252,REP1025,Email,2026-05-09,32.0,Low Priority
LEAD102483,CUST10117,REP1027,Partner,2026-03-05,98.0,Qualified
LEAD102484,CUST10542,REP1006,Partner,2026-06-02,89.0,Qualified
LEAD102485,CUST10631,REP1023,Website,2026-01-12,76.0,Nurturing
LEAD102486,CUST10688,REP1024,Referral,2026-01-20,84.0,Qualified
LEAD102487,CUST10791,REP1001,Event,2026-05-24,82.0,Qualified
LEAD102488,CUST11199,REP1022,Event,2026-01-23,88.0,Qualified
LEAD102489,CUST10912,REP1019,Website,2026-03-17,64.0,Nurturing
LEAD102490,CUST10032,REP1030,Website,2026-02-20,70.0,Nurturing
LEAD102491,CUST10107,REP1002,Event,2026-05-05,57.0,New
LEAD102492,CUST10001,REP1029,Website,2026-01-03,70.0,Nurturing
LEAD102493,CUST10475,REP1018,Partner,2026-03-06,50.0,New
LEAD102494,CUST10421,REP1009,Event,2026-06-28,30.0,Low Priority
LEAD102495,CUST11121,REP1012,Email,2026-03-08,95.0,Qualified
LEAD102496,CUST10440,REP1023,Partner,2026-04-19,76.0,Nurturing
LEAD102497,CUST10037,REP1030,Referral,2026-06-28,77.0,Nurturing
LEAD102498,CUST11061,REP1010,Email,2026-04-20,42.0,New
LEAD102499,CUST10313,REP1030,Email,2026-05-17,82.0,Qualified
LEAD102500,CUST11096,REP1019,Event,2026-06-23,62.0,Nurturing
LEAD102501,CUST10930,REP1006,Partner,2026-04-22,26.0,Low Priority
LEAD102502,CUST11057,REP1018,Event,2026-05-31,97.0,Qualified
LEAD102503,CUST10984,REP1025,Email,2026-04-02,100.0,Qualified
LEAD102504,CUST10172,REP1002,Website,2026-05-28,90.0,Qualified
LEAD102505,CUST10752,REP1003,Referral,2026-04-27,58.0,New
LEAD102506,CUST10495,REP1001,Email,2026-03-03,38.0,Low Priority
LEAD102507,CUST10755,REP1018,Website,2026-04-12,20.0,Low Priority
LEAD102508,CUST10896,REP1002,Email,2026-03-02,79.0,Nurturing
LEAD102509,CUST10602,REP1028,Referral,2026-03-13,92.0,Qualified
LEAD102510,CUST10376,REP1004,Referral,2026-02-22,28.0,Low Priority
LEAD102511,CUST11100,REP1003,Partner,2026-03-30,75.0,Nurturing
LEAD102512,CUST10796,REP1008,Event,2026-03-04,22.0,Low Priority
LEAD102513,CUST11063,REP1023,Event,2026-04-24,82.0,Qualified
LEAD102514,CUST10285,REP1028,Partner,2026-03-08,22.0,Low Priority
LEAD102515,CUST11006,REP1008,Website,2026-03-30,99.0,Qualified
LEAD102516,CUST10389,REP1016,Event,2026-01-26,33.0,Low Priority
LEAD102517,CUST10553,REP1024,Event,2026-03-11,52.0,New
LEAD102518,CUST11033,REP1024,Email,2026-03-06,76.0,Nurturing
LEAD102519,CUST10426,REP1005,Email,2026-06-23,88.0,Qualified
LEAD102520,CUST10301,REP1026,Partner,2026-03-22,49.0,New
LEAD102521,CUST11099,REP1027,Website,2026-01-04,99.0,Qualified
LEAD102522,CUST11158,REP1023,Website,2026-02-25,21.0,Low Priority
LEAD102523,CUST10374,REP1016,Website,2026-05-13,58.0,New
LEAD102524,CUST10368,REP1012,Event,2026-01-30,100.0,Qualified
LEAD102525,CUST10274,REP1027,Website,2026-01-30,42.0,New
LEAD102526,CUST10029,REP1026,Partner,2026-03-09,63.0,Nurturing
LEAD102527,CUST10664,REP1016,Referral,2026-03-06,56.0,New
LEAD102528,CUST10306,REP1023,Website,2026-03-29,51.0,New
LEAD102529,CUST11019,REP1012,Event,2026-01-07,82.0,Qualified
LEAD102530,CUST10206,REP1023,Website,2026-05-11,62.0,Nurturing
LEAD102531,CUST10763,REP1003,Event,2026-02-08,77.0,Nurturing
LEAD102532,CUST10609,REP1028,Email,2026-05-09,62.0,Nurturing
LEAD102533,CUST10735,REP1016,Email,2026-04-13,100.0,Qualified
LEAD102534,CUST10136,REP1018,Website,2026-02-06,58.0,New
LEAD102535,CUST10560,REP1006,Event,2026-03-26,84.0,Qualified
LEAD102536,CUST10752,REP1016,Partner,2026-01-07,69.0,Nurturing
LEAD102537,CUST10410,REP1001,Partner,2026-05-08,84.0,Qualified
LEAD102538,CUST11050,REP1027,Email,2026-02-24,91.0,Qualified
LEAD102539,CUST10636,REP1023,Referral,2026-03-11,38.0,Low Priority
LEAD102540,CUST10436,REP1014,Referral,2026-01-29,44.0,New
LEAD102541,CUST10037,REP1026,Referral,2026-03-08,44.0,New
LEAD102542,CUST10203,REP1025,Partner,2026-03-13,59.0,New
LEAD102543,CUST10572,REP1004,Email,2026-02-10,59.0,New
LEAD102544,CUST10481,REP1002,Referral,2026-06-27,20.0,Low Priority
LEAD102545,CUST11046,REP1008,Referral,2026-02-20,92.0,Qualified
LEAD102546,CUST10944,REP1001,Event,2026-02-02,89.0,Qualified
LEAD102547,CUST10191,REP1018,Partner,2026-04-10,68.0,Nurturing
LEAD102548,CUST10710,REP1016,Event,2026-02-27,44.0,New
LEAD102549,CUST10546,REP1017,Referral,2026-03-24,86.0,Qualified
LEAD102550,CUST10122,REP1003,Referral,2026-05-12,41.0,New
LEAD102551,CUST10800,REP1028,Referral,2026-01-15,44.0,New
LEAD102552,CUST10645,REP1030,Partner,2026-04-03,100.0,Qualified
LEAD102553,CUST10105,REP1018,Email,2026-01-04,94.0,Qualified
LEAD102554,CUST10562,REP1001,Partner,2026-01-08,67.0,Nurturing
LEAD102555,CUST10879,REP1012,Referral,2026-01-17,33.0,Low Priority
LEAD102556,CUST10393,REP1022,Event,2026-01-30,29.0,Low Priority
LEAD102557,CUST10429,REP1023,Partner,2026-03-05,98.0,Qualified
LEAD102558,CUST10133,REP1008,Referral,2026-06-19,41.0,New
LEAD102559,CUST10246,REP1025,Website,2026-06-14,75.0,Nurturing
LEAD102560,CUST11178,REP1030,Partner,2026-01-19,48.0,New
LEAD102561,CUST10745,REP1016,Email,2026-06-29,60.0,Nurturing
LEAD102562,CUST10212,REP1012,Event,2026-04-25,99.0,Qualified
LEAD102563,CUST10580,REP1016,Referral,2026-04-11,68.0,Nurturing
LEAD102564,CUST10232,REP1001,Website,2026-05-24,54.0,New
LEAD102565,CUST10532,REP1016,Event,2026-03-29,53.0,New
LEAD102566,CUST10175,REP1001,Partner,2026-02-18,38.0,Low Priority
LEAD102567,CUST10743,REP1002,Website,2026-04-06,65.0,Nurturing
LEAD102568,CUST10685,REP1017,Website,2026-05-12,66.0,Nurturing
LEAD102569,CUST10761,REP1016,Partner,2026-05-04,61.0,Low Priority
LEAD102570,CUST10533,REP1030,Email,2026-01-31,52.0,New
LEAD102571,CUST10344,REP1016,Referral,2026-06-19,72.0,Nurturing
LEAD102572,CUST10300,REP1030,Referral,2026-02-21,24.0,Low Priority
LEAD102573,CUST10259,REP1025,Email,2026-05-29,99.0,Qualified
LEAD102574,CUST10516,REP1011,Event,2026-02-26,89.0,Qualified
LEAD102575,CUST10542,REP1028,Partner,2026-01-12,71.0,Nurturing
LEAD102576,CUST10809,REP1015,Partner,2026-06-30,21.0,Low Priority
LEAD102577,CUST10063,REP1018,Referral,2026-04-17,61.0,Nurturing
LEAD102578,CUST10339,REP1004,Website,2026-02-08,92.0,Qualified
LEAD102579,CUST11024,REP1007,Website,2026-01-01,21.0,Low Priority
LEAD102580,CUST11099,REP1016,Event,2026-01-24,84.0,Qualified
LEAD102581,CUST11118,REP1009,Website,2026-01-31,87.0,Qualified
LEAD102582,CUST10368,REP1018,Event,2026-06-17,26.0,Low Priority
LEAD102583,CUST10165,REP1003,Referral,2026-02-02,38.0,Low Priority
LEAD102584,CUST10238,REP1008,Email,2026-01-30,78.0,Nurturing
LEAD102585,CUST10159,REP1020,Event,2026-06-01,93.0,Qualified
LEAD102586,CUST11146,REP1019,Email,2026-06-09,82.0,Qualified
LEAD102587,CUST11061,REP1030,Email,2026-02-07,62.0,Nurturing
LEAD102588,CUST10973,REP1027,Referral,2026-04-28,68.0,Nurturing
LEAD102589,CUST10876,REP1025,Partner,2026-04-07,62.0,Nurturing
LEAD102590,CUST10412,REP1001,Email,2026-04-15,66.0,Nurturing
LEAD102591,CUST10571,REP1019,Partner,2026-02-26,82.0,Qualified
LEAD102592,CUST11010,REP1007,Website,2026-05-16,24.0,Low Priority
LEAD102593,CUST10978,REP1009,Event,2026-06-09,36.0,Low Priority
LEAD102594,CUST10623,REP1007,Website,2026-05-12,24.0,Low Priority
LEAD102595,CUST11006,REP1014,Event,2026-06-13,84.0,Qualified
LEAD102596,CUST10417,REP1004,Event,2026-01-21,78.0,Nurturing
LEAD102597,CUST10497,REP1016,Website,2026-04-29,24.0,Low Priority
LEAD102598,CUST11008,REP1005,Email,2026-06-30,28.0,Low Priority
LEAD102599,CUST10452,REP1016,Email,2026-04-07,41.0,New
LEAD102600,CUST10903,REP1019,Referral,2026-06-20,39.0,Low Priority
LEAD102601,CUST10544,REP1006,Event,2026-03-05,62.0,Nurturing
LEAD102602,CUST10358,REP1004,Website,2026-06-12,60.0,Nurturing
LEAD102603,CUST10263,REP1025,Referral,2026-06-19,48.0,New
LEAD102604,CUST10729,REP1023,Event,2026-04-23,33.0,Low Priority
LEAD102605,CUST10576,REP1008,Email,2026-05-08,72.0,Nurturing
LEAD102606,CUST10444,REP1027,Website,2026-04-05,83.0,Qualified
LEAD102607,CUST10892,REP1007,Website,2026-02-27,71.0,Nurturing
LEAD102608,CUST10002,REP1028,Referral,2026-04-08,85.0,Qualified
LEAD102609,CUST10111,REP1004,Website,2026-06-24,94.0,Qualified
LEAD102610,CUST11155,REP1020,Website,2026-01-03,88.0,Qualified
LEAD102611,CUST10797,REP1001,Partner,2026-02-07,72.0,Nurturing
LEAD102612,CUST10660,REP1006,Website,2026-04-01,24.0,Low Priority
LEAD102613,CUST10018,REP1013,Referral,2026-03-03,47.0,New
LEAD102614,CUST10719,REP1003,Referral,2026-04-23,54.0,New
LEAD102615,CUST10522,REP1014,Event,2026-03-07,77.0,Nurturing
LEAD102616,CUST10720,REP1007,Event,2026-04-30,88.0,Qualified
LEAD102617,CUST10050,REP1003,Event,2026-01-20,71.0,Nurturing
LEAD102618,CUST10661,REP1029,Referral,2026-03-02,49.0,New
LEAD102619,CUST10694,REP1030,Partner,2026-05-06,83.0,Qualified
LEAD102620,CUST10349,REP1029,Partner,2026-03-27,76.0,Nurturing
LEAD102621,CUST10066,REP1005,Event,2026-05-10,84.0,Qualified
LEAD102622,CUST11166,REP1012,Email,2026-04-26,67.0,Nurturing
LEAD102623,CUST10852,REP1010,Event,2026-03-01,72.0,Nurturing
LEAD102624,CUST10747,REP1010,Partner,2026-03-19,48.0,New
LEAD102625,CUST10921,REP1013,Event,2026-06-24,52.0,New
LEAD102626,CUST10806,REP1016,Email,2026-06-24,42.0,New
LEAD102627,CUST10162,REP1015,Email,2026-01-07,40.0,New
LEAD102628,CUST10546,REP1009,Email,2026-05-08,72.0,Nurturing
LEAD102629,CUST11067,REP1030,Referral,2026-03-30,51.0,New
LEAD102630,CUST10346,REP1030,Email,2026-01-01,30.0,Low Priority
LEAD102631,CUST11167,REP1010,Referral,2026-04-25,22.0,Low Priority
LEAD102632,CUST10078,REP1007,Email,2026-01-05,89.0,Qualified
LEAD102633,CUST10397,REP1016,Referral,2026-02-27,55.0,New
LEAD102634,CUST10421,REP1012,Email,2026-05-05,66.0,Nurturing
LEAD102635,CUST10741,REP1030,Partner,2026-05-28,93.0,Qualified
LEAD102636,CUST10212,REP1013,Email,2026-03-16,29.0,Low Priority
LEAD102637,CUST10275,REP1002,Referral,2026-05-27,95.0,Qualified
LEAD102638,CUST10795,REP1004,Email,2026-06-01,76.0,Nurturing
LEAD102639,CUST10342,REP1003,Event,2026-03-23,71.0,Nurturing
LEAD102640,CUST11055,REP1012,Website,2026-02-01,54.0,New
LEAD102641,CUST11045,REP1010,Referral,2026-04-30,77.0,Nurturing
LEAD102642,CUST10364,REP1026,Email,2026-01-03,36.0,Low Priority
LEAD102643,CUST10672,REP1027,Event,2026-06-11,44.0,New
LEAD102644,CUST10400,REP1005,Email,2026-03-12,97.0,Qualified
LEAD102645,CUST10414,REP1029,Partner,2026-05-18,42.0,New
LEAD102646,CUST10805,REP1018,Referral,2026-05-14,78.0,Nurturing
LEAD102647,CUST10352,REP1010,Event,2026-03-27,95.0,Qualified
LEAD102648,CUST10180,REP1013,Event,2026-06-25,68.0,Nurturing
LEAD102649,CUST10311,REP1014,Event,2026-05-25,44.0,New
LEAD102650,CUST11116,REP1006,Referral,2026-06-09,88.0,Qualified
LEAD102651,CUST10312,REP1027,Partner,2026-01-17,86.0,Qualified
LEAD102652,CUST10437,REP1001,Referral,2026-03-29,64.0,Nurturing
LEAD102653,CUST10755,REP1003,Event,2026-06-22,29.0,Low Priority
LEAD102654,CUST10122,REP1009,Event,2026-05-28,55.0,New
LEAD102655,CUST10323,REP1005,Website,2026-03-24,54.0,New
LEAD102656,CUST10210,REP1002,Referral,2026-01-13,35.0,Low Priority
LEAD102657,CUST11110,REP1012,Partner,2026-02-21,52.0,New
LEAD102658,CUST11120,REP1012,Partner,2026-04-14,32.0,Low Priority
LEAD102659,CUST10907,REP1004,Partner,2026-04-27,76.0,Nurturing
LEAD102660,CUST10297,REP1025,Referral,2026-06-17,54.0,New
LEAD102661,CUST10740,REP1027,Email,2026-01-17,79.0,Nurturing
LEAD102662,CUST10795,REP1022,Event,2026-03-13,56.0,New
LEAD102663,CUST11044,REP1016,Event,2026-02-19,77.0,Nurturing
LEAD102664,CUST10188,REP1029,Partner,2026-06-23,79.0,Nurturing
LEAD102665,CUST10884,REP1011,Event,2026-01-31,32.0,Low Priority
LEAD102666,CUST10233,REP1013,Email,2026-02-09,55.0,New
LEAD102667,CUST10683,REP1001,Website,2026-02-23,80.0,Qualified
LEAD102668,CUST11056,REP1022,Email,2026-01-20,68.0,Nurturing
LEAD102669,CUST10075,REP1003,Referral,2026-04-27,37.0,Low Priority
LEAD102670,CUST10178,REP1020,Email,2026-04-05,87.0,Qualified
LEAD102671,CUST10976,REP1024,Email,2026-04-11,36.0,Low Priority
LEAD102672,CUST10023,REP1007,Event,2026-06-14,100.0,Qualified
LEAD102673,CUST10823,REP1019,Event,2026-03-20,77.0,Nurturing
LEAD102674,CUST10602,REP1010,Event,2026-02-26,46.0,New
LEAD102675,CUST10416,REP1012,Partner,2026-03-09,35.0,Low Priority
LEAD102676,CUST11036,REP1016,Partner,2026-05-25,93.0,Qualified
LEAD102677,CUST11019,REP1008,Partner,2026-04-06,62.0,Nurturing
LEAD102678,CUST10392,REP1024,Event,2026-01-31,85.0,Qualified
LEAD102679,CUST10006,REP1012,Referral,2026-05-05,87.0,Qualified
LEAD102680,CUST10154,REP1014,Partner,2026-05-15,25.0,Low Priority
LEAD102681,CUST10129,REP1025,Email,2026-02-15,75.0,Nurturing
LEAD102682,CUST11179,REP1007,Website,2026-04-11,47.0,New
LEAD102683,CUST10717,REP1014,Email,2026-04-13,93.0,Qualified
LEAD102684,CUST10813,REP1030,Referral,2026-02-01,37.0,Low Priority
LEAD102685,CUST10278,REP1012,Referral,2026-01-02,22.0,Low Priority
LEAD102686,CUST11021,REP1004,Email,2026-05-10,73.0,Nurturing
LEAD102687,CUST10868,REP1009,Website,2026-04-22,64.0,Nurturing
LEAD102688,CUST10903,REP1029,Website,2026-05-10,64.0,Nurturing
LEAD102689,CUST10562,REP1023,Partner,2026-03-10,41.0,New
LEAD102690,CUST10838,REP1025,Partner,2026-04-04,60.0,Nurturing
LEAD102691,CUST10653,REP1008,Website,2026-06-27,98.0,Qualified
LEAD102692,CUST10462,REP1026,Referral,2026-02-10,81.0,Qualified
LEAD102693,CUST10714,REP1012,Referral,2026-04-29,99.0,Qualified
LEAD102694,CUST10390,REP1024,Partner,2026-01-24,46.0,New
LEAD102695,CUST11144,REP1027,Referral,2026-01-12,90.0,Qualified
LEAD102696,CUST10861,REP1007,Website,2026-06-23,51.0,New
LEAD102697,CUST10887,REP1029,Partner,2026-01-24,95.0,Qualified
LEAD102698,CUST10861,REP1019,Event,2026-04-29,90.0,Qualified
LEAD102699,CUST10539,REP1022,Partner,2026-04-04,33.0,Low Priority
LEAD102700,CUST11141,REP1023,Referral,2026-05-27,98.0,Qualified
LEAD102701,CUST10250,REP1006,Partner,2026-04-09,69.0,Nurturing
LEAD102702,CUST10683,REP1023,Website,2026-05-07,82.0,Qualified
LEAD102703,CUST10084,REP1007,Referral,2026-06-11,66.0,Nurturing
LEAD102704,CUST10354,REP1009,Partner,2026-05-31,37.0,Low Priority
LEAD102705,CUST10690,REP1004,Partner,2026-05-11,99.0,Qualified
LEAD102706,CUST10588,REP1006,Partner,2026-01-30,29.0,Low Priority
LEAD102707,CUST11130,REP1030,Event,2026-01-31,85.0,Qualified
LEAD102708,CUST10737,REP1010,Email,2026-03-31,36.0,Low Priority
LEAD102709,CUST10494,REP1012,Website,2026-04-30,83.0,Qualified
LEAD102710,CUST10513,REP1015,Partner,2026-05-01,54.0,New
LEAD102711,CUST10734,REP1022,Partner,2026-05-23,39.0,Low Priority
LEAD102712,CUST10950,REP1018,Website,2026-01-19,39.0,Low Priority
LEAD102713,CUST10332,REP1017,Referral,2026-02-01,45.0,New
LEAD102714,CUST10702,REP1026,Event,2026-01-28,92.0,Qualified
LEAD102715,CUST10690,REP1015,Referral,2026-04-08,82.0,Qualified
LEAD102716,CUST10012,REP1024,Partner,2026-04-25,74.0,Nurturing
LEAD102717,CUST11096,REP1028,Referral,2026-01-21,71.0,Nurturing
LEAD102718,CUST10684,REP1021,Website,2026-06-07,53.0,New
LEAD102719,CUST10291,REP1002,Referral,2026-02-24,93.0,Qualified
LEAD102720,CUST10761,REP1008,Email,2026-04-30,42.0,New
LEAD102721,CUST10814,REP1019,Event,2026-05-17,96.0,Qualified
LEAD102722,CUST11099,REP1015,Email,2026-01-07,50.0,New
LEAD102723,CUST10041,REP1009,Event,2026-06-06,47.0,New
LEAD102724,CUST10497,REP1011,Email,2026-06-25,58.0,New
LEAD102725,CUST10217,REP1003,Email,2026-06-23,80.0,Qualified
LEAD102726,CUST10690,REP1008,Partner,2026-01-26,77.0,Nurturing
LEAD102727,CUST10602,REP1024,Website,2026-03-13,82.0,Qualified
LEAD102728,CUST10570,REP1001,Partner,2026-02-12,27.0,Low Priority
LEAD102729,CUST11179,REP1026,Event,2026-03-23,33.0,Low Priority
LEAD102730,CUST10638,REP1011,Partner,2026-06-26,88.0,Qualified
LEAD102731,CUST10494,REP1025,Email,2026-05-19,99.0,Qualified
LEAD102732,CUST10081,REP1008,Website,2026-05-20,30.0,Low Priority
LEAD102733,CUST10348,REP1025,Referral,2026-03-18,93.0,Qualified
LEAD102734,CUST11077,REP1018,Referral,2026-06-19,41.0,New
LEAD102735,CUST10543,REP1026,Referral,2026-06-16,99.0,Qualified
LEAD102736,CUST11093,REP1002,Event,2026-05-26,100.0,Qualified
LEAD102737,CUST10640,REP1024,Partner,2026-05-28,71.0,Nurturing
LEAD102738,CUST10658,REP1009,Email,2026-04-28,35.0,Low Priority
LEAD102739,CUST10516,REP1011,Email,2026-01-18,83.0,Qualified
LEAD102740,CUST10668,REP1002,Partner,2026-02-21,28.0,Low Priority
LEAD102741,CUST10081,REP1029,Event,2026-05-20,47.0,New
LEAD102742,CUST10070,REP1020,Referral,2026-03-01,71.0,Nurturing
LEAD102743,CUST10571,REP1030,Website,2026-02-01,25.0,Low Priority
LEAD102744,CUST10718,REP1018,Email,2026-06-21,51.0,New
LEAD102745,CUST10662,REP1005,Email,2026-03-30,84.0,Qualified
LEAD102746,CUST10515,REP1011,Referral,2026-06-05,27.0,Low Priority
LEAD102747,CUST10353,REP1014,Event,2026-02-21,49.0,New
LEAD102748,CUST10851,REP1005,Website,2026-03-07,20.0,Low Priority
LEAD102749,CUST10726,REP1028,Referral,2026-03-04,73.0,Nurturing
LEAD102750,CUST10057,REP1029,Website,2026-03-09,26.0,Low Priority
LEAD102751,CUST10543,REP1017,Website,2026-03-21,42.0,New
LEAD102752,CUST10854,REP1018,Email,2026-02-23,62.0,Nurturing
LEAD102753,CUST10942,REP1022,Email,2026-05-28,37.0,Low Priority
LEAD102754,CUST10345,REP1021,Email,2026-03-01,38.0,Low Priority
LEAD102755,CUST11110,REP1002,Event,2026-03-21,87.0,Qualified
LEAD102756,CUST10783,REP1016,Website,2026-06-05,82.0,Qualified
LEAD102757,CUST10526,REP1024,Email,2026-03-21,26.0,Low Priority
LEAD102758,CUST10753,REP1025,Website,2026-01-02,89.0,Qualified
LEAD102759,CUST11046,REP1018,Event,2026-01-01,57.0,New
LEAD102760,CUST10273,REP1027,Email,2026-03-20,31.0,Low Priority
LEAD102761,CUST10181,REP1018,Email,2026-04-28,93.0,Qualified
LEAD102762,CUST10529,REP1012,Partner,2026-06-20,47.0,New
LEAD102763,CUST10101,REP1014,Referral,2026-01-24,46.0,New
LEAD102764,CUST11003,REP1021,Email,2026-04-09,31.0,Low Priority
LEAD102765,CUST11165,REP1027,Event,2026-02-22,91.0,Qualified
LEAD102766,CUST10727,REP1007,Website,2026-03-23,43.0,New
LEAD102767,CUST11176,REP1009,Event,2026-03-22,67.0,Nurturing
LEAD102768,CUST10083,REP1020,Email,2026-02-26,39.0,Low Priority
LEAD102769,CUST10760,REP1023,Website,2026-01-04,92.0,Qualified
LEAD102770,CUST10532,REP1012,Event,2026-01-14,83.0,Qualified
LEAD102771,CUST10333,REP1020,Website,2026-04-05,60.0,Nurturing
LEAD102772,CUST10375,REP1001,Email,2026-02-10,47.0,New
LEAD102773,CUST10655,REP1009,Website,2026-03-01,73.0,Nurturing
LEAD102774,CUST10770,REP1029,Website,2026-01-17,60.0,Nurturing
LEAD102775,CUST10197,REP1018,Email,2026-01-09,96.0,Qualified
LEAD102776,CUST10738,REP1027,Email,2026-01-23,74.0,Nurturing
LEAD102777,CUST11112,REP1007,Email,2026-03-10,22.0,Low Priority
LEAD102778,CUST10013,REP1009,Referral,2026-01-30,86.0,Qualified
LEAD102779,CUST11055,REP1030,Event,2026-02-11,35.0,Low Priority
LEAD102780,CUST10730,REP1030,Website,2026-02-24,44.0,New
LEAD102781,CUST10411,REP1027,Event,2026-02-22,55.0,New
LEAD102782,CUST10882,REP1010,Referral,2026-01-02,36.0,Low Priority
LEAD102783,CUST10742,REP1025,Email,2026-01-22,96.0,Qualified
LEAD102784,CUST10923,REP1014,Event,2026-06-21,99.0,Qualified
LEAD102785,CUST10098,REP1026,Referral,2026-05-01,32.0,Low Priority
LEAD102786,CUST10071,REP1026,Partner,2026-01-23,45.0,New
LEAD102787,CUST10771,REP1014,Event,2026-02-21,50.0,New
LEAD102788,CUST10365,REP1010,Event,2026-03-11,74.0,Nurturing
LEAD102789,CUST10286,REP1030,Referral,2026-06-13,68.0,Nurturing
LEAD102790,CUST10506,REP1014,Partner,2026-06-09,74.0,Nurturing
LEAD102791,CUST10871,REP1013,Referral,2026-05-20,22.0,Low Priority
LEAD102792,CUST10216,REP1020,Partner,2026-01-20,61.0,Nurturing
LEAD102793,CUST11168,REP1029,Referral,2026-03-30,37.0,Low Priority
LEAD102794,CUST10505,REP1004,Website,2026-03-29,38.0,Low Priority
LEAD102795,CUST10181,REP1030,Event,2026-04-26,82.0,Qualified
LEAD102796,CUST10086,REP1013,Email,2026-06-02,31.0,Low Priority
LEAD102797,CUST11029,REP1001,Partner,2026-02-28,22.0,Low Priority
LEAD102798,CUST10136,REP1010,Website,2026-04-11,59.0,New
LEAD102799,CUST10503,REP1014,Website,2026-02-17,79.0,Nurturing
LEAD102800,CUST10803,REP1021,Partner,2026-02-08,61.0,Nurturing
LEAD102801,CUST10616,REP1017,Email,2026-02-26,33.0,Low Priority
LEAD102802,CUST10316,REP1005,Referral,2026-05-14,82.0,Qualified
LEAD102803,CUST10130,REP1015,Email,2026-03-21,50.0,New
LEAD102804,CUST10854,REP1007,Referral,2026-05-04,77.0,Nurturing
LEAD102805,CUST10589,REP1009,Website,2026-05-06,36.0,Low Priority
LEAD102806,CUST10058,REP1022,Partner,2026-03-07,93.0,Qualified
LEAD102807,CUST10218,REP1025,Website,2026-06-22,42.0,New
LEAD102808,CUST10676,REP1005,Website,2026-01-09,98.0,Qualified
LEAD102809,CUST10203,REP1019,Website,2026-06-12,50.0,New
LEAD102810,CUST10470,REP1013,Referral,2026-01-02,78.0,Nurturing
LEAD102811,CUST10150,REP1011,Partner,2026-03-11,60.0,Nurturing
LEAD102812,CUST10957,REP1022,Event,2026-05-30,26.0,Low Priority
LEAD102813,CUST10757,REP1008,Referral,2026-05-04,27.0,Low Priority
LEAD102814,CUST10941,REP1023,Website,2026-02-28,52.0,New
LEAD102815,CUST10063,REP1013,Website,2026-06-10,35.0,Low Priority
LEAD102816,CUST10451,REP1003,Referral,2026-01-25,69.0,Nurturing
LEAD102817,CUST10322,REP1024,Referral,2026-05-02,31.0,Low Priority
LEAD102818,CUST10748,REP1026,Referral,2026-04-04,67.0,Nurturing
LEAD102819,CUST10986,REP1017,Event,2026-02-07,36.0,Low Priority
LEAD102820,CUST10274,REP1022,Referral,2026-06-16,34.0,Low Priority
LEAD102821,CUST10924,REP1005,Email,2026-05-19,49.0,New
LEAD102822,CUST10697,REP1011,Email,2026-01-02,67.0,Nurturing
LEAD102823,CUST10989,REP1011,Website,2026-01-16,52.0,New
LEAD102824,CUST10098,REP1023,Referral,2026-01-11,48.0,New
LEAD102825,CUST11190,REP1011,Partner,2026-03-17,47.0,New
LEAD102826,CUST10522,REP1022,Partner,2026-03-17,47.0,New
LEAD102827,CUST10337,REP1010,Website,2026-05-12,52.0,New
LEAD102828,CUST10220,REP1019,Email,2026-05-03,87.0,Qualified
LEAD102829,CUST11182,REP1007,Referral,2026-01-03,66.0,Nurturing
LEAD102830,CUST11061,REP1017,Referral,2026-03-28,54.0,New
LEAD102831,CUST10158,REP1003,Email,2026-05-23,80.0,Qualified
LEAD102832,CUST10534,REP1023,Event,2026-06-12,62.0,Nurturing
LEAD102833,CUST10881,REP1001,Event,2026-02-22,96.0,Qualified
LEAD102834,CUST10709,REP1030,Event,2026-01-08,65.0,Nurturing
LEAD102835,CUST10227,REP1026,Partner,2026-01-28,37.0,Low Priority
LEAD102836,CUST10433,REP1018,Website,2026-03-03,65.0,Nurturing
LEAD102837,CUST10442,REP1028,Referral,2026-03-22,82.0,Qualified
LEAD102838,CUST10347,REP1025,Referral,2026-03-05,37.0,Low Priority
LEAD102839,CUST11153,REP1005,Referral,2026-01-17,36.0,Low Priority
LEAD102840,CUST10244,REP1023,Referral,2026-03-03,68.0,Nurturing
LEAD102841,CUST10848,REP1012,Website,2026-02-22,91.0,Qualified
LEAD102842,CUST11095,REP1026,Website,2026-03-30,47.0,New
LEAD102843,CUST10954,REP1026,Email,2026-01-15,61.0,Nurturing
LEAD102844,CUST10960,REP1029,Partner,2026-05-24,73.0,Nurturing
LEAD102845,CUST10191,REP1014,Website,2026-03-17,73.0,Nurturing
LEAD102846,CUST10160,REP1006,Partner,2026-02-27,31.0,Low Priority
LEAD102847,CUST10940,REP1004,Event,2026-06-14,52.0,New
LEAD102848,CUST10897,REP1005,Partner,2026-05-15,100.0,Qualified
LEAD102849,CUST10891,REP1030,Referral,2026-01-25,91.0,Qualified
LEAD102850,CUST10503,REP1018,Referral,2026-01-27,82.0,Qualified
LEAD102851,CUST10629,REP1011,Referral,2026-01-01,21.0,Low Priority
LEAD102852,CUST10019,REP1014,Referral,2026-04-12,53.0,New
LEAD102853,CUST10350,REP1006,Event,2026-03-06,24.0,Low Priority
LEAD102854,CUST10635,REP1018,Event,2026-03-09,44.0,New
LEAD102855,CUST10151,REP1013,Referral,2026-04-03,90.0,Qualified
LEAD102856,CUST10157,REP1024,Event,2026-04-08,51.0,New
LEAD102857,CUST10055,REP1001,Event,2026-01-01,33.0,Low Priority
LEAD102858,CUST10252,REP1028,Website,2026-01-20,78.0,Nurturing
LEAD102859,CUST11192,REP1002,Partner,2026-05-23,81.0,Qualified
LEAD102860,CUST10836,REP1013,Email,2026-06-22,73.0,Nurturing
LEAD102861,CUST11138,REP1011,Partner,2026-06-01,85.0,Qualified
LEAD102862,CUST10309,REP1022,Partner,2026-06-14,76.0,Nurturing
LEAD102863,CUST10719,REP1020,Partner,2026-03-25,71.0,Nurturing
LEAD102864,CUST11071,REP1006,Email,2026-05-30,92.0,Qualified
LEAD102865,CUST10423,REP1015,Referral,2026-06-09,46.0,New
LEAD102866,CUST10789,REP1017,Partner,2026-06-11,56.0,New
LEAD102867,CUST10832,REP1014,Referral,2026-01-28,65.0,Nurturing
LEAD102868,CUST10999,REP1001,Event,2026-01-27,74.0,Nurturing
LEAD102869,CUST11164,REP1006,Website,2026-03-14,58.0,New
LEAD102870,CUST10739,REP1016,Website,2026-04-02,55.0,New
LEAD102871,CUST10700,REP1008,Website,2026-06-23,33.0,Low Priority
LEAD102872,CUST11043,REP1017,Referral,2026-02-27,71.0,Nurturing
LEAD102873,CUST10822,REP1005,Email,2026-05-31,30.0,Low Priority
LEAD102874,CUST10435,REP1023,Event,2026-06-10,58.0,New
LEAD102875,CUST10757,REP1006,Partner,2026-06-24,53.0,New
LEAD102876,CUST10659,REP1020,Website,2026-02-04,82.0,Qualified
LEAD102877,CUST10275,REP1026,Referral,2026-02-13,58.0,New
LEAD102878,CUST10620,REP1011,Website,2026-02-09,20.0,Low Priority
LEAD102879,CUST10749,REP1005,Partner,2026-05-14,60.0,Nurturing
LEAD102880,CUST11085,REP1001,Email,2026-05-05,37.0,Low Priority
LEAD102881,CUST10697,REP1011,Website,2026-03-15,50.0,New
LEAD102882,CUST10198,REP1004,Email,2026-01-17,44.0,New
LEAD102883,CUST11186,REP1027,Referral,2026-04-05,33.0,Low Priority
LEAD102884,CUST10694,REP1030,Email,2026-05-13,96.0,Qualified
LEAD102885,CUST10345,REP1030,Event,2026-03-27,40.0,New
LEAD102886,CUST10906,REP1028,Email,2026-02-18,61.0,Nurturing
LEAD102887,CUST10462,REP1018,Email,2026-04-18,87.0,Qualified
LEAD102888,CUST10445,REP1010,Email,2026-04-30,49.0,New
LEAD102889,CUST11008,REP1014,Website,2026-04-18,95.0,Qualified
LEAD102890,CUST11042,REP1008,Website,2026-06-08,52.0,New
LEAD102891,CUST10629,REP1026,Referral,2026-02-26,96.0,Qualified
LEAD102892,CUST10448,REP1014,Email,2026-04-21,56.0,New
LEAD102893,CUST11036,REP1012,Email,2026-06-04,21.0,Low Priority
LEAD102894,CUST10208,REP1021,Email,2026-02-08,90.0,Qualified
LEAD102895,CUST10897,REP1012,Referral,2026-02-20,89.0,Qualified
LEAD102896,CUST10701,REP1011,Event,2026-01-09,97.0,Qualified
LEAD102897,CUST11025,REP1007,Partner,2026-03-09,30.0,Low Priority
LEAD102898,CUST10505,REP1003,Referral,2026-01-09,88.0,Qualified
LEAD102899,CUST10999,REP1002,Email,2026-05-16,47.0,New
LEAD102900,CUST10019,REP1013,Website,2026-01-17,88.0,Qualified
LEAD102901,CUST10910,REP1030,Partner,2026-05-06,98.0,Qualified
LEAD102902,CUST10084,REP1008,Email,2026-04-15,36.0,Low Priority
LEAD102903,CUST10771,REP1020,Email,2026-06-28,50.0,New
LEAD102904,CUST10235,REP1010,Referral,2026-03-05,41.0,New
LEAD102905,CUST11157,REP1010,Website,2026-03-04,44.0,New
LEAD102906,CUST10924,REP1005,Website,2026-02-14,68.0,Nurturing
LEAD102907,CUST10126,REP1017,Website,2026-04-08,53.0,New
LEAD102908,CUST11071,REP1020,Event,2026-02-09,73.0,Nurturing
LEAD102909,CUST10303,REP1011,Email,2026-01-21,74.0,Nurturing
LEAD102910,CUST10655,REP1016,Partner,2026-06-21,36.0,Low Priority
LEAD102911,CUST10103,REP1015,Partner,2026-05-03,23.0,Low Priority
LEAD102912,CUST10127,REP1009,Referral,2026-01-22,80.0,Qualified
LEAD102913,CUST10290,REP1021,Website,2026-04-22,34.0,Low Priority
LEAD102914,CUST10642,REP1017,Website,2026-02-25,36.0,Low Priority
LEAD102915,CUST10652,REP1002,Email,2026-02-02,68.0,Nurturing
LEAD102916,CUST11027,REP1015,Website,2026-03-27,41.0,New
LEAD102917,CUST10199,REP1012,Website,2026-05-23,35.0,Low Priority
LEAD102918,CUST10900,REP1024,Email,2026-01-01,44.0,New
LEAD102919,CUST10008,REP1010,Partner,2026-03-06,62.0,Nurturing
LEAD102920,CUST10350,REP1029,Partner,2026-06-16,88.0,Qualified
LEAD102921,CUST10211,REP1019,Referral,2026-03-13,100.0,Qualified
LEAD102922,CUST10149,REP1004,Website,2026-01-18,79.0,Nurturing
LEAD102923,CUST10702,REP1013,Partner,2026-03-19,92.0,Qualified
LEAD102924,CUST11081,REP1027,Referral,2026-05-04,61.0,Nurturing
LEAD102925,CUST10801,REP1008,Partner,2026-06-30,53.0,New
LEAD102926,CUST11025,REP1022,Website,2026-04-24,86.0,Qualified
LEAD102927,CUST10710,REP1024,Referral,2026-01-10,44.0,New
LEAD102928,CUST10065,REP1021,Website,2026-05-27,85.0,Qualified
LEAD102929,CUST10416,REP1003,Partner,2026-05-22,100.0,Qualified
LEAD102930,CUST10989,REP1012,Referral,2026-04-28,51.0,New
LEAD102931,CUST10054,REP1011,Referral,2026-06-12,71.0,Nurturing
LEAD102932,CUST10117,REP1011,Partner,2026-05-20,83.0,Qualified
LEAD102933,CUST11001,REP1027,Partner,2026-02-12,83.0,Qualified
LEAD102934,CUST10076,REP1001,Referral,2026-03-18,36.0,Low Priority
LEAD102935,CUST11152,REP1017,Email,2026-04-02,97.0,Qualified
LEAD102936,CUST10911,REP1030,Referral,2026-03-30,60.0,Nurturing
LEAD102937,CUST10799,REP1027,Referral,2026-04-26,23.0,Low Priority
LEAD102938,CUST10644,REP1019,Partner,2026-05-08,29.0,Low Priority
LEAD102939,CUST10108,REP1030,Website,2026-01-19,78.0,Nurturing
LEAD102940,CUST10498,REP1013,Partner,2026-04-13,54.0,New
LEAD102941,CUST10970,REP1019,Partner,2026-01-08,28.0,Low Priority
LEAD102942,CUST11085,REP1017,Website,2026-04-03,62.0,Nurturing
LEAD102943,CUST10537,REP1002,Partner,2026-03-18,68.0,Nurturing
LEAD102944,CUST11008,REP1002,Website,2026-02-07,26.0,Low Priority
LEAD102945,CUST10932,REP1027,Email,2026-06-29,48.0,New
LEAD102946,CUST10070,REP1006,Website,2026-02-16,57.0,New
LEAD102947,CUST10745,REP1011,Website,2026-01-11,83.0,Qualified
LEAD102948,CUST10740,REP1019,Referral,2026-03-06,72.0,Nurturing
LEAD102949,CUST10652,REP1018,Email,2026-05-18,27.0,Low Priority
LEAD102950,CUST10927,REP1016,Email,2026-01-02,69.0,Nurturing
LEAD102951,CUST11068,REP1030,Partner,2026-03-31,93.0,Qualified
LEAD102952,CUST10661,REP1024,Website,2026-03-17,24.0,Low Priority
LEAD102953,CUST10385,REP1029,Referral,2026-06-06,99.0,Qualified
LEAD102954,CUST11180,REP1020,Email,2026-01-01,27.0,Low Priority
LEAD102955,CUST11157,REP1030,Website,2026-01-04,70.0,Nurturing
LEAD102956,CUST10824,REP1019,Email,2026-04-13,48.0,New
LEAD102957,CUST10769,REP1017,Referral,2026-02-02,79.0,Nurturing
LEAD102958,CUST10125,REP1025,Website,2026-05-08,88.0,Qualified
LEAD102959,CUST10482,REP1027,Email,2026-02-20,89.0,Qualified
LEAD102960,CUST10238,REP1003,Website,2026-04-12,90.0,Qualified
LEAD102961,CUST10618,REP1028,Referral,2026-01-07,86.0,Qualified
LEAD102962,CUST10992,REP1021,Website,2026-05-06,45.0,New
LEAD102963,CUST10270,REP1027,Partner,2026-04-04,57.0,New
LEAD102964,CUST11197,REP1022,Website,2026-01-01,78.0,Nurturing
LEAD102965,CUST10156,REP1028,Website,2026-02-18,33.0,Low Priority
LEAD102966,CUST10119,REP1009,Partner,2026-01-11,66.0,Nurturing
LEAD102967,CUST11170,REP1006,Event,2026-01-09,62.0,Nurturing
LEAD102968,CUST10121,REP1006,Website,2026-05-07,99.0,Qualified
LEAD102969,CUST10883,REP1008,Partner,2026-03-19,24.0,Low Priority
LEAD102970,CUST10917,REP1007,Event,2026-05-26,27.0,Low Priority
LEAD102971,CUST10397,REP1014,Referral,2026-02-16,22.0,Low Priority
LEAD102972,CUST10078,REP1006,Partner,2026-05-10,64.0,Nurturing
LEAD102973,CUST10371,REP1005,Event,2026-04-22,64.0,Nurturing
LEAD102974,CUST10083,REP1016,Email,2026-05-01,67.0,Nurturing
LEAD102975,CUST10807,REP1024,Referral,2026-05-30,39.0,Low Priority
LEAD102976,CUST11067,REP1005,Email,2026-05-09,44.0,New
LEAD102977,CUST11197,REP1016,Email,2026-05-15,53.0,New
LEAD102978,CUST10961,REP1020,Partner,2026-05-14,23.0,Low Priority
LEAD102979,CUST10930,REP1022,Partner,2026-03-22,80.0,Qualified
LEAD102980,CUST11058,REP1004,Event,2026-05-12,24.0,Low Priority
LEAD102981,CUST10924,REP1023,Event,2026-06-02,74.0,Nurturing
LEAD102982,CUST10781,REP1001,Event,2026-05-14,56.0,New
LEAD102983,CUST11196,REP1008,Email,2026-04-20,100.0,Qualified
LEAD102984,CUST10388,REP1010,Referral,2026-01-14,76.0,Nurturing
LEAD102985,CUST10496,REP1026,Website,2026-03-21,58.0,New
LEAD102986,CUST11088,REP1006,Website,2026-01-12,76.0,Nurturing
LEAD102987,CUST10374,REP1024,Event,2026-01-19,29.0,Low Priority
LEAD102988,CUST10359,REP1030,Referral,2026-03-07,34.0,Low Priority
LEAD102989,CUST10183,REP1029,Website,2026-03-26,60.0,Nurturing
LEAD102990,CUST10331,REP1010,Referral,2026-04-06,89.0,Qualified
LEAD102991,CUST10713,REP1003,Website,2026-06-12,86.0,Qualified
LEAD102992,CUST11064,REP1007,Partner,2026-05-19,50.0,New
LEAD102993,CUST10164,REP1024,Partner,2026-03-18,42.0,New
LEAD102994,CUST10817,REP1006,Referral,2026-03-02,98.0,Qualified
LEAD102995,CUST10920,REP1020,Email,2026-05-09,65.0,Nurturing
LEAD102996,CUST11075,REP1012,Partner,2026-02-19,29.0,Low Priority
LEAD102997,CUST10901,REP1024,Event,2026-06-09,38.0,Low Priority
LEAD102998,CUST10188,REP1019,Email,2026-05-22,87.0,Qualified
LEAD102999,CUST10587,REP1018,Website,2026-05-04,92.0,Qualified
LEAD103000,CUST11143,REP1024,Referral,2026-02-15,93.0,Qualified
