opportunity_id,customer_id,sales_rep_id,product_id,created_date,deal_size,stage,close_date
OPP200001,CUST10009,REP1021,P1002,2026-05-16,8174,Won,2026-06-27
OPP200002,CUST10988,REP1001,P1009,2026-01-25,18961,Proposal,2026-04-03
OPP200003,CUST10135,REP1022,P1001,2026-05-05,17329,Prospecting,2026-07-24
OPP200004,CUST10971,REP1024,P1011,2026-04-26,6942,Lost,2026-07-12
OPP200005,CUST11058,REP1022,P1003,2026-05-30,2728,Proposal,2026-07-17
OPP200006,CUST10434,REP1016,P1004,2026-03-03,27089,Won,2026-06-16
OPP200007,CUST10233,REP1001,P1011,2026-06-03,16974,Won,2026-08-22
OPP200008,CUST10857,REP1015,P1011,2026-04-28,17628,Prospecting,2026-07-05
OPP200009,CUST10083,REP1020,P1002,2026-02-12,2674,Qualified,2026-06-05
OPP200010,CUST10696,REP1018,P1002,2026-02-05,7066,Qualified,2026-02-22
OPP200011,CUST10398,REP1018,P1011,2026-05-30,3114,Proposal,2026-08-25
OPP200012,CUST10510,REP1016,P1012,2026-04-18,29394,Prospecting,2026-08-07
OPP200013,CUST10991,REP1017,P1006,2026-01-20,23322,Proposal,2026-04-11
OPP200014,CUST11192,REP1010,P1002,2026-01-21,16846,Won,2026-04-01
OPP200015,CUST10483,REP1019,P1002,2026-05-18,20745,Prospecting,2026-07-05
OPP200016,CUST10349,REP1009,P1004,2026-01-29,5798,Negotiation,2026-03-07
OPP200017,CUST11002,REP1015,P1009,2026-02-06,29658,Proposal,2026-04-15
OPP200018,CUST10496,REP1013,P1002,2026-04-13,16000,Prospecting,2026-07-30
OPP200019,CUST10240,REP1022,P1008,2026-05-24,15981,Prospecting,2026-07-22
OPP200020,CUST11084,REP1027,P1010,2026-02-25,28821,Prospecting,2026-03-17
OPP200021,CUST11191,REP1019,P1002,2026-04-21,3782,Negotiation,2026-06-21
OPP200022,CUST10347,REP1005,P1012,2026-04-27,13302,Prospecting,2026-05-15
OPP200023,CUST10190,REP1021,P1012,2026-04-10,3560,Won,2026-07-31
OPP200024,CUST10184,REP1010,P1004,2026-04-24,13335,Won,2026-06-30
OPP200025,CUST10719,REP1002,P1002,2026-02-07,8748,Prospecting,2026-03-10
OPP200026,CUST10372,REP1006,P1004,2026-04-14,14372,Won,2026-06-30
OPP200027,CUST10748,REP1030,P1004,2026-01-01,21357,Lost,2026-03-09
OPP200028,CUST10912,REP1013,P1004,2026-05-02,9123,Prospecting,2026-07-05
OPP200029,CUST10007,REP1007,P1012,2026-05-12,2484,Lost,2026-07-24
OPP200030,CUST11032,REP1005,P1002,2026-05-12,5691,Qualified,2026-08-31
OPP200031,CUST10035,REP1020,P1004,2026-01-05,21757,Negotiation,2026-04-18
OPP200032,CUST10138,REP1023,P1010,2026-06-01,17788,Prospecting,2026-07-07
OPP200033,CUST10870,REP1011,P1001,2026-03-14,29380,Won,2026-04-17
OPP200034,CUST10747,REP1004,P1001,2026-01-14,26931,Won,2026-05-12
OPP200035,CUST11175,REP1011,P1004,2026-03-30,5672,Lost,2026-06-17
OPP200036,CUST10681,REP1020,P1012,2026-04-05,22336,Lost,2026-04-14
OPP200037,CUST10501,REP1004,P1011,2026-03-08,3618,Prospecting,2026-05-13
OPP200038,CUST10803,REP1009,P1012,2026-05-05,3789,Negotiation,2026-05-25
OPP200039,CUST10915,REP1001,P1011,2026-04-01,24001,Qualified,2026-04-11
OPP200040,CUST10806,REP1015,P1002,2026-02-06,12624,Prospecting,2026-03-05
OPP200041,CUST10445,REP1006,P1005,2026-04-13,29932,Prospecting,2026-05-18
OPP200042,CUST11152,REP1006,P1007,2026-02-13,1153,Lost,2026-02-28
OPP200043,CUST10362,REP1004,P1002,2026-01-20,15575,Negotiation,2026-05-01
OPP200044,CUST10416,REP1022,P1012,2026-02-14,9930,Prospecting,2026-04-11
OPP200045,CUST10334,REP1015,P1008,2026-05-31,29577,Lost,2026-08-08
OPP200046,CUST10360,REP1029,P1011,2026-04-06,20411,Won,2026-07-19
OPP200047,CUST10256,REP1012,P1004,2026-02-22,23384,Qualified,2026-06-03
OPP200048,CUST10698,REP1007,P1009,2026-03-02,9416,Proposal,2026-06-09
OPP200049,CUST10875,REP1007,P1002,2026-05-23,26939,Won,2026-06-21
OPP200050,CUST10516,REP1029,P1001,2026-04-21,25376,Negotiation,2026-07-21
OPP200051,CUST11108,REP1018,P1008,2026-05-09,23737,Proposal,2026-09-05
OPP200052,CUST10569,REP1010,P1001,2026-04-12,14844,Proposal,2026-04-19
OPP200053,CUST10561,REP1020,P1004,2026-06-14,27736,Prospecting,2026-09-27
OPP200054,CUST10084,REP1017,P1010,2026-04-20,20405,Proposal,2026-08-02
OPP200055,CUST11085,REP1004,P1006,2026-03-08,2905,Qualified,2026-06-18
OPP200056,CUST10178,REP1022,P1005,2026-02-11,26632,Qualified,2026-04-03
OPP200057,CUST10198,REP1004,P1004,2026-01-08,1607,Qualified,2026-02-06
OPP200058,CUST11123,REP1006,P1009,2026-05-08,20801,Negotiation,2026-08-05
OPP200059,CUST10624,REP1022,P1012,2026-06-04,8247,Proposal,2026-08-20
OPP200060,CUST10082,REP1014,P1009,2026-04-21,27022,Proposal,2026-07-19
OPP200061,CUST10531,REP1007,P1005,2026-03-22,22163,Prospecting,2026-04-26
OPP200062,CUST10709,REP1003,P1006,2026-01-22,24433,Lost,2026-02-18
OPP200063,CUST10013,REP1018,P1002,2026-04-17,21294,Qualified,2026-08-03
OPP200064,CUST10906,REP1021,P1002,2026-02-03,17444,Proposal,2026-04-09
OPP200065,CUST10803,REP1007,P1004,2026-04-14,26048,Prospecting,2026-07-26
OPP200066,CUST10015,REP1013,P1005,2026-02-19,9619,Negotiation,2026-06-10
OPP200067,CUST10743,REP1011,P1012,2026-05-24,16322,Proposal,2026-07-21
OPP200068,CUST10268,REP1027,P1011,2026-06-05,9646,Proposal,2026-07-11
OPP200069,CUST10882,REP1024,P1002,2026-02-08,4296,Won,2026-05-27
OPP200070,CUST10453,REP1009,P1004,2026-02-24,26384,Won,2026-05-22
OPP200071,CUST10243,REP1016,P1001,2026-06-03,15413,Proposal,2026-08-24
OPP200072,CUST10609,REP1028,P1001,2026-01-04,2562,Proposal,2026-04-29
OPP200073,CUST10532,REP1011,P1005,2026-03-27,24930,Lost,2026-04-30
OPP200074,CUST10410,REP1005,P1012,2026-01-24,28301,Lost,2026-03-12
OPP200075,CUST11055,REP1009,P1003,2026-03-13,20189,Negotiation,2026-03-24
OPP200076,CUST10779,REP1019,P1009,2026-01-06,10484,Won,2026-02-25
OPP200077,CUST10585,REP1030,P1005,2026-01-24,25923,Won,2026-03-22
OPP200078,CUST10272,REP1010,P1007,2026-03-08,22427,Lost,2026-05-05
OPP200079,CUST10683,REP1002,P1011,2026-01-10,9259,Prospecting,2026-02-03
OPP200080,CUST10031,REP1006,P1010,2026-05-13,10570,Lost,2026-08-19
OPP200081,CUST11062,REP1013,P1010,2026-04-06,29645,Negotiation,2026-06-07
OPP200082,CUST10002,REP1003,P1005,2026-03-16,28645,Negotiation,2026-05-11
OPP200083,CUST10839,REP1002,P1001,2026-03-20,20617,Proposal,2026-07-02
OPP200084,CUST10415,REP1020,P1012,2026-05-20,2057,Qualified,2026-07-20
OPP200085,CUST10863,REP1025,P1012,2026-05-21,7658,Won,2026-09-05
OPP200086,CUST10434,REP1007,P1011,2026-01-08,11246,Negotiation,2026-02-09
OPP200087,CUST10032,REP1016,P1006,2026-04-24,16542,Qualified,2026-08-05
OPP200088,CUST11139,REP1018,P1004,2026-03-19,26156,Negotiation,2026-07-15
OPP200089,CUST10920,REP1021,P1003,2026-05-10,25599,Prospecting,2026-08-09
OPP200090,CUST10054,REP1030,P1005,2026-05-11,8947,Proposal,2026-08-26
OPP200091,CUST10040,REP1027,P1005,2026-04-28,4153,Negotiation,2026-07-27
OPP200092,CUST10637,REP1010,P1004,2026-04-23,8992,Negotiation,2026-07-06
OPP200093,CUST11148,REP1030,P1012,2026-02-05,7824,Prospecting,2026-05-09
OPP200094,CUST10694,REP1002,P1008,2026-05-22,27063,Prospecting,2026-09-14
OPP200095,CUST10013,REP1029,P1003,2026-04-27,1413,Qualified,2026-07-11
OPP200096,CUST10840,REP1005,P1008,2026-02-15,25086,Negotiation,2026-05-10
OPP200097,CUST10514,REP1004,P1009,2026-02-08,20047,Lost,2026-02-23
OPP200098,CUST10767,REP1004,P1007,2026-03-25,4067,Won,2026-07-18
OPP200099,CUST10421,REP1004,P1012,2026-02-26,20867,Won,2026-05-31
OPP200100,CUST10010,REP1014,P1012,2026-04-23,17825,Qualified,2026-05-18
OPP200101,CUST10023,REP1020,P1006,2026-03-09,1108,Prospecting,2026-04-17
OPP200102,CUST10759,REP1023,P1006,2026-01-28,7478,Won,2026-03-01
OPP200103,CUST10763,REP1001,P1003,2026-03-07,11092,Proposal,2026-04-19
OPP200104,CUST10387,REP1009,P1010,2026-05-16,7239,Prospecting,2026-08-31
OPP200105,CUST10099,REP1004,P1012,2026-05-18,17785,Proposal,2026-07-16
OPP200106,CUST10928,REP1005,P1008,2026-02-21,18846,Negotiation,2026-04-16
OPP200107,CUST10182,REP1023,P1003,2026-05-13,5921,Qualified,2026-08-16
OPP200108,CUST10227,REP1020,P1007,2026-01-16,4592,Prospecting,2026-03-05
OPP200109,CUST10543,REP1007,P1010,2026-06-13,20004,Negotiation,2026-09-28
OPP200110,CUST10860,REP1010,P1001,2026-05-08,14623,Prospecting,2026-08-08
OPP200111,CUST11195,REP1028,P1008,2026-01-07,8687,Proposal,2026-02-12
OPP200112,CUST10751,REP1018,P1008,2026-04-28,8418,Won,2026-07-15
OPP200113,CUST11153,REP1008,P1007,2026-03-24,2137,Lost,2026-05-24
OPP200114,CUST10783,REP1029,P1008,2026-05-27,25763,Qualified,2026-07-11
OPP200115,CUST11018,REP1006,P1011,2026-02-09,25410,Prospecting,2026-05-29
OPP200116,CUST10212,REP1009,P1002,2026-05-29,17080,Proposal,2026-07-19
OPP200117,CUST10068,REP1021,P1007,2026-05-25,11133,Qualified,2026-06-14
OPP200118,CUST10804,REP1016,P1010,2026-02-16,7238,Won,2026-04-10
OPP200119,CUST11171,REP1003,P1010,2026-03-13,9915,Negotiation,2026-05-17
OPP200120,CUST10885,REP1025,P1006,2026-04-17,27867,Proposal,2026-05-08
OPP200121,CUST10412,REP1007,P1012,2026-02-09,3577,Won,2026-05-10
OPP200122,CUST10588,REP1021,P1004,2026-06-15,24863,Qualified,2026-07-17
OPP200123,CUST10135,REP1011,P1006,2026-02-01,9830,Proposal,2026-02-18
OPP200124,CUST10409,REP1023,P1010,2026-02-10,8693,Lost,2026-04-18
OPP200125,CUST10820,REP1027,P1006,2026-03-25,24483,Qualified,2026-04-19
OPP200126,CUST10200,REP1024,P1005,2026-03-20,28870,Qualified,2026-06-23
OPP200127,CUST10578,REP1028,P1007,2026-01-09,29754,Won,2026-01-23
OPP200128,CUST10348,REP1017,P1008,2026-06-01,8764,Proposal,2026-07-25
OPP200129,CUST10589,REP1002,P1012,2026-02-09,18141,Qualified,2026-02-21
OPP200130,CUST10917,REP1017,P1008,2026-01-18,9486,Prospecting,2026-03-09
OPP200131,CUST11062,REP1014,P1003,2026-03-28,6610,Proposal,2026-07-18
OPP200132,CUST10492,REP1022,P1001,2026-06-04,12192,Proposal,2026-08-23
OPP200133,CUST10993,REP1008,P1012,2026-01-01,2810,Proposal,2026-03-09
OPP200134,CUST10844,REP1021,P1006,2026-03-23,5779,Qualified,2026-04-16
OPP200135,CUST11107,REP1014,P1003,2026-06-01,18270,Qualified,2026-07-13
OPP200136,CUST10889,REP1021,P1003,2026-05-29,20923,Negotiation,2026-07-18
OPP200137,CUST10661,REP1013,P1002,2026-01-29,8843,Won,2026-04-11
OPP200138,CUST10810,REP1012,P1003,2026-04-14,17162,Negotiation,2026-05-14
OPP200139,CUST10382,REP1007,P1010,2026-05-19,23170,Negotiation,2026-09-15
OPP200140,CUST10809,REP1025,P1008,2026-04-22,26939,Won,2026-07-11
OPP200141,CUST10851,REP1003,P1008,2026-04-20,17485,Prospecting,2026-06-01
OPP200142,CUST10733,REP1008,P1001,2026-05-09,7985,Qualified,2026-05-28
OPP200143,CUST10124,REP1013,P1009,2026-03-17,21666,Prospecting,2026-05-30
OPP200144,CUST10623,REP1005,P1012,2026-01-12,5936,Qualified,2026-03-10
OPP200145,CUST10854,REP1028,P1012,2026-04-17,5035,Lost,2026-07-09
OPP200146,CUST10238,REP1011,P1005,2026-04-15,11400,Qualified,2026-06-28
OPP200147,CUST10945,REP1008,P1008,2026-05-22,10536,Won,2026-08-09
OPP200148,CUST11012,REP1008,P1004,2026-06-03,5237,Prospecting,2026-09-12
OPP200149,CUST10647,REP1006,P1011,2026-02-26,2518,Proposal,2026-05-03
OPP200150,CUST11158,REP1020,P1012,2026-06-08,28438,Qualified,2026-09-04
OPP200151,CUST11030,REP1015,P1003,2026-01-02,20642,Qualified,2026-02-18
OPP200152,CUST10560,REP1007,P1006,2026-06-10,21805,Qualified,2026-10-01
OPP200153,CUST11062,REP1027,P1003,2026-01-23,2922,Negotiation,2026-03-17
OPP200154,CUST11120,REP1020,P1008,2026-04-18,24089,Proposal,2026-07-10
OPP200155,CUST10130,REP1013,P1004,2026-04-24,11569,Won,2026-08-21
OPP200156,CUST11198,REP1016,P1009,2026-04-16,22693,Lost,2026-06-01
OPP200157,CUST10006,REP1020,P1012,2026-06-14,15221,Proposal,2026-07-02
OPP200158,CUST10584,REP1005,P1011,2026-04-02,8041,Lost,2026-05-05
OPP200159,CUST11126,REP1025,P1003,2026-01-22,8604,Prospecting,2026-02-25
OPP200160,CUST10870,REP1008,P1002,2026-04-11,5079,Qualified,2026-04-24
OPP200161,CUST10321,REP1001,P1010,2026-02-18,25060,Proposal,2026-04-27
OPP200162,CUST10773,REP1016,P1001,2026-04-12,13453,Negotiation,2026-05-20
OPP200163,CUST10258,REP1027,P1005,2026-03-05,23621,Proposal,2026-03-22
OPP200164,CUST10285,REP1022,P1012,2026-01-08,25041,Proposal,2026-01-30
OPP200165,CUST11094,REP1010,P1006,2026-04-16,5842,Won,2026-05-23
OPP200166,CUST10057,REP1012,P1001,2026-01-15,10584,Qualified,2026-03-04
OPP200167,CUST11155,REP1018,P1012,2026-02-24,4600,Won,2026-06-21
OPP200168,CUST10545,REP1007,P1009,2026-04-13,1277,Proposal,2026-07-08
OPP200169,CUST10078,REP1025,P1004,2026-05-27,29608,Proposal,2026-08-22
OPP200170,CUST10945,REP1009,P1008,2026-02-22,20141,Qualified,2026-05-18
OPP200171,CUST10058,REP1007,P1008,2026-02-19,14098,Qualified,2026-05-27
OPP200172,CUST10391,REP1003,P1007,2026-02-20,6801,Proposal,2026-04-03
OPP200173,CUST10289,REP1021,P1012,2026-04-06,18137,Won,2026-04-24
OPP200174,CUST10942,REP1001,P1010,2026-02-02,16742,Proposal,2026-04-07
OPP200175,CUST10477,REP1025,P1004,2026-03-29,7463,Prospecting,2026-04-05
OPP200176,CUST10786,REP1030,P1012,2026-05-13,1431,Won,2026-06-13
OPP200177,CUST10087,REP1004,P1012,2026-01-14,14600,Negotiation,2026-04-16
OPP200178,CUST10835,REP1003,P1001,2026-06-10,15756,Lost,2026-08-12
OPP200179,CUST10854,REP1029,P1004,2026-03-30,24149,Proposal,2026-06-23
OPP200180,CUST10343,REP1004,P1008,2026-04-15,12414,Negotiation,2026-06-18
OPP200181,CUST11058,REP1013,P1011,2026-04-13,3815,Proposal,2026-06-20
OPP200182,CUST10565,REP1027,P1009,2026-06-06,26531,Negotiation,2026-07-17
OPP200183,CUST10801,REP1005,P1007,2026-04-21,12994,Proposal,2026-05-22
OPP200184,CUST10219,REP1020,P1004,2026-05-27,21932,Prospecting,2026-07-02
OPP200185,CUST11120,REP1012,P1002,2026-02-17,2251,Lost,2026-05-25
OPP200186,CUST10296,REP1014,P1011,2026-02-06,2044,Won,2026-06-03
OPP200187,CUST10752,REP1028,P1007,2026-04-17,1675,Negotiation,2026-05-03
OPP200188,CUST10108,REP1020,P1006,2026-01-26,23896,Proposal,2026-04-03
OPP200189,CUST10054,REP1010,P1012,2026-01-19,7983,Negotiation,2026-03-20
OPP200190,CUST10153,REP1029,P1002,2026-02-05,23945,Prospecting,2026-04-16
OPP200191,CUST11132,REP1018,P1004,2026-02-14,28400,Qualified,2026-03-19
OPP200192,CUST10253,REP1003,P1011,2026-01-16,20238,Prospecting,2026-01-23
OPP200193,CUST11056,REP1012,P1004,2026-05-01,29587,Prospecting,2026-05-30
OPP200194,CUST10697,REP1008,P1012,2026-04-07,27949,Prospecting,2026-05-04
OPP200195,CUST10107,REP1020,P1011,2026-02-03,21957,Won,2026-02-15
OPP200196,CUST10530,REP1026,P1002,2026-02-16,24294,Qualified,2026-04-04
OPP200197,CUST10576,REP1002,P1006,2026-06-04,18500,Won,2026-08-27
OPP200198,CUST10321,REP1024,P1010,2026-06-01,7348,Lost,2026-09-25
OPP200199,CUST10725,REP1028,P1006,2026-01-21,3982,Prospecting,2026-04-12
OPP200200,CUST11034,REP1030,P1003,2026-04-12,12064,Negotiation,2026-05-08
OPP200201,CUST11061,REP1020,P1001,2026-02-23,14779,Proposal,2026-04-11
OPP200202,CUST10631,REP1010,P1001,2026-03-01,11147,Lost,2026-04-11
OPP200203,CUST11073,REP1005,P1003,2026-04-10,3958,Proposal,2026-05-10
OPP200204,CUST11108,REP1029,P1004,2026-06-13,15642,Qualified,2026-10-09
OPP200205,CUST10106,REP1013,P1004,2026-04-07,15459,Qualified,2026-06-27
OPP200206,CUST10762,REP1011,P1011,2026-06-08,28657,Lost,2026-08-08
OPP200207,CUST10928,REP1023,P1007,2026-05-17,28674,Qualified,2026-07-12
OPP200208,CUST10019,REP1022,P1002,2026-05-10,18852,Won,2026-06-21
OPP200209,CUST10725,REP1025,P1001,2026-05-12,25663,Prospecting,2026-07-05
OPP200210,CUST11097,REP1027,P1002,2026-05-12,10075,Negotiation,2026-07-29
OPP200211,CUST10322,REP1027,P1004,2026-02-12,29110,Proposal,2026-06-03
OPP200212,CUST11029,REP1006,P1009,2026-06-12,28304,Prospecting,2026-08-14
OPP200213,CUST11121,REP1006,P1001,2026-06-02,4633,Prospecting,2026-06-29
OPP200214,CUST10763,REP1007,P1005,2026-04-10,21307,Qualified,2026-08-03
OPP200215,CUST10756,REP1019,P1006,2026-04-29,14275,Won,2026-06-10
OPP200216,CUST10642,REP1018,P1002,2026-05-27,8716,Won,2026-06-12
OPP200217,CUST10491,REP1026,P1001,2026-01-26,12947,Qualified,2026-04-04
OPP200218,CUST10544,REP1026,P1003,2026-01-11,27288,Proposal,2026-04-17
OPP200219,CUST10627,REP1025,P1002,2026-06-15,27803,Prospecting,2026-07-21
OPP200220,CUST10579,REP1003,P1010,2026-04-02,10982,Negotiation,2026-05-10
OPP200221,CUST10992,REP1021,P1012,2026-04-30,14392,Won,2026-06-08
OPP200222,CUST10924,REP1026,P1008,2026-03-25,15970,Won,2026-07-01
OPP200223,CUST10418,REP1030,P1010,2026-03-27,22272,Won,2026-07-20
OPP200224,CUST10616,REP1011,P1010,2026-01-07,14897,Qualified,2026-04-19
OPP200225,CUST10259,REP1024,P1011,2026-02-18,12481,Qualified,2026-03-22
OPP200226,CUST10212,REP1013,P1002,2026-01-15,27785,Won,2026-04-27
OPP200227,CUST10443,REP1005,P1012,2026-03-13,11808,Prospecting,2026-04-23
OPP200228,CUST10070,REP1011,P1006,2026-01-04,8704,Prospecting,2026-04-18
OPP200229,CUST11026,REP1008,P1007,2026-05-14,10481,Qualified,2026-09-10
OPP200230,CUST10152,REP1028,P1010,2026-02-18,10665,Won,2026-05-17
OPP200231,CUST10392,REP1006,P1006,2026-05-04,17098,Negotiation,2026-08-26
OPP200232,CUST10302,REP1004,P1004,2026-01-09,20144,Lost,2026-02-01
OPP200233,CUST10249,REP1018,P1001,2026-01-06,4895,Qualified,2026-03-27
OPP200234,CUST10442,REP1018,P1003,2026-03-12,26711,Qualified,2026-03-24
OPP200235,CUST10864,REP1017,P1002,2026-05-11,8349,Qualified,2026-07-30
OPP200236,CUST11071,REP1005,P1005,2026-05-15,4331,Won,2026-06-29
OPP200237,CUST10227,REP1015,P1010,2026-04-01,20381,Qualified,2026-07-26
OPP200238,CUST10287,REP1028,P1005,2026-04-12,7086,Lost,2026-06-13
OPP200239,CUST10564,REP1003,P1008,2026-04-25,22751,Proposal,2026-07-27
OPP200240,CUST10384,REP1024,P1003,2026-04-22,28492,Won,2026-06-02
OPP200241,CUST10960,REP1004,P1008,2026-05-04,21083,Won,2026-05-19
OPP200242,CUST10268,REP1008,P1012,2026-01-06,23541,Proposal,2026-04-06
OPP200243,CUST10483,REP1027,P1004,2026-03-13,15348,Won,2026-04-14
OPP200244,CUST10655,REP1009,P1006,2026-05-20,11036,Qualified,2026-08-16
OPP200245,CUST10458,REP1016,P1012,2026-03-15,18783,Won,2026-05-13
OPP200246,CUST10741,REP1012,P1008,2026-01-25,11371,Won,2026-05-21
OPP200247,CUST10960,REP1019,P1005,2026-04-21,26409,Proposal,2026-06-06
OPP200248,CUST10639,REP1013,P1002,2026-02-20,14616,Qualified,2026-04-13
OPP200249,CUST10549,REP1014,P1012,2026-03-26,15470,Lost,2026-06-24
OPP200250,CUST11143,REP1025,P1008,2026-03-27,20540,Lost,2026-06-30
OPP200251,CUST11179,REP1017,P1001,2026-04-26,6490,Negotiation,2026-05-17
OPP200252,CUST11195,REP1017,P1007,2026-06-04,17270,Lost,2026-09-02
OPP200253,CUST10020,REP1025,P1012,2026-04-26,22864,Proposal,2026-06-27
OPP200254,CUST11005,REP1013,P1012,2026-06-15,23507,Qualified,2026-10-11
OPP200255,CUST11079,REP1025,P1003,2026-01-04,7523,Proposal,2026-03-23
OPP200256,CUST10967,REP1022,P1005,2026-05-10,2570,Prospecting,2026-08-12
OPP200257,CUST10900,REP1027,P1012,2026-03-11,6632,Proposal,2026-04-25
OPP200258,CUST10440,REP1014,P1010,2026-05-02,24752,Negotiation,2026-06-10
OPP200259,CUST10872,REP1017,P1007,2026-01-15,8697,Prospecting,2026-04-20
OPP200260,CUST10696,REP1004,P1004,2026-03-29,2683,Qualified,2026-04-06
OPP200261,CUST10998,REP1004,P1010,2026-01-05,18320,Won,2026-03-18
OPP200262,CUST10422,REP1004,P1007,2026-04-21,26548,Won,2026-08-15
OPP200263,CUST10892,REP1019,P1007,2026-02-05,7509,Lost,2026-06-04
OPP200264,CUST10942,REP1010,P1012,2026-01-24,2254,Qualified,2026-04-21
OPP200265,CUST11001,REP1009,P1005,2026-01-14,5063,Won,2026-03-18
OPP200266,CUST10207,REP1019,P1008,2026-02-14,4707,Prospecting,2026-05-23
OPP200267,CUST11037,REP1012,P1001,2026-06-09,6931,Prospecting,2026-06-17
OPP200268,CUST10261,REP1005,P1009,2026-06-13,6225,Won,2026-09-17
OPP200269,CUST11125,REP1017,P1007,2026-01-14,19473,Proposal,2026-02-11
OPP200270,CUST10047,REP1017,P1011,2026-06-12,7468,Won,2026-09-10
OPP200271,CUST10269,REP1005,P1004,2026-04-08,16901,Qualified,2026-05-24
OPP200272,CUST10731,REP1009,P1012,2026-02-23,12651,Qualified,2026-05-25
OPP200273,CUST10653,REP1008,P1007,2026-06-06,19976,Proposal,2026-08-20
OPP200274,CUST10827,REP1021,P1003,2026-02-10,20008,Prospecting,2026-06-02
OPP200275,CUST10485,REP1008,P1002,2026-01-31,18194,Qualified,2026-05-06
OPP200276,CUST10005,REP1001,P1003,2026-02-08,26885,Prospecting,2026-05-29
OPP200277,CUST10742,REP1009,P1004,2026-01-25,6691,Qualified,2026-02-18
OPP200278,CUST10613,REP1015,P1007,2026-03-22,16210,Won,2026-05-10
OPP200279,CUST10611,REP1024,P1011,2026-01-24,12433,Prospecting,2026-03-21
OPP200280,CUST10453,REP1002,P1012,2026-02-07,16442,Negotiation,2026-02-17
OPP200281,CUST11069,REP1027,P1009,2026-03-03,5059,Negotiation,2026-03-12
OPP200282,CUST10951,REP1010,P1006,2026-04-18,10259,Proposal,2026-04-29
OPP200283,CUST10218,REP1011,P1008,2026-05-23,28289,Proposal,2026-08-24
OPP200284,CUST10047,REP1001,P1004,2026-01-13,24219,Negotiation,2026-03-11
OPP200285,CUST10218,REP1009,P1003,2026-04-15,13355,Won,2026-07-15
OPP200286,CUST10059,REP1015,P1007,2026-01-18,4204,Prospecting,2026-04-29
OPP200287,CUST10852,REP1019,P1010,2026-06-14,19806,Won,2026-06-25
OPP200288,CUST10745,REP1024,P1001,2026-02-15,9731,Prospecting,2026-05-28
OPP200289,CUST10556,REP1016,P1002,2026-05-23,10554,Proposal,2026-06-24
OPP200290,CUST10710,REP1004,P1003,2026-05-10,3812,Proposal,2026-07-01
OPP200291,CUST10971,REP1012,P1003,2026-02-23,9383,Prospecting,2026-06-18
OPP200292,CUST10998,REP1023,P1002,2026-02-23,7211,Prospecting,2026-04-05
OPP200293,CUST10522,REP1020,P1002,2026-02-22,1985,Prospecting,2026-06-15
OPP200294,CUST10711,REP1018,P1001,2026-03-20,18011,Prospecting,2026-05-23
OPP200295,CUST10693,REP1016,P1005,2026-03-15,29115,Proposal,2026-03-23
OPP200296,CUST11140,REP1016,P1009,2026-04-19,4652,Prospecting,2026-07-29
OPP200297,CUST10914,REP1030,P1002,2026-03-19,2521,Won,2026-03-31
OPP200298,CUST10378,REP1018,P1004,2026-05-11,3917,Won,2026-07-28
OPP200299,CUST11065,REP1018,P1012,2026-03-19,16830,Qualified,2026-05-16
OPP200300,CUST10478,REP1011,P1003,2026-02-20,24951,Prospecting,2026-03-14
OPP200301,CUST10910,REP1015,P1012,2026-02-24,9979,Proposal,2026-04-30
OPP200302,CUST11174,REP1022,P1007,2026-05-02,4430,Won,2026-06-18
OPP200303,CUST10971,REP1026,P1009,2026-01-24,3782,Proposal,2026-02-11
OPP200304,CUST10130,REP1024,P1004,2026-02-17,18633,Prospecting,2026-04-27
OPP200305,CUST10247,REP1020,P1004,2026-02-21,11345,Lost,2026-03-04
OPP200306,CUST10956,REP1024,P1005,2026-04-17,11208,Proposal,2026-06-23
OPP200307,CUST10149,REP1001,P1002,2026-01-22,7920,Qualified,2026-02-23
OPP200308,CUST10014,REP1009,P1004,2026-03-16,26994,Won,2026-06-24
OPP200309,CUST10310,REP1008,P1011,2026-04-22,11871,Lost,2026-08-14
OPP200310,CUST10584,REP1020,P1001,2026-06-03,21518,Proposal,2026-09-23
OPP200311,CUST10155,REP1023,P1007,2026-03-14,22526,Qualified,2026-07-04
OPP200312,CUST10185,REP1005,P1009,2026-06-13,2723,Proposal,2026-07-01
OPP200313,CUST10407,REP1006,P1002,2026-04-11,8204,Qualified,2026-06-14
OPP200314,CUST10719,REP1015,P1002,2026-05-09,26968,Proposal,2026-06-10
OPP200315,CUST10654,REP1030,P1007,2026-02-10,26601,Qualified,2026-02-27
OPP200316,CUST10958,REP1001,P1003,2026-06-01,13003,Negotiation,2026-07-22
OPP200317,CUST11177,REP1027,P1012,2026-02-13,5530,Won,2026-04-09
OPP200318,CUST10040,REP1006,P1003,2026-01-23,9648,Lost,2026-03-04
OPP200319,CUST10826,REP1009,P1002,2026-01-14,28528,Won,2026-02-02
OPP200320,CUST10197,REP1019,P1004,2026-04-19,20510,Prospecting,2026-06-11
OPP200321,CUST10433,REP1022,P1004,2026-04-15,3187,Qualified,2026-05-09
OPP200322,CUST10412,REP1027,P1002,2026-02-02,21821,Proposal,2026-02-13
OPP200323,CUST10841,REP1001,P1008,2026-05-26,5261,Qualified,2026-07-22
OPP200324,CUST10307,REP1002,P1005,2026-02-15,9794,Prospecting,2026-03-01
OPP200325,CUST11074,REP1015,P1007,2026-04-12,14967,Won,2026-08-06
OPP200326,CUST10460,REP1017,P1003,2026-03-28,11198,Qualified,2026-07-07
OPP200327,CUST10979,REP1008,P1002,2026-04-09,21249,Prospecting,2026-07-29
OPP200328,CUST11143,REP1020,P1001,2026-05-04,5533,Proposal,2026-05-22
OPP200329,CUST10613,REP1008,P1001,2026-06-03,26434,Lost,2026-08-01
OPP200330,CUST10122,REP1028,P1011,2026-04-30,18209,Negotiation,2026-08-08
OPP200331,CUST10842,REP1006,P1004,2026-05-31,9863,Prospecting,2026-08-11
OPP200332,CUST10508,REP1020,P1004,2026-05-25,28750,Proposal,2026-07-05
OPP200333,CUST10407,REP1016,P1007,2026-03-01,14875,Lost,2026-06-09
OPP200334,CUST10549,REP1004,P1002,2026-04-03,13082,Prospecting,2026-05-14
OPP200335,CUST10360,REP1019,P1008,2026-02-02,1612,Negotiation,2026-05-30
OPP200336,CUST10337,REP1005,P1007,2026-06-03,29889,Won,2026-06-21
OPP200337,CUST11188,REP1017,P1010,2026-06-10,25545,Negotiation,2026-09-04
OPP200338,CUST10335,REP1020,P1002,2026-05-28,6116,Prospecting,2026-06-05
OPP200339,CUST10551,REP1003,P1001,2026-05-04,28484,Lost,2026-08-22
OPP200340,CUST10858,REP1007,P1010,2026-05-21,24086,Qualified,2026-07-07
OPP200341,CUST10266,REP1009,P1005,2026-05-12,13206,Prospecting,2026-05-21
OPP200342,CUST10742,REP1028,P1001,2026-02-08,27915,Prospecting,2026-05-20
OPP200343,CUST11075,REP1007,P1007,2026-02-13,17214,Proposal,2026-06-09
OPP200344,CUST10976,REP1028,P1006,2026-03-30,20953,Prospecting,2026-07-18
OPP200345,CUST10035,REP1017,P1012,2026-03-11,6312,Won,2026-05-11
OPP200346,CUST10487,REP1029,P1012,2026-05-03,4170,Won,2026-05-16
OPP200347,CUST10001,REP1025,P1007,2026-05-03,16304,Prospecting,2026-06-04
OPP200348,CUST10729,REP1009,P1002,2026-06-12,10469,Won,2026-06-22
OPP200349,CUST10391,REP1017,P1009,2026-05-11,29469,Lost,2026-05-23
OPP200350,CUST11073,REP1022,P1003,2026-01-02,3484,Prospecting,2026-01-26
OPP200351,CUST10211,REP1003,P1011,2026-02-26,23121,Won,2026-05-07
OPP200352,CUST11022,REP1020,P1008,2026-02-24,18450,Lost,2026-05-28
OPP200353,CUST10411,REP1014,P1005,2026-04-16,26489,Won,2026-06-28
OPP200354,CUST11105,REP1002,P1012,2026-02-26,29946,Proposal,2026-03-28
OPP200355,CUST10240,REP1027,P1007,2026-06-12,26246,Won,2026-08-25
OPP200356,CUST10323,REP1008,P1005,2026-02-17,11867,Negotiation,2026-03-22
OPP200357,CUST10422,REP1027,P1003,2026-03-14,21173,Qualified,2026-05-12
OPP200358,CUST11183,REP1007,P1008,2026-05-16,5725,Qualified,2026-08-31
OPP200359,CUST10881,REP1017,P1004,2026-03-02,15092,Proposal,2026-03-24
OPP200360,CUST10980,REP1012,P1002,2026-01-08,8790,Qualified,2026-04-23
OPP200361,CUST10664,REP1027,P1002,2026-02-25,8254,Qualified,2026-04-03
OPP200362,CUST10954,REP1029,P1008,2026-03-01,17553,Prospecting,2026-05-22
OPP200363,CUST10753,REP1024,P1012,2026-04-12,4680,Won,2026-05-18
OPP200364,CUST10802,REP1026,P1004,2026-04-29,17499,Negotiation,2026-05-24
OPP200365,CUST11005,REP1024,P1003,2026-04-02,12626,Qualified,2026-05-29
OPP200366,CUST11180,REP1009,P1008,2026-03-09,7664,Qualified,2026-04-28
OPP200367,CUST10691,REP1028,P1002,2026-03-25,17301,Prospecting,2026-05-28
OPP200368,CUST10530,REP1016,P1002,2026-01-24,22770,Prospecting,2026-02-26
OPP200369,CUST10784,REP1011,P1008,2026-01-31,18690,Negotiation,2026-05-28
OPP200370,CUST10890,REP1006,P1007,2026-04-12,3552,Prospecting,2026-07-03
OPP200371,CUST11184,REP1022,P1001,2026-05-24,17299,Lost,2026-09-02
OPP200372,CUST10839,REP1009,P1003,2026-03-28,19068,Qualified,2026-07-01
OPP200373,CUST11146,REP1020,P1003,2026-01-11,20820,Prospecting,2026-04-09
OPP200374,CUST10879,REP1002,P1009,2026-06-12,13345,Won,2026-07-05
OPP200375,CUST11143,REP1020,P1008,2026-02-23,3751,Qualified,2026-05-07
OPP200376,CUST10902,REP1020,P1009,2026-05-05,4688,Qualified,2026-08-21
OPP200377,CUST11062,REP1016,P1002,2026-05-30,10625,Prospecting,2026-06-16
OPP200378,CUST10229,REP1020,P1011,2026-06-13,19397,Negotiation,2026-08-11
OPP200379,CUST11192,REP1030,P1003,2026-01-20,22432,Qualified,2026-02-16
OPP200380,CUST10419,REP1026,P1012,2026-01-31,20518,Won,2026-05-07
OPP200381,CUST10958,REP1014,P1011,2026-04-18,10054,Negotiation,2026-08-08
OPP200382,CUST10471,REP1027,P1006,2026-05-07,13760,Won,2026-05-19
OPP200383,CUST10550,REP1029,P1010,2026-05-19,2356,Negotiation,2026-08-24
OPP200384,CUST10898,REP1005,P1009,2026-04-02,24141,Won,2026-05-19
OPP200385,CUST10649,REP1011,P1010,2026-01-27,11250,Negotiation,2026-05-22
OPP200386,CUST10860,REP1023,P1001,2026-04-29,15770,Proposal,2026-05-07
OPP200387,CUST10095,REP1016,P1002,2026-04-21,14039,Negotiation,2026-05-19
OPP200388,CUST11001,REP1005,P1011,2026-03-19,9286,Negotiation,2026-06-15
OPP200389,CUST10491,REP1015,P1010,2026-04-16,5877,Prospecting,2026-07-19
OPP200390,CUST10947,REP1012,P1008,2026-02-05,28654,Negotiation,2026-02-20
OPP200391,CUST10343,REP1023,P1004,2026-05-15,4465,Qualified,2026-06-09
OPP200392,CUST10716,REP1016,P1006,2026-01-08,28377,Proposal,2026-02-22
OPP200393,CUST10706,REP1005,P1005,2026-05-20,4282,Prospecting,2026-05-30
OPP200394,CUST10168,REP1002,P1006,2026-05-20,3773,Prospecting,2026-08-23
OPP200395,CUST10570,REP1009,P1008,2026-04-25,27188,Prospecting,2026-07-16
OPP200396,CUST10763,REP1005,P1010,2026-05-16,28436,Prospecting,2026-08-15
OPP200397,CUST11004,REP1027,P1005,2026-06-01,26963,Prospecting,2026-07-31
OPP200398,CUST11065,REP1009,P1011,2026-01-27,23488,Prospecting,2026-04-16
OPP200399,CUST10462,REP1020,P1002,2026-04-01,15286,Proposal,2026-06-11
OPP200400,CUST10772,REP1004,P1010,2026-04-18,4092,Proposal,2026-07-12
OPP200401,CUST10210,REP1014,P1009,2026-06-06,18155,Lost,2026-08-02
OPP200402,CUST11075,REP1029,P1007,2026-05-03,16060,Won,2026-07-22
OPP200403,CUST11042,REP1020,P1005,2026-04-09,22333,Prospecting,2026-06-27
OPP200404,CUST11199,REP1009,P1005,2026-04-03,2013,Proposal,2026-06-21
OPP200405,CUST10584,REP1023,P1005,2026-01-24,3242,Proposal,2026-05-09
OPP200406,CUST10432,REP1016,P1012,2026-02-22,18076,Qualified,2026-04-09
OPP200407,CUST10910,REP1008,P1001,2026-03-13,25801,Proposal,2026-06-27
OPP200408,CUST10868,REP1030,P1008,2026-05-27,28062,Negotiation,2026-06-06
OPP200409,CUST10255,REP1029,P1012,2026-05-24,17494,Negotiation,2026-07-24
OPP200410,CUST10648,REP1017,P1007,2026-04-17,11678,Qualified,2026-06-12
OPP200411,CUST10773,REP1001,P1008,2026-01-18,14688,Negotiation,2026-05-03
OPP200412,CUST10546,REP1013,P1008,2026-04-30,15750,Qualified,2026-05-12
OPP200413,CUST10446,REP1016,P1007,2026-03-18,18953,Won,2026-04-18
OPP200414,CUST10288,REP1028,P1008,2026-04-19,7599,Lost,2026-06-17
OPP200415,CUST10494,REP1022,P1011,2026-03-13,12274,Qualified,2026-06-20
OPP200416,CUST10296,REP1007,P1009,2026-04-30,16687,Won,2026-06-28
OPP200417,CUST10361,REP1016,P1011,2026-02-06,25672,Won,2026-04-26
OPP200418,CUST10222,REP1006,P1007,2026-01-25,24274,Proposal,2026-02-21
OPP200419,CUST10452,REP1015,P1010,2026-02-06,22860,Prospecting,2026-05-30
OPP200420,CUST10758,REP1017,P1011,2026-06-03,7242,Won,2026-09-06
OPP200421,CUST10454,REP1016,P1003,2026-01-13,12789,Proposal,2026-01-24
OPP200422,CUST10171,REP1013,P1011,2026-02-17,17051,Qualified,2026-05-14
OPP200423,CUST10962,REP1014,P1009,2026-02-26,29063,Negotiation,2026-03-19
OPP200424,CUST10518,REP1024,P1006,2026-05-19,11284,Proposal,2026-07-28
OPP200425,CUST10701,REP1016,P1010,2026-03-01,27632,Prospecting,2026-05-27
OPP200426,CUST10628,REP1002,P1003,2026-05-29,22688,Lost,2026-09-17
OPP200427,CUST10608,REP1023,P1009,2026-06-14,19379,Qualified,2026-06-28
OPP200428,CUST10526,REP1019,P1007,2026-04-19,21359,Proposal,2026-05-28
OPP200429,CUST10907,REP1021,P1011,2026-02-26,23999,Negotiation,2026-05-22
OPP200430,CUST11026,REP1022,P1008,2026-04-10,21264,Prospecting,2026-05-16
OPP200431,CUST11085,REP1006,P1007,2026-04-22,20505,Won,2026-07-18
OPP200432,CUST10532,REP1030,P1007,2026-01-19,11956,Negotiation,2026-02-15
OPP200433,CUST10410,REP1030,P1007,2026-05-19,13408,Proposal,2026-06-13
OPP200434,CUST10100,REP1005,P1011,2026-03-14,18379,Proposal,2026-05-21
OPP200435,CUST10532,REP1007,P1010,2026-05-21,25462,Lost,2026-08-13
OPP200436,CUST11191,REP1008,P1002,2026-04-12,19881,Lost,2026-05-12
OPP200437,CUST10313,REP1029,P1007,2026-05-23,29647,Prospecting,2026-09-05
OPP200438,CUST11014,REP1028,P1004,2026-01-14,20743,Qualified,2026-04-29
OPP200439,CUST10908,REP1008,P1002,2026-01-08,12819,Proposal,2026-01-24
OPP200440,CUST10793,REP1019,P1011,2026-01-19,17682,Lost,2026-03-01
OPP200441,CUST10679,REP1008,P1011,2026-05-26,19076,Won,2026-08-03
OPP200442,CUST10908,REP1002,P1012,2026-06-14,26137,Proposal,2026-08-15
OPP200443,CUST10119,REP1007,P1005,2026-06-15,8421,Won,2026-07-20
OPP200444,CUST10154,REP1003,P1006,2026-02-25,8215,Qualified,2026-05-02
OPP200445,CUST10235,REP1026,P1010,2026-02-13,6854,Qualified,2026-06-08
OPP200446,CUST10920,REP1024,P1003,2026-02-28,2618,Negotiation,2026-04-10
OPP200447,CUST10519,REP1006,P1001,2026-05-16,20575,Qualified,2026-06-16
OPP200448,CUST10250,REP1018,P1006,2026-02-11,28912,Negotiation,2026-05-12
OPP200449,CUST10054,REP1007,P1008,2026-04-01,18797,Proposal,2026-06-11
OPP200450,CUST10587,REP1017,P1006,2026-04-18,2761,Won,2026-07-12
OPP200451,CUST10479,REP1027,P1003,2026-03-01,11575,Lost,2026-05-20
OPP200452,CUST10214,REP1027,P1007,2026-03-20,27185,Qualified,2026-06-20
OPP200453,CUST10028,REP1025,P1012,2026-04-21,2502,Proposal,2026-07-19
OPP200454,CUST10905,REP1008,P1004,2026-05-12,18756,Won,2026-07-26
OPP200455,CUST10936,REP1006,P1005,2026-02-01,13778,Prospecting,2026-03-31
OPP200456,CUST10296,REP1005,P1004,2026-03-27,27643,Won,2026-05-25
OPP200457,CUST10593,REP1004,P1004,2026-01-26,15882,Negotiation,2026-03-03
OPP200458,CUST10304,REP1019,P1008,2026-01-03,17383,Prospecting,2026-03-01
OPP200459,CUST10491,REP1020,P1005,2026-04-18,21945,Won,2026-07-02
OPP200460,CUST10132,REP1027,P1008,2026-03-22,24809,Proposal,2026-06-17
OPP200461,CUST11136,REP1003,P1001,2026-02-13,15951,Prospecting,2026-05-18
OPP200462,CUST10865,REP1008,P1008,2026-01-10,21917,Prospecting,2026-02-28
OPP200463,CUST11082,REP1022,P1002,2026-06-07,24355,Won,2026-09-04
OPP200464,CUST10356,REP1021,P1005,2026-05-18,16228,Lost,2026-07-13
OPP200465,CUST11048,REP1013,P1011,2026-06-05,21767,Qualified,2026-07-22
OPP200466,CUST10622,REP1005,P1005,2026-01-19,11536,Prospecting,2026-02-13
OPP200467,CUST10238,REP1015,P1009,2026-01-03,11295,Prospecting,2026-02-09
OPP200468,CUST10399,REP1006,P1005,2026-02-06,1082,Negotiation,2026-04-30
OPP200469,CUST10974,REP1017,P1011,2026-01-17,20411,Qualified,2026-02-17
OPP200470,CUST10930,REP1028,P1012,2026-03-18,8276,Proposal,2026-04-02
OPP200471,CUST10865,REP1006,P1011,2026-04-18,24602,Qualified,2026-05-25
OPP200472,CUST10272,REP1004,P1005,2026-02-02,28601,Proposal,2026-05-31
OPP200473,CUST10778,REP1023,P1004,2026-03-07,26400,Negotiation,2026-03-30
OPP200474,CUST11130,REP1001,P1008,2026-03-31,8988,Proposal,2026-04-23
OPP200475,CUST10059,REP1030,P1010,2026-02-22,19904,Prospecting,2026-04-15
OPP200476,CUST10386,REP1024,P1007,2026-03-18,22803,Proposal,2026-05-07
OPP200477,CUST10097,REP1013,P1009,2026-04-08,15676,Proposal,2026-07-27
OPP200478,CUST10125,REP1011,P1011,2026-06-08,15746,Proposal,2026-07-11
OPP200479,CUST11198,REP1012,P1010,2026-02-21,13699,Prospecting,2026-04-16
OPP200480,CUST10289,REP1012,P1005,2026-01-15,9946,Prospecting,2026-02-23
OPP200481,CUST10216,REP1026,P1003,2026-05-25,17624,Proposal,2026-06-29
OPP200482,CUST10089,REP1024,P1006,2026-04-06,29741,Qualified,2026-05-19
OPP200483,CUST11178,REP1007,P1007,2026-03-20,7349,Negotiation,2026-04-25
OPP200484,CUST10563,REP1006,P1011,2026-04-30,2362,Qualified,2026-07-27
OPP200485,CUST10950,REP1017,P1004,2026-06-12,2631,Qualified,2026-09-16
OPP200486,CUST10301,REP1020,P1002,2026-01-22,17880,Negotiation,2026-02-17
OPP200487,CUST10770,REP1022,P1004,2026-05-23,8829,Proposal,2026-07-25
OPP200488,CUST11064,REP1010,P1008,2026-04-16,14384,Prospecting,2026-05-22
OPP200489,CUST10806,REP1015,P1003,2026-04-08,28568,Won,2026-07-22
OPP200490,CUST10621,REP1004,P1005,2026-05-24,3219,Proposal,2026-06-11
OPP200491,CUST10253,REP1014,P1004,2026-02-20,6064,Lost,2026-04-14
OPP200492,CUST10281,REP1021,P1012,2026-05-11,7208,Prospecting,2026-06-24
OPP200493,CUST10717,REP1010,P1007,2026-04-05,14254,Won,2026-05-23
OPP200494,CUST10542,REP1010,P1009,2026-06-05,21133,Won,2026-09-26
OPP200495,CUST10056,REP1014,P1007,2026-03-19,6315,Prospecting,2026-05-26
OPP200496,CUST10236,REP1026,P1001,2026-04-30,4141,Proposal,2026-06-18
OPP200497,CUST10519,REP1019,P1004,2026-03-24,3488,Negotiation,2026-06-30
OPP200498,CUST10215,REP1028,P1011,2026-03-07,24229,Proposal,2026-06-09
OPP200499,CUST10665,REP1002,P1007,2026-03-04,1857,Proposal,2026-03-27
OPP200500,CUST10361,REP1026,P1009,2026-06-02,19126,Lost,2026-07-31
OPP200501,CUST10350,REP1002,P1010,2026-05-20,17770,Negotiation,2026-07-12
OPP200502,CUST10130,REP1010,P1007,2026-02-07,3924,Lost,2026-04-05
OPP200503,CUST10604,REP1013,P1007,2026-05-24,17023,Won,2026-07-09
OPP200504,CUST10227,REP1008,P1003,2026-04-07,9317,Won,2026-07-16
OPP200505,CUST10757,REP1030,P1003,2026-01-18,15934,Won,2026-05-17
OPP200506,CUST11126,REP1027,P1002,2026-05-08,4978,Negotiation,2026-05-18
OPP200507,CUST11095,REP1018,P1004,2026-01-27,20367,Won,2026-05-10
OPP200508,CUST10801,REP1014,P1008,2026-05-25,24130,Negotiation,2026-09-06
OPP200509,CUST10969,REP1023,P1012,2026-03-17,1091,Prospecting,2026-05-04
OPP200510,CUST11106,REP1022,P1006,2026-06-02,16455,Negotiation,2026-08-02
OPP200511,CUST10819,REP1015,P1008,2026-03-22,19777,Prospecting,2026-04-09
OPP200512,CUST10309,REP1025,P1011,2026-01-15,1082,Lost,2026-03-02
OPP200513,CUST10602,REP1006,P1009,2026-05-08,21997,Negotiation,2026-06-10
OPP200514,CUST11029,REP1009,P1004,2026-05-01,16744,Proposal,2026-08-18
OPP200515,CUST10802,REP1001,P1004,2026-02-20,9881,Prospecting,2026-03-11
OPP200516,CUST10435,REP1004,P1008,2026-02-03,15001,Proposal,2026-03-20
OPP200517,CUST10203,REP1006,P1004,2026-05-24,20781,Qualified,2026-07-24
OPP200518,CUST10174,REP1019,P1003,2026-05-10,19649,Negotiation,2026-09-04
OPP200519,CUST10453,REP1026,P1008,2026-02-19,23523,Negotiation,2026-05-29
OPP200520,CUST10966,REP1018,P1008,2026-04-27,2010,Proposal,2026-08-17
OPP200521,CUST10664,REP1014,P1004,2026-02-09,23832,Qualified,2026-03-23
OPP200522,CUST10072,REP1009,P1001,2026-01-31,2027,Proposal,2026-03-09
OPP200523,CUST11103,REP1004,P1010,2026-04-21,19851,Proposal,2026-07-01
OPP200524,CUST10486,REP1018,P1005,2026-05-19,11131,Won,2026-07-03
OPP200525,CUST10469,REP1005,P1008,2026-06-02,2847,Won,2026-06-10
OPP200526,CUST10984,REP1024,P1003,2026-03-18,20967,Won,2026-06-24
OPP200527,CUST10453,REP1013,P1004,2026-01-24,17025,Qualified,2026-02-10
OPP200528,CUST10741,REP1011,P1008,2026-04-01,20330,Prospecting,2026-04-30
OPP200529,CUST11106,REP1001,P1002,2026-04-24,11902,Lost,2026-08-15
OPP200530,CUST10622,REP1008,P1004,2026-06-11,9069,Lost,2026-09-08
OPP200531,CUST10737,REP1001,P1009,2026-01-19,19115,Prospecting,2026-04-08
OPP200532,CUST10425,REP1022,P1010,2026-04-19,7265,Negotiation,2026-05-10
OPP200533,CUST11069,REP1015,P1005,2026-03-27,24551,Proposal,2026-05-01
OPP200534,CUST10091,REP1024,P1002,2026-04-08,20810,Prospecting,2026-05-08
OPP200535,CUST10332,REP1017,P1001,2026-01-16,29993,Lost,2026-04-05
OPP200536,CUST11190,REP1029,P1007,2026-01-03,1786,Lost,2026-03-07
OPP200537,CUST10581,REP1024,P1009,2026-04-11,17982,Lost,2026-05-28
OPP200538,CUST10210,REP1005,P1008,2026-02-03,17146,Prospecting,2026-05-05
OPP200539,CUST10497,REP1004,P1005,2026-04-12,25868,Proposal,2026-07-15
OPP200540,CUST10307,REP1027,P1001,2026-01-05,13298,Won,2026-04-05
OPP200541,CUST10631,REP1009,P1003,2026-05-14,28156,Negotiation,2026-06-01
OPP200542,CUST10284,REP1023,P1001,2026-02-25,7933,Proposal,2026-05-11
OPP200543,CUST10480,REP1019,P1006,2026-03-16,25772,Proposal,2026-04-15
OPP200544,CUST11090,REP1022,P1004,2026-02-27,16088,Prospecting,2026-04-05
OPP200545,CUST10099,REP1009,P1001,2026-03-11,28373,Negotiation,2026-07-06
OPP200546,CUST10917,REP1010,P1008,2026-03-30,7297,Won,2026-05-22
OPP200547,CUST10094,REP1017,P1005,2026-04-18,8546,Prospecting,2026-07-22
OPP200548,CUST10549,REP1001,P1012,2026-04-25,17365,Prospecting,2026-05-29
OPP200549,CUST10802,REP1010,P1006,2026-06-14,17002,Proposal,2026-10-08
OPP200550,CUST11147,REP1016,P1002,2026-01-30,5320,Proposal,2026-03-09
OPP200551,CUST10301,REP1007,P1009,2026-05-25,19889,Qualified,2026-06-21
OPP200552,CUST10064,REP1009,P1009,2026-04-10,12765,Prospecting,2026-05-23
OPP200553,CUST10902,REP1030,P1012,2026-02-21,5386,Won,2026-03-19
OPP200554,CUST11073,REP1009,P1009,2026-06-02,15802,Qualified,2026-08-15
OPP200555,CUST10679,REP1028,P1005,2026-04-28,21236,Negotiation,2026-05-21
OPP200556,CUST10073,REP1028,P1009,2026-01-31,1919,Proposal,2026-03-02
OPP200557,CUST10601,REP1021,P1010,2026-01-30,27690,Proposal,2026-04-26
OPP200558,CUST10470,REP1005,P1007,2026-04-20,18710,Negotiation,2026-05-01
OPP200559,CUST10542,REP1007,P1010,2026-05-02,8552,Negotiation,2026-06-27
OPP200560,CUST10065,REP1029,P1012,2026-01-08,22759,Proposal,2026-04-03
OPP200561,CUST10381,REP1001,P1010,2026-04-15,25464,Proposal,2026-06-11
OPP200562,CUST11199,REP1016,P1007,2026-03-30,28726,Proposal,2026-04-08
OPP200563,CUST10055,REP1018,P1006,2026-06-10,23921,Proposal,2026-07-04
OPP200564,CUST11098,REP1026,P1011,2026-05-04,6890,Proposal,2026-08-28
OPP200565,CUST10622,REP1027,P1011,2026-05-31,5745,Proposal,2026-09-02
OPP200566,CUST10702,REP1009,P1004,2026-01-06,7052,Proposal,2026-02-21
OPP200567,CUST11121,REP1016,P1001,2026-05-07,26391,Qualified,2026-08-20
OPP200568,CUST10262,REP1020,P1010,2026-02-25,9840,Won,2026-03-04
OPP200569,CUST11182,REP1029,P1003,2026-04-02,10579,Prospecting,2026-04-14
OPP200570,CUST10333,REP1017,P1012,2026-05-26,26832,Lost,2026-09-09
OPP200571,CUST10419,REP1004,P1001,2026-05-25,6921,Negotiation,2026-08-16
OPP200572,CUST10540,REP1028,P1011,2026-02-07,12798,Prospecting,2026-04-22
OPP200573,CUST10722,REP1016,P1009,2026-02-09,9594,Negotiation,2026-03-26
OPP200574,CUST10388,REP1006,P1004,2026-04-30,9752,Qualified,2026-08-07
OPP200575,CUST10952,REP1006,P1001,2026-05-26,18273,Lost,2026-08-09
OPP200576,CUST10026,REP1007,P1011,2026-04-12,22494,Lost,2026-06-07
OPP200577,CUST10800,REP1022,P1002,2026-01-10,8691,Won,2026-03-01
OPP200578,CUST10788,REP1029,P1002,2026-01-28,2101,Proposal,2026-03-16
OPP200579,CUST10642,REP1014,P1010,2026-05-05,19542,Lost,2026-07-16
OPP200580,CUST10737,REP1003,P1009,2026-05-04,16915,Negotiation,2026-07-24
OPP200581,CUST10898,REP1027,P1002,2026-05-29,20113,Won,2026-09-03
OPP200582,CUST11086,REP1020,P1005,2026-03-30,14055,Prospecting,2026-05-21
OPP200583,CUST10263,REP1018,P1008,2026-03-12,23526,Lost,2026-04-16
OPP200584,CUST10573,REP1002,P1008,2026-01-19,19120,Negotiation,2026-03-29
OPP200585,CUST10675,REP1030,P1005,2026-05-10,22970,Qualified,2026-07-21
OPP200586,CUST10414,REP1003,P1005,2026-06-07,22201,Lost,2026-07-15
OPP200587,CUST11169,REP1019,P1001,2026-01-08,15406,Negotiation,2026-01-23
OPP200588,CUST10614,REP1018,P1001,2026-03-23,10424,Lost,2026-05-06
OPP200589,CUST10712,REP1016,P1012,2026-02-28,17883,Prospecting,2026-03-14
OPP200590,CUST10234,REP1017,P1003,2026-05-04,19456,Proposal,2026-05-20
OPP200591,CUST10499,REP1012,P1012,2026-05-07,17575,Negotiation,2026-08-31
OPP200592,CUST10751,REP1018,P1001,2026-02-06,16205,Prospecting,2026-05-12
OPP200593,CUST10515,REP1011,P1012,2026-06-08,10946,Won,2026-06-19
OPP200594,CUST10925,REP1015,P1006,2026-01-23,4885,Negotiation,2026-03-10
OPP200595,CUST10165,REP1021,P1010,2026-05-10,13399,Qualified,2026-06-14
OPP200596,CUST10185,REP1023,P1011,2026-05-04,26570,Negotiation,2026-08-29
OPP200597,CUST10407,REP1005,P1005,2026-01-27,21783,Prospecting,2026-03-24
OPP200598,CUST10383,REP1030,P1009,2026-04-22,22883,Won,2026-05-28
OPP200599,CUST10979,REP1003,P1005,2026-02-14,22369,Won,2026-05-03
OPP200600,CUST11042,REP1009,P1010,2026-02-15,27727,Proposal,2026-04-16
OPP200601,CUST10567,REP1011,P1012,2026-01-15,7557,Proposal,2026-02-12
OPP200602,CUST10607,REP1010,P1010,2026-05-04,21891,Proposal,2026-06-14
OPP200603,CUST10354,REP1011,P1009,2026-05-15,3016,Qualified,2026-06-05
OPP200604,CUST10639,REP1010,P1005,2026-03-25,8099,Won,2026-06-18
OPP200605,CUST10848,REP1014,P1002,2026-05-09,1852,Qualified,2026-09-02
OPP200606,CUST10867,REP1023,P1007,2026-02-27,13485,Proposal,2026-06-05
OPP200607,CUST11163,REP1025,P1002,2026-04-04,5081,Qualified,2026-05-23
OPP200608,CUST10694,REP1011,P1007,2026-05-11,12219,Negotiation,2026-07-12
OPP200609,CUST10409,REP1008,P1011,2026-03-13,4904,Won,2026-03-26
OPP200610,CUST10084,REP1021,P1002,2026-04-13,2038,Prospecting,2026-05-31
OPP200611,CUST10826,REP1002,P1011,2026-01-25,14848,Qualified,2026-02-04
OPP200612,CUST10965,REP1014,P1008,2026-03-26,12905,Prospecting,2026-06-25
OPP200613,CUST10663,REP1007,P1001,2026-05-22,13094,Prospecting,2026-09-08
OPP200614,CUST11108,REP1019,P1009,2026-05-09,11021,Proposal,2026-06-06
OPP200615,CUST10381,REP1003,P1001,2026-02-19,12868,Won,2026-05-13
OPP200616,CUST10064,REP1025,P1008,2026-04-01,1113,Proposal,2026-06-14
OPP200617,CUST10760,REP1009,P1007,2026-04-13,14862,Prospecting,2026-06-06
OPP200618,CUST10146,REP1016,P1009,2026-06-05,25566,Negotiation,2026-09-02
OPP200619,CUST10101,REP1018,P1005,2026-05-18,5046,Won,2026-08-09
OPP200620,CUST10843,REP1015,P1002,2026-05-16,5172,Proposal,2026-06-22
OPP200621,CUST10522,REP1014,P1005,2026-05-05,23620,Qualified,2026-08-10
OPP200622,CUST10726,REP1009,P1010,2026-03-01,15527,Won,2026-05-21
OPP200623,CUST10898,REP1024,P1012,2026-03-04,8458,Prospecting,2026-04-15
OPP200624,CUST10460,REP1016,P1003,2026-03-19,23755,Won,2026-06-17
OPP200625,CUST10734,REP1007,P1005,2026-03-12,10424,Won,2026-05-30
OPP200626,CUST10648,REP1008,P1011,2026-06-08,18529,Won,2026-06-28
OPP200627,CUST10697,REP1014,P1004,2026-05-26,17124,Prospecting,2026-06-20
OPP200628,CUST10845,REP1026,P1003,2026-05-29,5911,Prospecting,2026-07-11
OPP200629,CUST10457,REP1029,P1010,2026-04-11,22895,Won,2026-04-23
OPP200630,CUST10606,REP1012,P1006,2026-02-01,18928,Proposal,2026-03-25
OPP200631,CUST10710,REP1012,P1007,2026-01-24,7046,Proposal,2026-03-24
OPP200632,CUST10169,REP1004,P1006,2026-02-15,22970,Proposal,2026-05-20
OPP200633,CUST10254,REP1017,P1008,2026-04-19,18994,Prospecting,2026-05-15
OPP200634,CUST10108,REP1008,P1004,2026-03-02,25788,Negotiation,2026-05-12
OPP200635,CUST10238,REP1025,P1009,2026-04-19,24784,Lost,2026-07-10
OPP200636,CUST10527,REP1017,P1005,2026-05-27,10240,Negotiation,2026-07-23
OPP200637,CUST11126,REP1007,P1007,2026-02-25,28164,Proposal,2026-06-14
OPP200638,CUST11108,REP1028,P1003,2026-06-03,1983,Lost,2026-07-16
OPP200639,CUST10916,REP1025,P1001,2026-03-26,10690,Negotiation,2026-05-18
OPP200640,CUST10670,REP1010,P1007,2026-05-14,18630,Prospecting,2026-05-21
OPP200641,CUST10244,REP1004,P1002,2026-01-10,16506,Negotiation,2026-03-04
OPP200642,CUST10430,REP1008,P1011,2026-02-15,7547,Prospecting,2026-02-24
OPP200643,CUST10920,REP1012,P1012,2026-06-04,6786,Qualified,2026-09-30
OPP200644,CUST11091,REP1013,P1004,2026-05-28,23645,Negotiation,2026-07-01
OPP200645,CUST11156,REP1025,P1004,2026-04-05,26406,Qualified,2026-07-12
OPP200646,CUST10467,REP1030,P1007,2026-01-06,20716,Prospecting,2026-01-26
OPP200647,CUST10584,REP1023,P1003,2026-01-10,16376,Negotiation,2026-02-16
OPP200648,CUST10611,REP1026,P1011,2026-03-12,23422,Qualified,2026-04-01
OPP200649,CUST10068,REP1004,P1002,2026-05-30,7961,Proposal,2026-07-17
OPP200650,CUST10140,REP1005,P1006,2026-03-04,29058,Qualified,2026-05-18
OPP200651,CUST10055,REP1028,P1003,2026-05-27,4624,Negotiation,2026-07-20
OPP200652,CUST10885,REP1019,P1010,2026-03-30,17951,Won,2026-06-13
OPP200653,CUST10270,REP1008,P1002,2026-01-23,10891,Prospecting,2026-05-01
OPP200654,CUST10841,REP1024,P1006,2026-04-04,27225,Won,2026-04-16
OPP200655,CUST10451,REP1006,P1011,2026-03-02,8100,Prospecting,2026-04-25
OPP200656,CUST10954,REP1024,P1006,2026-02-07,19614,Qualified,2026-04-22
OPP200657,CUST10139,REP1027,P1003,2026-04-23,5531,Qualified,2026-06-28
OPP200658,CUST10391,REP1015,P1002,2026-02-03,6270,Qualified,2026-02-26
OPP200659,CUST10246,REP1020,P1008,2026-05-31,13071,Prospecting,2026-06-30
OPP200660,CUST10524,REP1022,P1002,2026-05-14,24179,Won,2026-07-02
OPP200661,CUST10675,REP1027,P1005,2026-05-10,9064,Won,2026-07-29
OPP200662,CUST10203,REP1018,P1008,2026-01-13,21117,Lost,2026-05-11
OPP200663,CUST10801,REP1009,P1005,2026-06-09,17566,Lost,2026-07-27
OPP200664,CUST11158,REP1007,P1010,2026-03-23,29360,Proposal,2026-05-27
OPP200665,CUST10052,REP1011,P1009,2026-05-02,9721,Prospecting,2026-06-12
OPP200666,CUST10104,REP1002,P1002,2026-02-01,8059,Prospecting,2026-02-11
OPP200667,CUST11143,REP1021,P1010,2026-05-08,27175,Proposal,2026-06-29
OPP200668,CUST10779,REP1012,P1011,2026-02-23,10660,Won,2026-04-10
OPP200669,CUST11104,REP1022,P1003,2026-04-28,7224,Qualified,2026-05-22
OPP200670,CUST10847,REP1002,P1005,2026-02-16,24823,Prospecting,2026-05-09
OPP200671,CUST10861,REP1010,P1005,2026-06-04,24571,Proposal,2026-07-10
OPP200672,CUST10190,REP1012,P1006,2026-04-28,2823,Won,2026-05-30
OPP200673,CUST10615,REP1003,P1006,2026-03-17,25825,Proposal,2026-05-06
OPP200674,CUST10439,REP1025,P1011,2026-03-17,19362,Won,2026-07-10
OPP200675,CUST11001,REP1018,P1008,2026-01-01,9087,Proposal,2026-03-20
OPP200676,CUST10052,REP1026,P1011,2026-02-19,16528,Qualified,2026-04-15
OPP200677,CUST10022,REP1025,P1005,2026-05-12,7920,Proposal,2026-08-19
OPP200678,CUST10668,REP1002,P1007,2026-05-19,5895,Won,2026-05-28
OPP200679,CUST11165,REP1026,P1002,2026-06-15,4838,Won,2026-07-30
OPP200680,CUST11194,REP1003,P1004,2026-01-15,5788,Proposal,2026-03-24
OPP200681,CUST10713,REP1027,P1008,2026-02-11,17902,Qualified,2026-04-14
OPP200682,CUST10516,REP1021,P1003,2026-05-08,24495,Prospecting,2026-07-30
OPP200683,CUST10328,REP1025,P1012,2026-03-01,15107,Prospecting,2026-05-26
OPP200684,CUST11189,REP1015,P1004,2026-02-11,1447,Prospecting,2026-04-10
OPP200685,CUST10220,REP1005,P1002,2026-02-16,13433,Prospecting,2026-06-08
OPP200686,CUST10152,REP1005,P1010,2026-06-02,22658,Negotiation,2026-09-21
OPP200687,CUST10611,REP1004,P1002,2026-05-23,25223,Won,2026-07-22
OPP200688,CUST10471,REP1025,P1004,2026-01-01,22247,Won,2026-04-19
OPP200689,CUST10595,REP1017,P1003,2026-05-20,11713,Won,2026-08-07
OPP200690,CUST11083,REP1007,P1009,2026-04-03,19840,Lost,2026-04-25
OPP200691,CUST10324,REP1004,P1011,2026-05-21,2983,Lost,2026-06-10
OPP200692,CUST11053,REP1003,P1003,2026-04-14,12876,Qualified,2026-04-30
OPP200693,CUST10255,REP1008,P1005,2026-04-25,16568,Prospecting,2026-05-25
OPP200694,CUST10389,REP1023,P1006,2026-04-06,1821,Prospecting,2026-05-18
OPP200695,CUST10006,REP1027,P1009,2026-05-02,1416,Won,2026-05-16
OPP200696,CUST10815,REP1019,P1005,2026-05-16,24251,Prospecting,2026-07-30
OPP200697,CUST11031,REP1030,P1007,2026-03-26,7387,Qualified,2026-05-18
OPP200698,CUST11064,REP1012,P1007,2026-01-19,4645,Proposal,2026-04-03
OPP200699,CUST10201,REP1010,P1001,2026-01-16,18169,Negotiation,2026-03-20
OPP200700,CUST10921,REP1021,P1007,2026-03-10,9142,Negotiation,2026-04-16
OPP200701,CUST10170,REP1005,P1007,2026-03-20,29402,Won,2026-06-04
OPP200702,CUST10755,REP1028,P1012,2026-05-24,28456,Proposal,2026-09-15
OPP200703,CUST10843,REP1024,P1007,2026-01-06,24894,Won,2026-02-17
OPP200704,CUST10184,REP1002,P1011,2026-05-28,9753,Prospecting,2026-07-08
OPP200705,CUST10133,REP1006,P1005,2026-01-10,26387,Won,2026-03-16
OPP200706,CUST10088,REP1019,P1009,2026-03-24,8399,Negotiation,2026-06-29
OPP200707,CUST10851,REP1023,P1011,2026-03-12,7948,Qualified,2026-05-18
OPP200708,CUST10738,REP1007,P1002,2026-04-03,29227,Lost,2026-07-13
OPP200709,CUST10144,REP1023,P1007,2026-01-08,20550,Lost,2026-01-23
OPP200710,CUST10601,REP1015,P1012,2026-05-07,3492,Won,2026-05-25
OPP200711,CUST10955,REP1021,P1007,2026-01-23,26710,Lost,2026-03-16
OPP200712,CUST10286,REP1013,P1011,2026-05-10,5660,Proposal,2026-06-12
OPP200713,CUST10727,REP1014,P1006,2026-04-05,20756,Qualified,2026-04-14
OPP200714,CUST10352,REP1012,P1011,2026-05-28,13711,Prospecting,2026-06-28
OPP200715,CUST10314,REP1005,P1008,2026-06-12,1507,Won,2026-07-19
OPP200716,CUST10471,REP1006,P1006,2026-05-21,23842,Won,2026-09-08
OPP200717,CUST10423,REP1006,P1003,2026-03-17,20912,Lost,2026-06-20
OPP200718,CUST10595,REP1025,P1003,2026-03-10,26646,Won,2026-04-25
OPP200719,CUST10247,REP1013,P1004,2026-04-21,18742,Negotiation,2026-08-14
OPP200720,CUST10469,REP1012,P1010,2026-04-18,22913,Prospecting,2026-07-28
OPP200721,CUST10747,REP1026,P1006,2026-05-12,27274,Prospecting,2026-06-16
OPP200722,CUST10465,REP1027,P1005,2026-03-22,29309,Proposal,2026-05-22
OPP200723,CUST10788,REP1008,P1006,2026-03-18,17258,Won,2026-07-07
OPP200724,CUST10139,REP1011,P1005,2026-01-20,1488,Prospecting,2026-03-19
OPP200725,CUST10166,REP1013,P1010,2026-01-29,11029,Lost,2026-03-18
OPP200726,CUST11039,REP1026,P1005,2026-05-17,18965,Negotiation,2026-09-03
OPP200727,CUST10555,REP1021,P1006,2026-06-14,4178,Qualified,2026-09-03
OPP200728,CUST10731,REP1017,P1007,2026-04-10,4374,Won,2026-06-05
OPP200729,CUST10888,REP1008,P1008,2026-02-27,12450,Negotiation,2026-06-12
OPP200730,CUST10176,REP1012,P1005,2026-01-10,27400,Won,2026-04-11
OPP200731,CUST11167,REP1001,P1001,2026-01-08,10328,Proposal,2026-02-23
OPP200732,CUST10509,REP1022,P1009,2026-04-23,28123,Proposal,2026-06-16
OPP200733,CUST11068,REP1028,P1007,2026-04-17,24286,Prospecting,2026-04-29
OPP200734,CUST10501,REP1024,P1008,2026-02-16,9787,Proposal,2026-03-06
OPP200735,CUST10487,REP1010,P1007,2026-02-01,7700,Won,2026-05-26
OPP200736,CUST10721,REP1015,P1007,2026-01-12,25003,Lost,2026-01-24
OPP200737,CUST10230,REP1029,P1012,2026-04-24,22924,Won,2026-08-03
OPP200738,CUST10731,REP1013,P1001,2026-04-11,19277,Prospecting,2026-05-11
OPP200739,CUST11180,REP1026,P1002,2026-02-25,29365,Lost,2026-05-04
OPP200740,CUST10775,REP1018,P1012,2026-05-02,3914,Prospecting,2026-07-29
OPP200741,CUST10085,REP1015,P1011,2026-05-21,12187,Prospecting,2026-09-17
OPP200742,CUST10838,REP1018,P1005,2026-03-27,18480,Won,2026-05-15
OPP200743,CUST10041,REP1007,P1007,2026-02-13,3081,Lost,2026-06-04
OPP200744,CUST10125,REP1013,P1006,2026-01-01,29305,Lost,2026-02-28
OPP200745,CUST10342,REP1010,P1012,2026-05-13,17582,Won,2026-08-25
OPP200746,CUST10366,REP1023,P1006,2026-04-06,9934,Qualified,2026-04-24
OPP200747,CUST10005,REP1019,P1010,2026-02-27,7934,Prospecting,2026-04-05
OPP200748,CUST10021,REP1012,P1005,2026-01-02,1033,Prospecting,2026-03-20
OPP200749,CUST10948,REP1025,P1005,2026-05-16,18186,Negotiation,2026-08-10
OPP200750,CUST10546,REP1014,P1009,2026-06-03,29326,Proposal,2026-09-08
OPP200751,CUST10240,REP1029,P1005,2026-03-21,2050,Prospecting,2026-05-07
OPP200752,CUST10516,REP1019,P1001,2026-02-14,13005,Proposal,2026-05-02
OPP200753,CUST10832,REP1027,P1003,2026-04-13,20200,Proposal,2026-06-29
OPP200754,CUST10882,REP1030,P1011,2026-05-25,13497,Won,2026-09-20
OPP200755,CUST10346,REP1010,P1005,2026-04-08,19876,Proposal,2026-04-28
OPP200756,CUST10201,REP1008,P1002,2026-01-03,21665,Qualified,2026-01-11
OPP200757,CUST11152,REP1026,P1012,2026-02-02,29002,Negotiation,2026-04-14
OPP200758,CUST10758,REP1007,P1012,2026-01-17,18527,Negotiation,2026-01-25
OPP200759,CUST11180,REP1023,P1006,2026-03-10,21584,Qualified,2026-04-08
OPP200760,CUST10369,REP1006,P1008,2026-03-16,9757,Prospecting,2026-05-18
OPP200761,CUST10134,REP1027,P1010,2026-03-30,5374,Lost,2026-05-06
OPP200762,CUST10459,REP1021,P1001,2026-05-06,3899,Won,2026-06-12
OPP200763,CUST10394,REP1016,P1004,2026-01-19,4171,Qualified,2026-03-06
OPP200764,CUST10864,REP1014,P1007,2026-06-06,24993,Proposal,2026-08-29
OPP200765,CUST10860,REP1020,P1007,2026-02-13,2178,Negotiation,2026-04-02
OPP200766,CUST10086,REP1012,P1004,2026-03-28,15017,Prospecting,2026-07-02
OPP200767,CUST10706,REP1012,P1001,2026-02-05,18787,Prospecting,2026-03-01
OPP200768,CUST10412,REP1007,P1012,2026-03-01,20501,Lost,2026-03-19
OPP200769,CUST10738,REP1005,P1008,2026-05-19,2914,Proposal,2026-06-13
OPP200770,CUST10470,REP1027,P1010,2026-01-08,25954,Prospecting,2026-04-28
OPP200771,CUST10645,REP1023,P1006,2026-03-22,13682,Won,2026-04-29
OPP200772,CUST10859,REP1014,P1007,2026-04-07,1513,Proposal,2026-04-17
OPP200773,CUST10353,REP1025,P1006,2026-04-05,4850,Negotiation,2026-05-17
OPP200774,CUST10240,REP1019,P1006,2026-03-05,25922,Qualified,2026-05-28
OPP200775,CUST10848,REP1018,P1009,2026-03-04,28351,Prospecting,2026-04-20
OPP200776,CUST11137,REP1004,P1012,2026-05-31,22802,Prospecting,2026-07-20
OPP200777,CUST10533,REP1017,P1010,2026-02-10,10667,Lost,2026-02-26
OPP200778,CUST11198,REP1004,P1009,2026-03-21,28457,Negotiation,2026-06-11
OPP200779,CUST10222,REP1021,P1001,2026-03-02,8996,Won,2026-04-02
OPP200780,CUST10983,REP1003,P1007,2026-05-08,7774,Prospecting,2026-05-26
OPP200781,CUST11186,REP1016,P1012,2026-05-14,23183,Won,2026-08-09
OPP200782,CUST10360,REP1012,P1005,2026-05-21,10350,Proposal,2026-09-10
OPP200783,CUST10178,REP1004,P1007,2026-01-15,16079,Negotiation,2026-03-31
OPP200784,CUST10797,REP1015,P1004,2026-01-17,20182,Qualified,2026-05-09
OPP200785,CUST11044,REP1007,P1003,2026-03-04,5816,Negotiation,2026-04-25
OPP200786,CUST10100,REP1008,P1009,2026-03-15,27847,Prospecting,2026-05-19
OPP200787,CUST10769,REP1027,P1004,2026-01-11,5823,Prospecting,2026-02-27
OPP200788,CUST11046,REP1011,P1008,2026-05-29,29787,Won,2026-08-01
OPP200789,CUST10039,REP1013,P1008,2026-05-29,9043,Prospecting,2026-09-13
OPP200790,CUST10620,REP1001,P1011,2026-03-12,13085,Prospecting,2026-05-29
OPP200791,CUST10093,REP1010,P1012,2026-05-08,8345,Lost,2026-05-18
OPP200792,CUST10212,REP1011,P1007,2026-04-04,16637,Qualified,2026-06-15
OPP200793,CUST10584,REP1022,P1001,2026-04-20,1023,Negotiation,2026-06-08
OPP200794,CUST10393,REP1004,P1007,2026-05-25,5945,Won,2026-08-01
OPP200795,CUST10103,REP1028,P1011,2026-01-16,16061,Won,2026-03-27
OPP200796,CUST10961,REP1004,P1006,2026-02-08,21125,Prospecting,2026-04-22
OPP200797,CUST10244,REP1020,P1007,2026-03-13,28919,Proposal,2026-06-25
OPP200798,CUST11045,REP1001,P1010,2026-05-29,25283,Proposal,2026-09-10
OPP200799,CUST10213,REP1025,P1006,2026-04-09,27728,Qualified,2026-08-03
OPP200800,CUST10624,REP1021,P1005,2026-03-07,24160,Won,2026-05-22
OPP200801,CUST10873,REP1026,P1006,2026-01-05,23519,Lost,2026-02-13
OPP200802,CUST10577,REP1028,P1011,2026-04-09,11029,Prospecting,2026-05-08
OPP200803,CUST10501,REP1026,P1006,2026-02-14,27245,Prospecting,2026-05-27
OPP200804,CUST10901,REP1019,P1004,2026-02-24,28934,Won,2026-06-14
OPP200805,CUST10015,REP1026,P1008,2026-06-15,15893,Proposal,2026-06-26
OPP200806,CUST10992,REP1003,P1009,2026-03-29,4490,Won,2026-04-29
OPP200807,CUST10828,REP1020,P1011,2026-01-24,2236,Prospecting,2026-04-17
OPP200808,CUST10918,REP1030,P1011,2026-01-09,15325,Prospecting,2026-02-03
OPP200809,CUST10506,REP1012,P1010,2026-03-06,19410,Negotiation,2026-03-18
OPP200810,CUST10462,REP1030,P1010,2026-01-11,17083,Lost,2026-05-10
OPP200811,CUST10687,REP1016,P1006,2026-03-13,26991,Prospecting,2026-03-30
OPP200812,CUST10771,REP1015,P1005,2026-03-10,16558,Won,2026-04-10
OPP200813,CUST11111,REP1010,P1007,2026-05-26,20169,Proposal,2026-09-21
OPP200814,CUST11029,REP1004,P1009,2026-02-25,22978,Prospecting,2026-03-15
OPP200815,CUST10065,REP1027,P1007,2026-02-15,26951,Proposal,2026-05-23
OPP200816,CUST10183,REP1022,P1003,2026-04-13,18678,Qualified,2026-06-22
OPP200817,CUST11136,REP1013,P1001,2026-04-17,17167,Negotiation,2026-06-24
OPP200818,CUST10466,REP1029,P1001,2026-01-07,3236,Qualified,2026-04-17
OPP200819,CUST10697,REP1006,P1006,2026-01-14,19628,Proposal,2026-01-23
OPP200820,CUST10068,REP1024,P1010,2026-01-28,6215,Qualified,2026-02-10
OPP200821,CUST10126,REP1014,P1010,2026-05-09,11693,Won,2026-06-07
OPP200822,CUST10491,REP1019,P1010,2026-02-04,16434,Lost,2026-04-07
OPP200823,CUST10861,REP1002,P1009,2026-06-14,3396,Proposal,2026-10-07
OPP200824,CUST10927,REP1019,P1001,2026-03-15,21141,Proposal,2026-03-29
OPP200825,CUST11074,REP1021,P1011,2026-06-04,9135,Lost,2026-07-28
OPP200826,CUST10237,REP1030,P1012,2026-02-10,15911,Prospecting,2026-04-06
OPP200827,CUST10243,REP1011,P1011,2026-03-12,11157,Won,2026-04-10
OPP200828,CUST10651,REP1003,P1006,2026-01-23,11309,Proposal,2026-03-09
OPP200829,CUST10657,REP1002,P1003,2026-05-21,12419,Won,2026-06-19
OPP200830,CUST10044,REP1005,P1011,2026-04-10,2482,Qualified,2026-05-02
OPP200831,CUST10537,REP1009,P1003,2026-01-13,6665,Qualified,2026-03-19
OPP200832,CUST11078,REP1025,P1010,2026-05-04,23790,Qualified,2026-08-24
OPP200833,CUST10197,REP1006,P1012,2026-05-28,4534,Prospecting,2026-07-19
OPP200834,CUST10985,REP1005,P1011,2026-04-24,15418,Prospecting,2026-07-11
OPP200835,CUST10537,REP1001,P1007,2026-05-15,5061,Lost,2026-08-05
OPP200836,CUST10630,REP1012,P1011,2026-02-15,16624,Qualified,2026-05-28
OPP200837,CUST10770,REP1019,P1010,2026-03-13,19666,Prospecting,2026-06-21
OPP200838,CUST10847,REP1009,P1012,2026-05-22,14599,Qualified,2026-09-08
OPP200839,CUST10765,REP1015,P1005,2026-04-11,23373,Proposal,2026-07-19
OPP200840,CUST10125,REP1008,P1008,2026-04-12,8695,Proposal,2026-08-02
OPP200841,CUST10355,REP1025,P1010,2026-05-08,17178,Prospecting,2026-09-01
OPP200842,CUST11015,REP1001,P1003,2026-04-13,9014,Won,2026-07-13
OPP200843,CUST10049,REP1007,P1003,2026-01-21,15759,Won,2026-03-24
OPP200844,CUST10859,REP1017,P1005,2026-02-05,2841,Qualified,2026-03-18
OPP200845,CUST10625,REP1026,P1005,2026-05-10,8803,Won,2026-07-20
OPP200846,CUST10144,REP1013,P1010,2026-02-10,21520,Qualified,2026-05-21
OPP200847,CUST10148,REP1003,P1012,2026-04-21,23562,Proposal,2026-07-22
OPP200848,CUST11177,REP1017,P1002,2026-03-20,8884,Lost,2026-05-24
OPP200849,CUST10038,REP1009,P1004,2026-04-13,8487,Won,2026-04-28
OPP200850,CUST10028,REP1010,P1012,2026-02-09,9658,Qualified,2026-03-18
OPP200851,CUST10021,REP1028,P1008,2026-02-21,9097,Proposal,2026-05-04
OPP200852,CUST10755,REP1029,P1003,2026-04-25,29811,Qualified,2026-06-14
OPP200853,CUST11112,REP1008,P1008,2026-01-29,19882,Proposal,2026-03-28
OPP200854,CUST10207,REP1018,P1011,2026-02-21,12188,Negotiation,2026-04-03
OPP200855,CUST10955,REP1017,P1005,2026-06-15,14397,Prospecting,2026-06-30
OPP200856,CUST10864,REP1029,P1006,2026-01-26,15810,Lost,2026-03-26
OPP200857,CUST10276,REP1029,P1008,2026-04-06,17036,Negotiation,2026-06-02
OPP200858,CUST10085,REP1011,P1011,2026-01-26,12207,Prospecting,2026-05-01
OPP200859,CUST10586,REP1001,P1007,2026-04-28,29258,Won,2026-05-17
OPP200860,CUST10098,REP1001,P1012,2026-01-22,9415,Won,2026-03-24
OPP200861,CUST10137,REP1001,P1010,2026-04-06,13392,Qualified,2026-07-18
OPP200862,CUST10560,REP1024,P1006,2026-03-14,1169,Proposal,2026-04-20
OPP200863,CUST10979,REP1023,P1006,2026-04-25,15256,Won,2026-06-06
OPP200864,CUST11193,REP1025,P1009,2026-01-01,25791,Lost,2026-01-17
OPP200865,CUST10754,REP1005,P1001,2026-03-27,29920,Qualified,2026-06-06
OPP200866,CUST10332,REP1002,P1003,2026-04-01,14721,Negotiation,2026-07-13
OPP200867,CUST10394,REP1006,P1003,2026-02-09,5044,Won,2026-04-11
OPP200868,CUST10736,REP1019,P1010,2026-02-19,21876,Lost,2026-04-14
OPP200869,CUST10208,REP1001,P1010,2026-04-28,19576,Prospecting,2026-07-28
OPP200870,CUST10623,REP1020,P1010,2026-04-02,28801,Proposal,2026-05-28
OPP200871,CUST10923,REP1027,P1002,2026-04-07,15649,Won,2026-05-29
OPP200872,CUST11011,REP1005,P1004,2026-06-05,1082,Prospecting,2026-09-06
OPP200873,CUST10071,REP1023,P1004,2026-03-09,27122,Proposal,2026-04-17
OPP200874,CUST10347,REP1017,P1001,2026-05-25,20576,Negotiation,2026-09-05
OPP200875,CUST10306,REP1029,P1004,2026-06-11,24205,Proposal,2026-07-18
OPP200876,CUST10666,REP1008,P1006,2026-04-06,4440,Won,2026-06-09
OPP200877,CUST10223,REP1007,P1011,2026-02-05,14258,Prospecting,2026-03-12
OPP200878,CUST11141,REP1001,P1003,2026-03-11,14280,Won,2026-05-28
OPP200879,CUST11101,REP1022,P1011,2026-01-08,8760,Qualified,2026-03-05
OPP200880,CUST10400,REP1027,P1010,2026-04-26,25556,Won,2026-05-30
OPP200881,CUST10489,REP1001,P1002,2026-02-15,6453,Proposal,2026-05-17
OPP200882,CUST10528,REP1015,P1004,2026-06-03,3073,Prospecting,2026-09-23
OPP200883,CUST10052,REP1022,P1006,2026-04-19,7795,Lost,2026-04-29
OPP200884,CUST11067,REP1024,P1012,2026-03-23,29698,Won,2026-06-02
OPP200885,CUST10936,REP1028,P1010,2026-01-31,4289,Qualified,2026-04-29
OPP200886,CUST10399,REP1022,P1012,2026-01-17,17844,Qualified,2026-04-15
OPP200887,CUST10657,REP1028,P1004,2026-04-22,6309,Negotiation,2026-05-23
OPP200888,CUST10457,REP1030,P1011,2026-05-08,12454,Lost,2026-05-27
OPP200889,CUST10274,REP1028,P1012,2026-02-14,17003,Qualified,2026-04-20
OPP200890,CUST10365,REP1014,P1008,2026-01-02,1565,Lost,2026-03-21
OPP200891,CUST10129,REP1013,P1002,2026-02-23,7994,Qualified,2026-04-03
OPP200892,CUST10972,REP1013,P1004,2026-05-07,18017,Negotiation,2026-06-24
OPP200893,CUST10786,REP1029,P1002,2026-04-07,1420,Proposal,2026-06-13
OPP200894,CUST11117,REP1009,P1010,2026-01-15,15351,Prospecting,2026-03-13
OPP200895,CUST10008,REP1023,P1004,2026-01-20,18504,Lost,2026-03-22
OPP200896,CUST10758,REP1019,P1009,2026-01-18,7244,Prospecting,2026-04-12
OPP200897,CUST10673,REP1002,P1004,2026-05-06,5703,Lost,2026-09-01
OPP200898,CUST10749,REP1015,P1012,2026-05-10,15222,Prospecting,2026-08-14
OPP200899,CUST11188,REP1006,P1010,2026-03-09,21840,Qualified,2026-03-16
OPP200900,CUST10469,REP1022,P1005,2026-04-25,1370,Lost,2026-06-10
OPP200901,CUST10170,REP1014,P1006,2026-01-04,10795,Negotiation,2026-01-12
OPP200902,CUST10015,REP1011,P1001,2026-04-04,29984,Prospecting,2026-07-18
OPP200903,CUST10591,REP1002,P1002,2026-02-15,10735,Negotiation,2026-05-05
OPP200904,CUST10209,REP1004,P1012,2026-05-17,10631,Prospecting,2026-06-17
OPP200905,CUST10170,REP1023,P1010,2026-03-23,22392,Won,2026-07-02
OPP200906,CUST10177,REP1026,P1011,2026-05-22,14926,Prospecting,2026-07-31
OPP200907,CUST10333,REP1009,P1008,2026-04-04,12347,Proposal,2026-04-16
OPP200908,CUST10140,REP1025,P1003,2026-03-17,23758,Prospecting,2026-04-10
OPP200909,CUST10584,REP1017,P1002,2026-06-07,1892,Negotiation,2026-09-13
OPP200910,CUST10785,REP1011,P1009,2026-06-15,21670,Lost,2026-07-24
OPP200911,CUST10348,REP1014,P1004,2026-03-17,12039,Won,2026-05-22
OPP200912,CUST10164,REP1021,P1001,2026-03-01,26768,Qualified,2026-06-17
OPP200913,CUST10687,REP1028,P1001,2026-04-18,22023,Qualified,2026-05-27
OPP200914,CUST10103,REP1015,P1007,2026-01-29,28298,Prospecting,2026-02-06
OPP200915,CUST10886,REP1011,P1011,2026-03-06,4734,Won,2026-03-22
OPP200916,CUST10460,REP1023,P1005,2026-05-21,6486,Prospecting,2026-09-08
OPP200917,CUST10492,REP1016,P1012,2026-05-29,27190,Negotiation,2026-08-11
OPP200918,CUST10299,REP1012,P1005,2026-03-10,12321,Qualified,2026-04-23
OPP200919,CUST10340,REP1014,P1009,2026-03-06,24651,Lost,2026-03-21
OPP200920,CUST10176,REP1017,P1003,2026-05-26,20917,Proposal,2026-08-19
OPP200921,CUST10670,REP1005,P1008,2026-02-03,15492,Proposal,2026-02-14
OPP200922,CUST10176,REP1002,P1004,2026-01-11,2305,Lost,2026-01-28
OPP200923,CUST10817,REP1020,P1010,2026-01-13,3142,Lost,2026-03-28
OPP200924,CUST10308,REP1006,P1006,2026-01-19,21791,Negotiation,2026-04-08
OPP200925,CUST10679,REP1016,P1001,2026-05-27,3822,Won,2026-08-06
OPP200926,CUST10645,REP1024,P1003,2026-01-07,1141,Negotiation,2026-04-26
OPP200927,CUST10761,REP1007,P1005,2026-02-25,7366,Proposal,2026-04-03
OPP200928,CUST10910,REP1012,P1006,2026-04-10,27508,Prospecting,2026-06-18
OPP200929,CUST10673,REP1030,P1004,2026-04-12,19168,Negotiation,2026-05-23
OPP200930,CUST11024,REP1002,P1007,2026-05-19,21826,Negotiation,2026-07-05
OPP200931,CUST10311,REP1023,P1012,2026-06-12,19912,Prospecting,2026-07-06
OPP200932,CUST10902,REP1006,P1009,2026-03-08,17399,Qualified,2026-06-12
OPP200933,CUST10412,REP1028,P1004,2026-02-08,8434,Won,2026-05-05
OPP200934,CUST10754,REP1013,P1009,2026-01-16,13438,Prospecting,2026-04-13
OPP200935,CUST10591,REP1001,P1012,2026-05-28,16799,Negotiation,2026-06-20
OPP200936,CUST11090,REP1022,P1003,2026-03-03,29652,Negotiation,2026-03-23
OPP200937,CUST10326,REP1005,P1003,2026-05-30,27076,Qualified,2026-09-02
OPP200938,CUST10624,REP1011,P1001,2026-02-27,22358,Qualified,2026-05-20
OPP200939,CUST10198,REP1016,P1011,2026-05-06,24585,Qualified,2026-05-16
OPP200940,CUST10761,REP1023,P1010,2026-04-17,24411,Qualified,2026-07-08
OPP200941,CUST10045,REP1013,P1005,2026-04-29,20364,Negotiation,2026-08-24
OPP200942,CUST10494,REP1026,P1011,2026-04-19,24936,Won,2026-07-19
OPP200943,CUST10012,REP1015,P1008,2026-02-20,3125,Won,2026-03-30
OPP200944,CUST10393,REP1011,P1012,2026-01-18,1634,Prospecting,2026-03-01
OPP200945,CUST10581,REP1011,P1012,2026-01-02,13884,Won,2026-04-03
OPP200946,CUST10399,REP1025,P1012,2026-03-11,2585,Qualified,2026-05-02
OPP200947,CUST10464,REP1020,P1005,2026-05-28,10842,Won,2026-08-26
OPP200948,CUST10178,REP1004,P1008,2026-04-17,6752,Prospecting,2026-08-10
OPP200949,CUST10858,REP1023,P1003,2026-04-22,28772,Proposal,2026-06-13
OPP200950,CUST10956,REP1013,P1011,2026-02-12,20001,Proposal,2026-04-24
OPP200951,CUST10546,REP1011,P1004,2026-03-22,2217,Qualified,2026-05-23
OPP200952,CUST10067,REP1003,P1006,2026-03-09,19094,Lost,2026-05-12
OPP200953,CUST10075,REP1030,P1008,2026-01-23,22241,Prospecting,2026-02-07
OPP200954,CUST10810,REP1002,P1010,2026-04-12,10429,Prospecting,2026-08-08
OPP200955,CUST11115,REP1030,P1009,2026-03-02,26599,Negotiation,2026-05-09
OPP200956,CUST11038,REP1002,P1012,2026-03-08,29216,Proposal,2026-04-09
OPP200957,CUST10487,REP1016,P1009,2026-04-10,29439,Qualified,2026-06-20
OPP200958,CUST10597,REP1004,P1010,2026-01-06,3700,Qualified,2026-02-26
OPP200959,CUST10196,REP1015,P1007,2026-06-05,14021,Prospecting,2026-09-12
OPP200960,CUST10085,REP1026,P1005,2026-02-06,23524,Won,2026-05-09
OPP200961,CUST10919,REP1018,P1011,2026-04-23,13841,Proposal,2026-06-12
OPP200962,CUST10515,REP1017,P1005,2026-05-09,14945,Qualified,2026-08-04
OPP200963,CUST10597,REP1004,P1008,2026-01-26,10521,Proposal,2026-02-05
OPP200964,CUST10412,REP1029,P1004,2026-02-11,13146,Lost,2026-06-07
OPP200965,CUST10376,REP1012,P1006,2026-03-10,21142,Won,2026-05-13
OPP200966,CUST11183,REP1017,P1005,2026-05-16,1741,Prospecting,2026-08-04
OPP200967,CUST10980,REP1027,P1004,2026-04-16,24181,Negotiation,2026-07-04
OPP200968,CUST10830,REP1019,P1010,2026-03-19,22106,Prospecting,2026-04-30
OPP200969,CUST10467,REP1023,P1010,2026-05-22,5020,Qualified,2026-08-14
OPP200970,CUST10866,REP1006,P1009,2026-03-20,23375,Won,2026-05-10
OPP200971,CUST10408,REP1014,P1001,2026-05-28,16120,Won,2026-08-19
OPP200972,CUST10619,REP1017,P1003,2026-05-08,10249,Prospecting,2026-05-25
OPP200973,CUST10175,REP1006,P1003,2026-01-29,14207,Won,2026-02-21
OPP200974,CUST10852,REP1012,P1009,2026-03-05,15991,Won,2026-06-24
OPP200975,CUST10073,REP1025,P1011,2026-01-05,7105,Won,2026-04-05
OPP200976,CUST10868,REP1028,P1005,2026-02-09,18586,Won,2026-03-02
OPP200977,CUST10725,REP1025,P1004,2026-01-04,19247,Proposal,2026-02-04
OPP200978,CUST10080,REP1029,P1007,2026-01-18,11661,Lost,2026-03-27
OPP200979,CUST10608,REP1030,P1012,2026-01-01,14355,Qualified,2026-01-08
OPP200980,CUST10268,REP1006,P1005,2026-04-22,18851,Proposal,2026-06-13
OPP200981,CUST10572,REP1026,P1004,2026-03-09,15603,Qualified,2026-04-21
OPP200982,CUST10016,REP1019,P1007,2026-03-20,13589,Won,2026-04-11
OPP200983,CUST10867,REP1026,P1011,2026-05-07,28729,Prospecting,2026-06-16
OPP200984,CUST10612,REP1020,P1009,2026-05-15,26464,Proposal,2026-06-24
OPP200985,CUST10435,REP1004,P1007,2026-03-30,12009,Won,2026-04-13
OPP200986,CUST11051,REP1017,P1009,2026-03-17,21836,Qualified,2026-06-03
OPP200987,CUST10774,REP1023,P1001,2026-04-18,24495,Qualified,2026-05-25
OPP200988,CUST10732,REP1004,P1010,2026-03-10,4204,Qualified,2026-03-20
OPP200989,CUST10177,REP1016,P1002,2026-03-15,18162,Negotiation,2026-03-24
OPP200990,CUST10601,REP1020,P1005,2026-02-19,24188,Qualified,2026-06-15
OPP200991,CUST10841,REP1014,P1005,2026-02-01,2664,Proposal,2026-02-21
OPP200992,CUST11112,REP1024,P1009,2026-02-03,10787,Proposal,2026-05-23
OPP200993,CUST10726,REP1004,P1003,2026-04-19,24136,Lost,2026-05-14
OPP200994,CUST10207,REP1011,P1003,2026-05-18,28131,Won,2026-06-03
OPP200995,CUST10814,REP1029,P1011,2026-03-12,29779,Prospecting,2026-05-19
OPP200996,CUST10090,REP1016,P1006,2026-01-16,18497,Won,2026-05-01
OPP200997,CUST10376,REP1006,P1009,2026-04-12,2235,Won,2026-04-27
OPP200998,CUST11101,REP1004,P1007,2026-05-30,1799,Won,2026-07-13
OPP200999,CUST10963,REP1018,P1008,2026-03-29,24523,Proposal,2026-06-29
OPP201000,CUST11084,REP1028,P1009,2026-01-05,22296,Prospecting,2026-01-19
OPP201001,CUST10423,REP1002,P1009,2026-01-14,6621,Negotiation,2026-02-09
OPP201002,CUST10820,REP1004,P1011,2026-03-28,4791,Proposal,2026-05-08
OPP201003,CUST10841,REP1012,P1010,2026-05-24,5226,Qualified,2026-08-30
OPP201004,CUST10296,REP1007,P1004,2026-01-10,26440,Prospecting,2026-04-18
OPP201005,CUST11132,REP1004,P1003,2026-05-06,23175,Qualified,2026-08-01
OPP201006,CUST11164,REP1009,P1011,2026-05-10,28501,Negotiation,2026-07-31
OPP201007,CUST10133,REP1020,P1005,2026-01-09,4294,Prospecting,2026-01-18
OPP201008,CUST10919,REP1025,P1004,2026-02-05,21162,Negotiation,2026-03-10
OPP201009,CUST10538,REP1010,P1002,2026-01-01,27786,Won,2026-04-22
OPP201010,CUST10809,REP1022,P1007,2026-04-04,16453,Qualified,2026-07-01
OPP201011,CUST10666,REP1025,P1007,2026-01-30,23447,Prospecting,2026-03-05
OPP201012,CUST10268,REP1001,P1010,2026-06-02,18459,Prospecting,2026-08-27
OPP201013,CUST10116,REP1026,P1009,2026-01-16,1203,Qualified,2026-04-14
OPP201014,CUST10616,REP1006,P1009,2026-04-18,13436,Won,2026-07-17
OPP201015,CUST11005,REP1021,P1007,2026-05-11,8579,Negotiation,2026-09-05
OPP201016,CUST10988,REP1023,P1011,2026-01-30,3423,Won,2026-04-08
OPP201017,CUST10330,REP1026,P1012,2026-02-11,18272,Lost,2026-02-24
OPP201018,CUST11033,REP1013,P1010,2026-05-13,27936,Qualified,2026-08-20
OPP201019,CUST10428,REP1020,P1005,2026-01-16,2563,Negotiation,2026-01-24
OPP201020,CUST10674,REP1001,P1004,2026-03-15,10546,Proposal,2026-06-02
OPP201021,CUST10390,REP1014,P1001,2026-02-11,20419,Proposal,2026-05-18
OPP201022,CUST10628,REP1029,P1012,2026-01-03,10072,Qualified,2026-01-24
OPP201023,CUST10636,REP1005,P1009,2026-03-16,4378,Qualified,2026-06-21
OPP201024,CUST10838,REP1005,P1012,2026-03-22,6548,Negotiation,2026-06-28
OPP201025,CUST10567,REP1022,P1010,2026-02-27,1714,Negotiation,2026-05-18
OPP201026,CUST10634,REP1016,P1006,2026-05-15,29779,Qualified,2026-06-27
OPP201027,CUST10782,REP1014,P1002,2026-01-16,15253,Prospecting,2026-02-14
OPP201028,CUST10502,REP1008,P1001,2026-03-13,28334,Proposal,2026-06-07
OPP201029,CUST10630,REP1006,P1010,2026-01-30,20884,Won,2026-02-23
OPP201030,CUST10103,REP1023,P1004,2026-05-06,11133,Proposal,2026-07-28
OPP201031,CUST11044,REP1011,P1005,2026-04-03,28329,Prospecting,2026-04-29
OPP201032,CUST10152,REP1024,P1011,2026-04-28,8540,Qualified,2026-06-11
OPP201033,CUST11048,REP1014,P1006,2026-01-18,6238,Won,2026-03-23
OPP201034,CUST10913,REP1012,P1012,2026-03-17,24355,Won,2026-04-11
OPP201035,CUST11138,REP1007,P1007,2026-01-09,17046,Prospecting,2026-04-15
OPP201036,CUST10030,REP1020,P1010,2026-02-23,13255,Proposal,2026-05-19
OPP201037,CUST10261,REP1009,P1002,2026-06-06,18057,Proposal,2026-06-14
OPP201038,CUST10063,REP1028,P1005,2026-05-01,29065,Negotiation,2026-08-11
OPP201039,CUST10502,REP1013,P1003,2026-01-14,9124,Prospecting,2026-04-12
OPP201040,CUST11086,REP1025,P1001,2026-03-03,27135,Negotiation,2026-06-12
OPP201041,CUST10920,REP1015,P1012,2026-05-25,27414,Lost,2026-08-07
OPP201042,CUST10845,REP1013,P1007,2026-01-29,23024,Qualified,2026-04-16
OPP201043,CUST11019,REP1014,P1005,2026-05-06,5559,Qualified,2026-06-25
OPP201044,CUST10006,REP1014,P1005,2026-02-23,3607,Prospecting,2026-03-27
OPP201045,CUST10946,REP1015,P1003,2026-03-21,4490,Prospecting,2026-04-23
OPP201046,CUST10375,REP1027,P1002,2026-05-26,21361,Lost,2026-07-07
OPP201047,CUST10830,REP1022,P1011,2026-04-22,12599,Lost,2026-05-31
OPP201048,CUST10916,REP1002,P1002,2026-02-17,29630,Prospecting,2026-05-20
OPP201049,CUST10823,REP1002,P1005,2026-01-02,1182,Lost,2026-03-09
OPP201050,CUST10502,REP1001,P1002,2026-02-09,11825,Prospecting,2026-04-03
OPP201051,CUST10734,REP1021,P1012,2026-03-11,8659,Proposal,2026-06-07
OPP201052,CUST10563,REP1007,P1003,2026-01-23,26565,Negotiation,2026-04-22
OPP201053,CUST10754,REP1012,P1005,2026-05-27,4514,Qualified,2026-09-16
OPP201054,CUST10551,REP1025,P1010,2026-01-10,12836,Proposal,2026-02-20
OPP201055,CUST10473,REP1004,P1007,2026-03-31,26133,Negotiation,2026-05-04
OPP201056,CUST10243,REP1005,P1005,2026-06-12,29168,Prospecting,2026-06-19
OPP201057,CUST10465,REP1003,P1007,2026-02-25,27573,Lost,2026-03-22
OPP201058,CUST10866,REP1009,P1006,2026-03-31,19954,Qualified,2026-06-14
OPP201059,CUST11045,REP1003,P1004,2026-01-13,5725,Prospecting,2026-04-21
OPP201060,CUST10124,REP1019,P1008,2026-05-02,3798,Lost,2026-07-15
OPP201061,CUST10220,REP1023,P1005,2026-06-12,12920,Proposal,2026-10-09
OPP201062,CUST10609,REP1006,P1012,2026-05-09,14892,Proposal,2026-07-25
OPP201063,CUST10844,REP1016,P1006,2026-01-25,15907,Qualified,2026-05-11
OPP201064,CUST10204,REP1010,P1010,2026-02-28,2442,Prospecting,2026-04-06
OPP201065,CUST10390,REP1003,P1003,2026-05-01,20585,Qualified,2026-06-13
OPP201066,CUST10056,REP1015,P1008,2026-05-13,12457,Proposal,2026-08-19
OPP201067,CUST10064,REP1021,P1007,2026-03-08,4152,Proposal,2026-05-28
OPP201068,CUST10172,REP1007,P1009,2026-06-09,27546,Proposal,2026-08-10
OPP201069,CUST10876,REP1024,P1006,2026-02-03,11349,Won,2026-05-28
OPP201070,CUST11044,REP1030,P1009,2026-05-04,7733,Lost,2026-08-05
OPP201071,CUST10599,REP1002,P1001,2026-03-24,15279,Qualified,2026-05-03
OPP201072,CUST10212,REP1005,P1009,2026-04-29,28566,Lost,2026-07-14
OPP201073,CUST11106,REP1009,P1010,2026-04-09,24915,Won,2026-05-30
OPP201074,CUST10335,REP1026,P1006,2026-03-13,3897,Lost,2026-05-06
OPP201075,CUST10186,REP1005,P1001,2026-05-16,20915,Negotiation,2026-08-21
OPP201076,CUST10166,REP1015,P1007,2026-05-20,20279,Prospecting,2026-08-11
OPP201077,CUST10424,REP1017,P1010,2026-05-16,26693,Prospecting,2026-05-24
OPP201078,CUST10883,REP1004,P1006,2026-01-15,29004,Lost,2026-03-27
OPP201079,CUST10477,REP1002,P1002,2026-03-12,22629,Proposal,2026-05-31
OPP201080,CUST10535,REP1004,P1005,2026-05-05,19970,Won,2026-07-08
OPP201081,CUST10409,REP1002,P1012,2026-05-24,11255,Won,2026-07-03
OPP201082,CUST11133,REP1016,P1004,2026-03-02,27071,Qualified,2026-05-21
OPP201083,CUST10821,REP1029,P1007,2026-05-03,28348,Proposal,2026-08-25
OPP201084,CUST10798,REP1011,P1005,2026-04-04,29739,Lost,2026-04-20
OPP201085,CUST10526,REP1008,P1009,2026-02-06,28684,Prospecting,2026-04-22
OPP201086,CUST10638,REP1008,P1006,2026-05-29,19613,Negotiation,2026-09-15
OPP201087,CUST11062,REP1030,P1005,2026-03-15,28732,Lost,2026-05-06
OPP201088,CUST10788,REP1029,P1007,2026-04-11,23685,Prospecting,2026-05-25
OPP201089,CUST10977,REP1020,P1007,2026-02-17,7965,Qualified,2026-03-23
OPP201090,CUST10049,REP1014,P1006,2026-01-05,1927,Proposal,2026-02-06
OPP201091,CUST11032,REP1005,P1004,2026-03-17,29439,Won,2026-05-07
OPP201092,CUST11141,REP1028,P1002,2026-04-30,13392,Proposal,2026-08-02
OPP201093,CUST10802,REP1001,P1009,2026-02-24,26330,Prospecting,2026-03-23
OPP201094,CUST11148,REP1005,P1005,2026-06-04,9359,Prospecting,2026-07-07
OPP201095,CUST10682,REP1021,P1008,2026-05-05,11458,Qualified,2026-09-01
OPP201096,CUST10332,REP1006,P1005,2026-04-17,24901,Qualified,2026-08-14
OPP201097,CUST10728,REP1004,P1011,2026-05-14,16236,Qualified,2026-06-15
OPP201098,CUST10754,REP1018,P1009,2026-05-23,20649,Won,2026-07-16
OPP201099,CUST10174,REP1001,P1005,2026-04-30,10285,Prospecting,2026-06-21
OPP201100,CUST10243,REP1009,P1004,2026-05-17,18818,Won,2026-06-26
OPP201101,CUST10350,REP1020,P1009,2026-04-29,15120,Lost,2026-05-23
OPP201102,CUST10657,REP1006,P1001,2026-05-23,28015,Negotiation,2026-06-06
OPP201103,CUST10178,REP1023,P1001,2026-01-18,15270,Negotiation,2026-04-04
OPP201104,CUST10925,REP1003,P1002,2026-02-27,3577,Prospecting,2026-03-10
OPP201105,CUST10132,REP1019,P1005,2026-05-28,22362,Proposal,2026-08-13
OPP201106,CUST11128,REP1003,P1006,2026-03-20,28661,Qualified,2026-04-06
OPP201107,CUST10811,REP1022,P1004,2026-01-03,26601,Qualified,2026-01-27
OPP201108,CUST10408,REP1023,P1003,2026-05-21,3922,Negotiation,2026-05-28
OPP201109,CUST10448,REP1024,P1004,2026-04-19,29958,Prospecting,2026-06-09
OPP201110,CUST10833,REP1009,P1006,2026-06-01,11063,Qualified,2026-07-14
OPP201111,CUST10107,REP1008,P1004,2026-01-03,25184,Negotiation,2026-02-16
OPP201112,CUST10860,REP1030,P1007,2026-01-25,19277,Proposal,2026-03-08
OPP201113,CUST10663,REP1022,P1005,2026-03-26,29218,Prospecting,2026-07-17
OPP201114,CUST10266,REP1006,P1012,2026-01-31,10902,Prospecting,2026-03-27
OPP201115,CUST11077,REP1001,P1012,2026-03-28,18627,Qualified,2026-07-04
OPP201116,CUST10755,REP1011,P1008,2026-02-27,20793,Proposal,2026-04-01
OPP201117,CUST10197,REP1020,P1007,2026-02-04,5478,Proposal,2026-04-06
OPP201118,CUST10787,REP1012,P1001,2026-05-08,23487,Prospecting,2026-05-22
OPP201119,CUST10494,REP1025,P1008,2026-01-07,5158,Negotiation,2026-02-12
OPP201120,CUST10917,REP1016,P1005,2026-05-26,25026,Lost,2026-06-10
OPP201121,CUST10591,REP1030,P1004,2026-01-26,4662,Negotiation,2026-02-04
OPP201122,CUST11200,REP1027,P1010,2026-04-07,6200,Proposal,2026-05-04
OPP201123,CUST11113,REP1015,P1001,2026-06-14,15349,Negotiation,2026-07-08
OPP201124,CUST10049,REP1026,P1004,2026-01-19,6280,Won,2026-03-02
OPP201125,CUST10494,REP1014,P1010,2026-06-03,3224,Lost,2026-09-02
OPP201126,CUST10243,REP1001,P1012,2026-02-20,2517,Prospecting,2026-03-15
OPP201127,CUST10541,REP1010,P1007,2026-05-04,9302,Qualified,2026-07-19
OPP201128,CUST10175,REP1013,P1007,2026-05-23,15234,Prospecting,2026-07-10
OPP201129,CUST10643,REP1030,P1012,2026-02-08,2276,Won,2026-04-01
OPP201130,CUST10186,REP1025,P1002,2026-02-27,4988,Prospecting,2026-06-18
OPP201131,CUST10748,REP1005,P1006,2026-05-23,18737,Lost,2026-07-21
OPP201132,CUST10546,REP1001,P1003,2026-01-18,10239,Prospecting,2026-02-23
OPP201133,CUST11192,REP1016,P1006,2026-01-19,22975,Negotiation,2026-02-21
OPP201134,CUST11055,REP1017,P1011,2026-02-20,25372,Qualified,2026-03-18
OPP201135,CUST10721,REP1023,P1008,2026-04-11,1881,Proposal,2026-07-17
OPP201136,CUST10539,REP1008,P1012,2026-05-14,28511,Proposal,2026-08-04
OPP201137,CUST10860,REP1025,P1007,2026-04-04,20825,Won,2026-05-11
OPP201138,CUST10803,REP1013,P1011,2026-03-23,24840,Proposal,2026-05-24
OPP201139,CUST10168,REP1011,P1003,2026-05-25,14862,Proposal,2026-07-28
OPP201140,CUST10452,REP1013,P1004,2026-01-29,1018,Won,2026-02-10
OPP201141,CUST11191,REP1029,P1004,2026-05-30,26671,Lost,2026-09-16
OPP201142,CUST10384,REP1012,P1010,2026-02-21,17472,Won,2026-05-28
OPP201143,CUST10016,REP1017,P1007,2026-02-15,2076,Won,2026-04-23
OPP201144,CUST11002,REP1027,P1003,2026-06-08,5833,Proposal,2026-09-03
OPP201145,CUST11120,REP1001,P1003,2026-04-18,6975,Lost,2026-05-07
OPP201146,CUST10787,REP1017,P1005,2026-03-13,11896,Proposal,2026-07-08
OPP201147,CUST10762,REP1022,P1002,2026-02-24,13828,Lost,2026-05-14
OPP201148,CUST10422,REP1028,P1009,2026-03-15,13409,Won,2026-07-06
OPP201149,CUST10432,REP1002,P1011,2026-05-12,26176,Prospecting,2026-08-24
OPP201150,CUST11097,REP1022,P1012,2026-01-26,28345,Prospecting,2026-04-09
OPP201151,CUST11030,REP1025,P1003,2026-01-29,20683,Won,2026-03-09
OPP201152,CUST10599,REP1011,P1006,2026-02-20,19378,Negotiation,2026-05-15
OPP201153,CUST10376,REP1023,P1007,2026-03-22,26057,Negotiation,2026-05-25
OPP201154,CUST10226,REP1015,P1006,2026-05-16,8761,Lost,2026-07-08
OPP201155,CUST10014,REP1020,P1006,2026-02-04,17186,Proposal,2026-05-02
OPP201156,CUST10580,REP1012,P1003,2026-05-11,19641,Qualified,2026-08-26
OPP201157,CUST10665,REP1006,P1002,2026-05-31,9280,Proposal,2026-06-26
OPP201158,CUST10810,REP1025,P1005,2026-03-14,28604,Prospecting,2026-05-22
OPP201159,CUST10967,REP1007,P1002,2026-06-09,7830,Proposal,2026-09-11
OPP201160,CUST10441,REP1006,P1001,2026-05-29,2715,Lost,2026-07-11
OPP201161,CUST10201,REP1027,P1007,2026-05-13,10378,Prospecting,2026-06-27
OPP201162,CUST11013,REP1029,P1011,2026-03-05,24663,Won,2026-03-13
OPP201163,CUST10915,REP1019,P1007,2026-02-19,11862,Won,2026-04-03
OPP201164,CUST10640,REP1018,P1001,2026-05-24,7290,Prospecting,2026-08-05
OPP201165,CUST10048,REP1011,P1011,2026-03-15,26294,Won,2026-07-09
OPP201166,CUST10562,REP1019,P1009,2026-01-06,5440,Won,2026-03-13
OPP201167,CUST10744,REP1019,P1004,2026-04-30,5604,Proposal,2026-06-08
OPP201168,CUST11031,REP1016,P1004,2026-02-27,27067,Qualified,2026-06-05
OPP201169,CUST10610,REP1020,P1011,2026-06-05,10318,Qualified,2026-07-03
OPP201170,CUST10556,REP1017,P1006,2026-05-22,1053,Negotiation,2026-06-19
OPP201171,CUST10456,REP1027,P1002,2026-01-18,13572,Qualified,2026-03-24
OPP201172,CUST10498,REP1021,P1004,2026-05-30,22491,Qualified,2026-09-06
OPP201173,CUST10020,REP1012,P1004,2026-06-07,22953,Lost,2026-07-08
OPP201174,CUST10125,REP1020,P1005,2026-05-06,3529,Won,2026-05-14
OPP201175,CUST10908,REP1007,P1005,2026-02-15,9158,Won,2026-05-14
OPP201176,CUST10435,REP1007,P1007,2026-04-22,18921,Lost,2026-07-04
OPP201177,CUST11021,REP1025,P1004,2026-05-25,20146,Prospecting,2026-08-17
OPP201178,CUST10477,REP1018,P1008,2026-05-16,19006,Qualified,2026-07-06
OPP201179,CUST11197,REP1002,P1006,2026-03-13,10799,Negotiation,2026-04-02
OPP201180,CUST10217,REP1011,P1012,2026-04-28,26020,Proposal,2026-06-11
OPP201181,CUST10226,REP1030,P1010,2026-03-06,3262,Prospecting,2026-05-05
OPP201182,CUST10706,REP1020,P1004,2026-02-12,24855,Won,2026-04-08
OPP201183,CUST10964,REP1027,P1001,2026-04-22,28255,Prospecting,2026-08-07
OPP201184,CUST10173,REP1017,P1008,2026-03-19,20869,Proposal,2026-04-20
OPP201185,CUST10604,REP1002,P1005,2026-02-07,13455,Proposal,2026-03-21
OPP201186,CUST10269,REP1006,P1011,2026-04-20,12035,Negotiation,2026-05-17
OPP201187,CUST10885,REP1003,P1005,2026-02-23,13637,Qualified,2026-05-05
OPP201188,CUST10674,REP1023,P1004,2026-04-08,5825,Prospecting,2026-07-14
OPP201189,CUST10786,REP1023,P1005,2026-03-01,7438,Won,2026-06-15
OPP201190,CUST10323,REP1014,P1011,2026-05-27,19434,Lost,2026-06-28
OPP201191,CUST10347,REP1022,P1002,2026-05-22,16955,Proposal,2026-07-16
OPP201192,CUST10768,REP1017,P1012,2026-03-20,15412,Prospecting,2026-06-18
OPP201193,CUST10424,REP1023,P1003,2026-04-28,14769,Negotiation,2026-05-10
OPP201194,CUST10829,REP1021,P1011,2026-01-30,3260,Qualified,2026-04-27
OPP201195,CUST10185,REP1014,P1007,2026-06-15,26162,Prospecting,2026-07-07
OPP201196,CUST10362,REP1020,P1007,2026-02-05,28711,Prospecting,2026-02-15
OPP201197,CUST10123,REP1010,P1003,2026-05-24,8112,Prospecting,2026-06-12
OPP201198,CUST10105,REP1023,P1009,2026-05-21,10118,Qualified,2026-09-04
OPP201199,CUST10315,REP1028,P1008,2026-01-30,19280,Qualified,2026-04-23
OPP201200,CUST10588,REP1007,P1006,2026-01-02,1062,Won,2026-04-08
OPP201201,CUST10174,REP1021,P1006,2026-05-03,3961,Proposal,2026-07-26
OPP201202,CUST10112,REP1004,P1008,2026-05-25,27149,Proposal,2026-08-29
OPP201203,CUST11053,REP1012,P1006,2026-04-29,6003,Prospecting,2026-07-01
OPP201204,CUST10619,REP1021,P1012,2026-01-10,17734,Won,2026-04-18
OPP201205,CUST10859,REP1009,P1001,2026-04-18,26588,Prospecting,2026-05-01
OPP201206,CUST10872,REP1008,P1004,2026-03-07,22258,Qualified,2026-05-18
OPP201207,CUST10122,REP1012,P1011,2026-06-01,8886,Negotiation,2026-09-01
OPP201208,CUST10745,REP1004,P1010,2026-05-13,5427,Negotiation,2026-09-09
OPP201209,CUST11033,REP1019,P1005,2026-05-13,21818,Won,2026-06-29
OPP201210,CUST10538,REP1004,P1007,2026-03-09,12733,Proposal,2026-04-05
OPP201211,CUST11035,REP1010,P1001,2026-02-23,29059,Qualified,2026-05-22
OPP201212,CUST11136,REP1010,P1003,2026-05-17,19706,Qualified,2026-06-01
OPP201213,CUST10656,REP1030,P1012,2026-01-20,1319,Proposal,2026-04-24
OPP201214,CUST10123,REP1030,P1008,2026-01-17,8277,Qualified,2026-04-13
OPP201215,CUST10741,REP1003,P1001,2026-01-11,22589,Qualified,2026-04-06
OPP201216,CUST11057,REP1005,P1010,2026-03-26,21343,Prospecting,2026-05-05
OPP201217,CUST10696,REP1022,P1005,2026-01-13,22514,Lost,2026-02-02
OPP201218,CUST10961,REP1009,P1007,2026-04-07,7774,Prospecting,2026-06-21
OPP201219,CUST10643,REP1020,P1011,2026-01-28,8229,Qualified,2026-03-16
OPP201220,CUST10504,REP1028,P1011,2026-05-28,7064,Lost,2026-07-18
OPP201221,CUST11135,REP1005,P1002,2026-03-13,21177,Won,2026-04-10
OPP201222,CUST10184,REP1029,P1005,2026-01-16,1337,Proposal,2026-03-01
OPP201223,CUST10538,REP1002,P1004,2026-04-26,24613,Negotiation,2026-08-05
OPP201224,CUST10188,REP1007,P1011,2026-02-26,9175,Prospecting,2026-06-13
OPP201225,CUST10786,REP1016,P1010,2026-02-13,15152,Won,2026-03-31
OPP201226,CUST11107,REP1027,P1008,2026-04-20,8155,Qualified,2026-05-13
OPP201227,CUST11198,REP1017,P1001,2026-06-08,13332,Lost,2026-06-18
OPP201228,CUST10281,REP1005,P1010,2026-06-12,23166,Qualified,2026-07-10
OPP201229,CUST10874,REP1008,P1007,2026-03-14,6755,Negotiation,2026-03-22
OPP201230,CUST11049,REP1023,P1004,2026-05-21,17521,Proposal,2026-08-11
OPP201231,CUST11001,REP1017,P1006,2026-02-04,2660,Prospecting,2026-04-24
OPP201232,CUST10604,REP1001,P1006,2026-05-21,6156,Qualified,2026-08-24
OPP201233,CUST10210,REP1016,P1004,2026-06-06,20848,Won,2026-07-20
OPP201234,CUST10555,REP1013,P1011,2026-03-27,17475,Qualified,2026-07-06
OPP201235,CUST10932,REP1001,P1012,2026-03-28,18732,Lost,2026-04-23
OPP201236,CUST10744,REP1008,P1001,2026-04-04,7537,Qualified,2026-05-07
OPP201237,CUST10466,REP1029,P1012,2026-01-13,6979,Negotiation,2026-05-03
OPP201238,CUST10259,REP1022,P1005,2026-05-23,13339,Negotiation,2026-09-06
OPP201239,CUST10783,REP1003,P1010,2026-05-03,4741,Proposal,2026-07-16
OPP201240,CUST10515,REP1001,P1010,2026-05-25,26758,Negotiation,2026-08-08
OPP201241,CUST10567,REP1011,P1008,2026-01-20,8770,Won,2026-04-16
OPP201242,CUST11127,REP1014,P1009,2026-05-14,21858,Negotiation,2026-08-22
OPP201243,CUST10011,REP1014,P1009,2026-03-02,5547,Proposal,2026-04-04
OPP201244,CUST10286,REP1021,P1011,2026-05-16,19881,Negotiation,2026-05-30
OPP201245,CUST11104,REP1006,P1006,2026-06-14,6911,Proposal,2026-07-11
OPP201246,CUST11106,REP1002,P1009,2026-05-27,9163,Prospecting,2026-07-13
OPP201247,CUST10364,REP1021,P1012,2026-06-01,12949,Prospecting,2026-07-04
OPP201248,CUST11194,REP1027,P1012,2026-01-19,4612,Negotiation,2026-03-26
OPP201249,CUST10254,REP1006,P1002,2026-02-24,4614,Lost,2026-03-18
OPP201250,CUST10063,REP1011,P1006,2026-02-18,22835,Prospecting,2026-05-01
OPP201251,CUST10369,REP1019,P1007,2026-03-27,11023,Proposal,2026-06-22
OPP201252,CUST10638,REP1005,P1008,2026-06-12,17468,Qualified,2026-06-30
OPP201253,CUST10008,REP1026,P1008,2026-04-24,19748,Proposal,2026-06-02
OPP201254,CUST10207,REP1007,P1011,2026-04-01,19060,Won,2026-06-07
OPP201255,CUST10950,REP1016,P1007,2026-05-14,19196,Won,2026-05-28
OPP201256,CUST10747,REP1011,P1009,2026-01-30,29278,Won,2026-04-22
OPP201257,CUST10727,REP1021,P1011,2026-04-20,19292,Won,2026-07-21
OPP201258,CUST11188,REP1006,P1002,2026-03-25,11101,Prospecting,2026-05-11
OPP201259,CUST10275,REP1003,P1008,2026-02-03,9254,Proposal,2026-02-11
OPP201260,CUST11077,REP1016,P1005,2026-04-18,24221,Qualified,2026-06-20
OPP201261,CUST10427,REP1026,P1011,2026-05-20,13229,Lost,2026-09-02
OPP201262,CUST11110,REP1019,P1007,2026-05-18,17209,Won,2026-06-27
OPP201263,CUST10940,REP1023,P1008,2026-05-20,24633,Prospecting,2026-08-30
OPP201264,CUST10257,REP1014,P1010,2026-05-15,7822,Qualified,2026-08-28
OPP201265,CUST10252,REP1005,P1003,2026-03-19,7449,Proposal,2026-04-26
OPP201266,CUST10651,REP1013,P1007,2026-01-09,2533,Lost,2026-03-24
OPP201267,CUST10604,REP1030,P1010,2026-06-10,3098,Prospecting,2026-06-21
OPP201268,CUST10282,REP1024,P1010,2026-03-17,18864,Proposal,2026-05-25
OPP201269,CUST10313,REP1022,P1003,2026-04-16,15603,Qualified,2026-07-31
OPP201270,CUST11080,REP1010,P1011,2026-01-04,9630,Negotiation,2026-04-27
OPP201271,CUST10905,REP1018,P1002,2026-05-28,7133,Negotiation,2026-06-26
OPP201272,CUST10230,REP1019,P1004,2026-05-28,21168,Qualified,2026-08-18
OPP201273,CUST10871,REP1020,P1011,2026-06-04,3474,Won,2026-06-18
OPP201274,CUST10185,REP1027,P1008,2026-01-29,21321,Prospecting,2026-03-08
OPP201275,CUST10535,REP1021,P1007,2026-05-20,27241,Won,2026-08-29
OPP201276,CUST10015,REP1007,P1007,2026-04-14,14208,Qualified,2026-07-02
OPP201277,CUST10780,REP1007,P1012,2026-01-25,15348,Negotiation,2026-03-17
OPP201278,CUST10219,REP1019,P1003,2026-04-05,16555,Qualified,2026-07-29
OPP201279,CUST10284,REP1026,P1004,2026-03-21,3761,Negotiation,2026-06-21
OPP201280,CUST10228,REP1029,P1006,2026-04-14,19169,Qualified,2026-04-23
OPP201281,CUST10221,REP1019,P1011,2026-01-14,11591,Proposal,2026-01-30
OPP201282,CUST10093,REP1016,P1007,2026-04-04,14589,Prospecting,2026-06-20
OPP201283,CUST10666,REP1025,P1009,2026-04-23,1666,Qualified,2026-08-07
OPP201284,CUST11042,REP1030,P1010,2026-04-29,26443,Won,2026-05-23
OPP201285,CUST10362,REP1001,P1011,2026-05-08,10667,Proposal,2026-07-14
OPP201286,CUST10936,REP1010,P1006,2026-04-14,3202,Proposal,2026-07-22
OPP201287,CUST10653,REP1011,P1006,2026-04-27,23679,Negotiation,2026-08-09
OPP201288,CUST10306,REP1017,P1001,2026-01-15,29414,Proposal,2026-04-04
OPP201289,CUST10075,REP1009,P1001,2026-05-13,16078,Won,2026-09-09
OPP201290,CUST10940,REP1010,P1006,2026-03-02,1970,Proposal,2026-06-22
OPP201291,CUST10028,REP1001,P1009,2026-04-01,29760,Lost,2026-07-11
OPP201292,CUST10507,REP1001,P1011,2026-04-01,7034,Won,2026-06-22
OPP201293,CUST10042,REP1014,P1005,2026-06-12,7971,Proposal,2026-10-08
OPP201294,CUST10931,REP1030,P1007,2026-02-23,21540,Qualified,2026-03-03
OPP201295,CUST11188,REP1009,P1010,2026-03-05,10625,Negotiation,2026-03-22
OPP201296,CUST10388,REP1008,P1004,2026-05-07,3463,Won,2026-07-10
OPP201297,CUST10377,REP1008,P1002,2026-04-16,20798,Prospecting,2026-07-07
OPP201298,CUST10678,REP1030,P1012,2026-02-22,8603,Qualified,2026-06-11
OPP201299,CUST10603,REP1020,P1007,2026-02-27,25986,Prospecting,2026-05-21
OPP201300,CUST10458,REP1020,P1002,2026-05-18,5465,Won,2026-06-20
OPP201301,CUST10440,REP1006,P1004,2026-05-19,27280,Negotiation,2026-09-05
OPP201302,CUST10226,REP1028,P1004,2026-01-25,21983,Prospecting,2026-02-10
OPP201303,CUST10301,REP1006,P1003,2026-03-08,7943,Proposal,2026-03-25
OPP201304,CUST10703,REP1030,P1006,2026-05-08,17789,Won,2026-08-04
OPP201305,CUST10882,REP1029,P1010,2026-01-20,28213,Lost,2026-05-15
OPP201306,CUST10901,REP1018,P1009,2026-01-31,2869,Prospecting,2026-04-04
OPP201307,CUST10620,REP1027,P1012,2026-01-27,24776,Qualified,2026-02-18
OPP201308,CUST10904,REP1030,P1011,2026-03-29,14343,Qualified,2026-04-10
OPP201309,CUST10711,REP1018,P1004,2026-03-16,28525,Negotiation,2026-07-11
OPP201310,CUST10428,REP1024,P1001,2026-02-23,7046,Prospecting,2026-04-02
OPP201311,CUST10425,REP1018,P1002,2026-01-23,21864,Prospecting,2026-04-12
OPP201312,CUST10623,REP1016,P1010,2026-04-16,29063,Won,2026-05-29
OPP201313,CUST10370,REP1011,P1005,2026-05-15,10971,Proposal,2026-06-15
OPP201314,CUST10917,REP1020,P1009,2026-02-05,4129,Prospecting,2026-04-28
OPP201315,CUST10223,REP1009,P1006,2026-04-21,12370,Proposal,2026-07-20
OPP201316,CUST10066,REP1006,P1011,2026-05-13,18343,Prospecting,2026-07-12
OPP201317,CUST10590,REP1009,P1007,2026-04-03,19272,Qualified,2026-06-06
OPP201318,CUST10087,REP1001,P1011,2026-04-06,14973,Proposal,2026-06-07
OPP201319,CUST10230,REP1029,P1004,2026-01-28,28047,Prospecting,2026-04-11
OPP201320,CUST10452,REP1008,P1010,2026-06-08,17764,Prospecting,2026-09-14
OPP201321,CUST10006,REP1024,P1007,2026-06-08,19580,Won,2026-09-03
OPP201322,CUST10269,REP1014,P1003,2026-04-29,28738,Won,2026-06-06
OPP201323,CUST10654,REP1011,P1003,2026-05-30,28239,Prospecting,2026-07-03
OPP201324,CUST10450,REP1007,P1004,2026-04-11,10897,Negotiation,2026-07-03
OPP201325,CUST11076,REP1025,P1002,2026-04-20,9297,Prospecting,2026-07-08
OPP201326,CUST10113,REP1016,P1012,2026-05-18,22714,Won,2026-07-05
OPP201327,CUST10864,REP1014,P1003,2026-01-07,16229,Won,2026-04-18
OPP201328,CUST10711,REP1020,P1008,2026-02-06,13976,Negotiation,2026-04-01
OPP201329,CUST10774,REP1025,P1007,2026-02-03,21251,Negotiation,2026-03-19
OPP201330,CUST10807,REP1020,P1007,2026-04-16,20162,Qualified,2026-06-24
OPP201331,CUST10063,REP1015,P1008,2026-02-10,27499,Qualified,2026-03-10
OPP201332,CUST10951,REP1027,P1011,2026-03-06,11604,Proposal,2026-05-30
OPP201333,CUST10398,REP1027,P1012,2026-03-23,22868,Prospecting,2026-07-09
OPP201334,CUST10781,REP1029,P1011,2026-05-04,7586,Negotiation,2026-08-25
OPP201335,CUST10353,REP1003,P1006,2026-03-27,28173,Proposal,2026-05-23
OPP201336,CUST10476,REP1027,P1009,2026-01-05,3424,Prospecting,2026-02-11
OPP201337,CUST10841,REP1006,P1003,2026-04-24,22757,Negotiation,2026-06-24
OPP201338,CUST11122,REP1019,P1011,2026-03-13,3950,Won,2026-03-31
OPP201339,CUST11054,REP1020,P1003,2026-01-19,26524,Negotiation,2026-04-11
OPP201340,CUST10872,REP1007,P1002,2026-04-19,28823,Proposal,2026-06-13
OPP201341,CUST10647,REP1001,P1010,2026-02-14,24720,Won,2026-03-06
OPP201342,CUST10634,REP1029,P1010,2026-03-18,23865,Prospecting,2026-05-25
OPP201343,CUST11159,REP1027,P1002,2026-06-10,14866,Negotiation,2026-09-06
OPP201344,CUST10249,REP1006,P1012,2026-02-09,8103,Proposal,2026-03-13
OPP201345,CUST11145,REP1019,P1002,2026-05-27,29584,Prospecting,2026-07-18
OPP201346,CUST10779,REP1005,P1001,2026-03-19,16345,Lost,2026-07-04
OPP201347,CUST10740,REP1017,P1012,2026-06-04,24679,Proposal,2026-08-30
OPP201348,CUST10711,REP1010,P1003,2026-05-22,21712,Qualified,2026-08-27
OPP201349,CUST10975,REP1023,P1003,2026-05-19,21333,Prospecting,2026-07-15
OPP201350,CUST10820,REP1018,P1010,2026-02-04,11223,Lost,2026-04-07
OPP201351,CUST10114,REP1015,P1008,2026-05-12,13377,Won,2026-07-14
OPP201352,CUST10938,REP1021,P1007,2026-03-02,13759,Prospecting,2026-04-28
OPP201353,CUST10875,REP1015,P1012,2026-06-01,18471,Proposal,2026-06-24
OPP201354,CUST11099,REP1001,P1002,2026-06-14,21833,Prospecting,2026-06-25
OPP201355,CUST11124,REP1018,P1012,2026-04-12,6765,Negotiation,2026-07-22
OPP201356,CUST11139,REP1024,P1004,2026-06-01,7596,Proposal,2026-08-07
OPP201357,CUST10052,REP1015,P1008,2026-03-30,2403,Prospecting,2026-06-05
OPP201358,CUST10757,REP1006,P1004,2026-01-06,16263,Proposal,2026-03-21
OPP201359,CUST11122,REP1001,P1004,2026-05-26,20395,Lost,2026-07-18
OPP201360,CUST11160,REP1009,P1004,2026-03-30,7092,Qualified,2026-07-15
OPP201361,CUST10660,REP1024,P1007,2026-01-08,21642,Prospecting,2026-03-09
OPP201362,CUST11094,REP1010,P1011,2026-01-11,1089,Lost,2026-03-15
OPP201363,CUST11057,REP1029,P1002,2026-05-01,26128,Prospecting,2026-07-07
OPP201364,CUST10004,REP1010,P1008,2026-06-03,21017,Proposal,2026-06-27
OPP201365,CUST11062,REP1013,P1011,2026-04-26,20814,Proposal,2026-05-22
OPP201366,CUST10766,REP1023,P1009,2026-03-15,21510,Qualified,2026-04-11
OPP201367,CUST10689,REP1019,P1012,2026-02-20,11400,Prospecting,2026-03-27
OPP201368,CUST10215,REP1002,P1001,2026-03-11,29875,Prospecting,2026-04-05
OPP201369,CUST11103,REP1003,P1005,2026-02-23,22650,Prospecting,2026-03-27
OPP201370,CUST10355,REP1006,P1006,2026-02-15,6249,Proposal,2026-06-08
OPP201371,CUST10502,REP1027,P1007,2026-01-22,27749,Won,2026-03-10
OPP201372,CUST10358,REP1001,P1004,2026-04-05,22447,Prospecting,2026-07-10
OPP201373,CUST11164,REP1003,P1004,2026-02-06,10015,Negotiation,2026-03-29
OPP201374,CUST10580,REP1024,P1011,2026-01-25,28491,Proposal,2026-05-05
OPP201375,CUST10137,REP1019,P1003,2026-02-15,8202,Prospecting,2026-05-18
OPP201376,CUST10014,REP1030,P1012,2026-05-13,19692,Proposal,2026-08-22
OPP201377,CUST11177,REP1007,P1001,2026-04-06,20433,Qualified,2026-05-15
OPP201378,CUST10283,REP1020,P1006,2026-03-23,28931,Negotiation,2026-04-09
OPP201379,CUST10925,REP1005,P1008,2026-04-09,17532,Qualified,2026-05-20
OPP201380,CUST10035,REP1018,P1012,2026-04-05,29838,Negotiation,2026-06-30
OPP201381,CUST11077,REP1004,P1010,2026-03-24,9245,Lost,2026-06-12
OPP201382,CUST10781,REP1028,P1001,2026-05-20,24247,Qualified,2026-08-14
OPP201383,CUST10270,REP1013,P1009,2026-05-02,8116,Lost,2026-08-29
OPP201384,CUST11068,REP1008,P1004,2026-01-31,29979,Qualified,2026-03-04
OPP201385,CUST10358,REP1030,P1011,2026-05-16,23147,Prospecting,2026-07-12
OPP201386,CUST11198,REP1002,P1010,2026-01-30,19148,Prospecting,2026-04-02
OPP201387,CUST10720,REP1024,P1003,2026-01-13,2924,Won,2026-02-05
OPP201388,CUST10539,REP1016,P1005,2026-03-11,15414,Negotiation,2026-05-31
OPP201389,CUST10071,REP1021,P1010,2026-03-07,5176,Lost,2026-03-19
OPP201390,CUST10313,REP1008,P1012,2026-05-11,27611,Negotiation,2026-08-27
OPP201391,CUST10070,REP1027,P1008,2026-04-26,11994,Proposal,2026-05-12
OPP201392,CUST11024,REP1014,P1003,2026-01-10,25097,Won,2026-01-29
OPP201393,CUST10121,REP1013,P1005,2026-03-24,27276,Lost,2026-04-19
OPP201394,CUST10136,REP1014,P1010,2026-05-12,4193,Won,2026-08-27
OPP201395,CUST10150,REP1009,P1008,2026-05-02,23018,Proposal,2026-08-14
OPP201396,CUST11170,REP1010,P1003,2026-03-25,9778,Won,2026-07-14
OPP201397,CUST11165,REP1005,P1004,2026-04-13,4154,Prospecting,2026-07-23
OPP201398,CUST10858,REP1015,P1003,2026-04-04,8558,Lost,2026-07-24
OPP201399,CUST10089,REP1015,P1006,2026-02-08,16948,Lost,2026-04-09
OPP201400,CUST10605,REP1012,P1006,2026-04-04,25802,Negotiation,2026-04-11
OPP201401,CUST11139,REP1030,P1007,2026-04-23,21057,Prospecting,2026-06-18
OPP201402,CUST10116,REP1004,P1012,2026-01-10,7764,Prospecting,2026-02-10
OPP201403,CUST10953,REP1028,P1008,2026-04-26,9583,Lost,2026-05-30
OPP201404,CUST10022,REP1027,P1008,2026-02-11,9817,Won,2026-05-07
OPP201405,CUST10965,REP1001,P1005,2026-01-02,22345,Won,2026-01-27
OPP201406,CUST10654,REP1022,P1008,2026-05-06,16044,Lost,2026-06-18
OPP201407,CUST11066,REP1007,P1012,2026-03-06,1693,Proposal,2026-04-26
OPP201408,CUST10497,REP1002,P1001,2026-03-10,3207,Won,2026-03-23
OPP201409,CUST10943,REP1026,P1005,2026-04-14,3193,Prospecting,2026-07-09
OPP201410,CUST11012,REP1004,P1001,2026-04-04,28875,Prospecting,2026-07-06
OPP201411,CUST10390,REP1009,P1003,2026-04-14,15635,Proposal,2026-06-23
OPP201412,CUST10771,REP1003,P1001,2026-06-06,15240,Qualified,2026-06-16
OPP201413,CUST10554,REP1005,P1008,2026-04-19,23071,Proposal,2026-07-23
OPP201414,CUST10519,REP1002,P1010,2026-01-08,6522,Won,2026-03-06
OPP201415,CUST10960,REP1026,P1012,2026-02-06,1915,Prospecting,2026-03-15
OPP201416,CUST10272,REP1002,P1003,2026-03-16,8853,Won,2026-07-08
OPP201417,CUST10144,REP1023,P1009,2026-03-20,7046,Prospecting,2026-07-02
OPP201418,CUST10577,REP1005,P1004,2026-03-01,24144,Won,2026-04-26
OPP201419,CUST10986,REP1028,P1004,2026-01-31,24733,Qualified,2026-03-29
OPP201420,CUST10196,REP1026,P1008,2026-01-18,19386,Won,2026-05-08
OPP201421,CUST10409,REP1019,P1009,2026-01-25,27389,Negotiation,2026-02-22
OPP201422,CUST10801,REP1025,P1008,2026-06-07,14474,Proposal,2026-07-30
OPP201423,CUST10573,REP1009,P1002,2026-03-07,7971,Qualified,2026-05-17
OPP201424,CUST10727,REP1024,P1005,2026-06-09,10616,Prospecting,2026-07-25
OPP201425,CUST10634,REP1007,P1004,2026-02-25,5107,Qualified,2026-04-08
OPP201426,CUST10973,REP1019,P1001,2026-02-21,27119,Qualified,2026-03-12
OPP201427,CUST11051,REP1028,P1001,2026-03-23,18521,Prospecting,2026-04-29
OPP201428,CUST10540,REP1022,P1006,2026-06-07,23404,Won,2026-07-24
OPP201429,CUST10518,REP1009,P1002,2026-04-04,9166,Qualified,2026-07-14
OPP201430,CUST10335,REP1023,P1009,2026-01-06,21825,Qualified,2026-02-20
OPP201431,CUST10533,REP1027,P1001,2026-02-15,10584,Qualified,2026-03-12
OPP201432,CUST11004,REP1027,P1003,2026-06-12,13934,Proposal,2026-09-22
OPP201433,CUST10602,REP1023,P1012,2026-01-26,19902,Proposal,2026-03-13
OPP201434,CUST10830,REP1022,P1009,2026-05-19,29453,Negotiation,2026-09-06
OPP201435,CUST10503,REP1024,P1007,2026-06-04,17187,Negotiation,2026-06-23
OPP201436,CUST10849,REP1023,P1001,2026-02-05,21592,Proposal,2026-02-14
OPP201437,CUST10855,REP1005,P1001,2026-04-03,18246,Proposal,2026-07-23
OPP201438,CUST10634,REP1025,P1011,2026-04-10,13285,Qualified,2026-04-28
OPP201439,CUST11122,REP1006,P1010,2026-05-12,28044,Negotiation,2026-05-19
OPP201440,CUST11052,REP1017,P1012,2026-05-13,28856,Qualified,2026-07-31
OPP201441,CUST10191,REP1011,P1010,2026-01-10,10002,Won,2026-02-21
OPP201442,CUST10274,REP1007,P1001,2026-02-23,26976,Negotiation,2026-04-25
OPP201443,CUST11146,REP1009,P1010,2026-06-06,14085,Negotiation,2026-07-29
OPP201444,CUST10483,REP1003,P1006,2026-02-28,22458,Proposal,2026-04-09
OPP201445,CUST10373,REP1014,P1009,2026-02-10,15995,Lost,2026-04-12
OPP201446,CUST10956,REP1013,P1005,2026-04-15,23242,Proposal,2026-05-21
OPP201447,CUST10723,REP1013,P1009,2026-02-02,26275,Proposal,2026-03-06
OPP201448,CUST10160,REP1003,P1011,2026-01-25,13285,Won,2026-02-26
OPP201449,CUST10111,REP1019,P1012,2026-05-13,21320,Negotiation,2026-06-02
OPP201450,CUST10970,REP1006,P1007,2026-01-20,15713,Proposal,2026-03-27
OPP201451,CUST10918,REP1026,P1004,2026-05-28,24172,Qualified,2026-08-04
OPP201452,CUST10424,REP1001,P1008,2026-02-11,6554,Qualified,2026-02-19
OPP201453,CUST11035,REP1002,P1006,2026-01-18,22142,Won,2026-03-17
OPP201454,CUST10151,REP1010,P1003,2026-05-04,18266,Qualified,2026-08-02
OPP201455,CUST11043,REP1013,P1009,2026-01-30,14091,Prospecting,2026-02-06
OPP201456,CUST10095,REP1030,P1001,2026-03-02,11727,Prospecting,2026-04-11
OPP201457,CUST10764,REP1016,P1005,2026-02-28,21348,Lost,2026-06-23
OPP201458,CUST11012,REP1012,P1009,2026-03-26,11075,Proposal,2026-05-20
OPP201459,CUST10744,REP1026,P1012,2026-03-20,1954,Proposal,2026-03-28
OPP201460,CUST10935,REP1008,P1008,2026-02-02,28498,Lost,2026-04-09
OPP201461,CUST10413,REP1027,P1012,2026-02-08,13988,Qualified,2026-04-02
OPP201462,CUST10346,REP1013,P1010,2026-02-02,5778,Won,2026-03-04
OPP201463,CUST10320,REP1010,P1003,2026-01-10,7544,Won,2026-01-25
OPP201464,CUST10140,REP1010,P1011,2026-04-18,25069,Proposal,2026-08-02
OPP201465,CUST10333,REP1001,P1005,2026-03-20,10616,Won,2026-06-26
OPP201466,CUST10297,REP1021,P1008,2026-01-18,9162,Lost,2026-04-12
OPP201467,CUST10909,REP1018,P1003,2026-02-24,15132,Qualified,2026-03-04
OPP201468,CUST10256,REP1020,P1007,2026-04-21,1831,Prospecting,2026-08-04
OPP201469,CUST10200,REP1020,P1009,2026-02-17,17247,Won,2026-04-18
OPP201470,CUST10880,REP1001,P1011,2026-03-08,2173,Proposal,2026-05-07
OPP201471,CUST10646,REP1027,P1012,2026-05-04,25232,Proposal,2026-08-18
OPP201472,CUST10259,REP1016,P1010,2026-04-22,13446,Qualified,2026-06-16
OPP201473,CUST10848,REP1021,P1007,2026-04-27,7328,Won,2026-05-30
OPP201474,CUST10260,REP1002,P1011,2026-03-05,14179,Won,2026-04-07
OPP201475,CUST10943,REP1023,P1002,2026-03-22,6091,Lost,2026-07-11
OPP201476,CUST10039,REP1021,P1012,2026-05-21,10287,Proposal,2026-07-28
OPP201477,CUST10709,REP1012,P1003,2026-05-25,4791,Lost,2026-08-05
OPP201478,CUST10717,REP1029,P1005,2026-01-10,20394,Proposal,2026-03-25
OPP201479,CUST10448,REP1020,P1011,2026-05-20,29307,Negotiation,2026-06-20
OPP201480,CUST10827,REP1028,P1009,2026-05-29,15074,Negotiation,2026-07-22
OPP201481,CUST10456,REP1025,P1011,2026-06-06,3859,Proposal,2026-09-28
OPP201482,CUST10785,REP1007,P1009,2026-02-14,3149,Proposal,2026-03-09
OPP201483,CUST10269,REP1030,P1008,2026-03-25,25132,Qualified,2026-07-17
OPP201484,CUST10683,REP1023,P1003,2026-01-08,11094,Qualified,2026-02-14
OPP201485,CUST10908,REP1006,P1012,2026-01-19,9586,Negotiation,2026-02-28
OPP201486,CUST11160,REP1024,P1008,2026-04-04,3956,Prospecting,2026-04-12
OPP201487,CUST10433,REP1013,P1009,2026-02-04,20248,Negotiation,2026-04-26
OPP201488,CUST10568,REP1026,P1006,2026-02-07,2824,Qualified,2026-03-22
OPP201489,CUST10572,REP1006,P1012,2026-02-19,27220,Qualified,2026-04-18
OPP201490,CUST11033,REP1008,P1006,2026-03-18,7040,Negotiation,2026-05-29
OPP201491,CUST11156,REP1011,P1003,2026-01-26,3002,Qualified,2026-04-14
OPP201492,CUST10776,REP1014,P1003,2026-05-14,21316,Lost,2026-09-05
OPP201493,CUST10987,REP1019,P1009,2026-04-21,11271,Lost,2026-06-29
OPP201494,CUST10101,REP1007,P1009,2026-05-12,21184,Proposal,2026-06-08
OPP201495,CUST10912,REP1022,P1003,2026-06-03,2153,Proposal,2026-08-28
OPP201496,CUST10973,REP1001,P1009,2026-04-10,25980,Prospecting,2026-04-23
OPP201497,CUST10858,REP1010,P1012,2026-03-02,9982,Won,2026-06-12
OPP201498,CUST10702,REP1020,P1007,2026-06-12,22936,Prospecting,2026-07-22
OPP201499,CUST11080,REP1008,P1012,2026-04-04,28134,Lost,2026-07-01
OPP201500,CUST10785,REP1013,P1002,2026-03-18,16529,Lost,2026-04-11
OPP201501,CUST11016,REP1019,P1005,2026-03-11,10687,Prospecting,2026-05-02
OPP201502,CUST10217,REP1008,P1007,2026-01-07,10065,Negotiation,2026-04-02
OPP201503,CUST10799,REP1029,P1005,2026-06-08,20904,Proposal,2026-08-24
OPP201504,CUST10525,REP1026,P1002,2026-05-17,1168,Proposal,2026-05-24
OPP201505,CUST11042,REP1030,P1006,2026-04-27,5259,Prospecting,2026-05-07
OPP201506,CUST11057,REP1015,P1005,2026-02-06,19766,Won,2026-06-03
OPP201507,CUST11013,REP1011,P1003,2026-06-04,1744,Prospecting,2026-08-09
OPP201508,CUST10259,REP1030,P1005,2026-01-30,9401,Won,2026-05-13
OPP201509,CUST10591,REP1022,P1006,2026-02-10,19782,Proposal,2026-02-25
OPP201510,CUST10001,REP1024,P1011,2026-01-12,8252,Negotiation,2026-03-15
OPP201511,CUST11176,REP1006,P1006,2026-02-17,27991,Lost,2026-04-30
OPP201512,CUST10310,REP1027,P1005,2026-02-24,29269,Won,2026-06-15
OPP201513,CUST10750,REP1016,P1005,2026-05-12,1974,Proposal,2026-08-07
OPP201514,CUST10586,REP1024,P1008,2026-02-24,6052,Proposal,2026-05-12
OPP201515,CUST11086,REP1025,P1004,2026-06-08,27315,Proposal,2026-07-18
OPP201516,CUST10986,REP1004,P1011,2026-02-20,1940,Qualified,2026-06-19
OPP201517,CUST10933,REP1003,P1006,2026-03-29,15113,Lost,2026-05-12
OPP201518,CUST10772,REP1002,P1006,2026-04-09,28532,Qualified,2026-05-17
OPP201519,CUST10144,REP1020,P1001,2026-05-18,18067,Proposal,2026-08-14
OPP201520,CUST11103,REP1028,P1011,2026-05-05,9874,Won,2026-09-01
OPP201521,CUST10076,REP1001,P1006,2026-05-25,1184,Qualified,2026-09-05
OPP201522,CUST10547,REP1005,P1002,2026-06-05,12409,Won,2026-07-02
OPP201523,CUST10456,REP1015,P1003,2026-01-20,16715,Qualified,2026-04-29
OPP201524,CUST10469,REP1012,P1005,2026-01-16,3347,Prospecting,2026-03-03
OPP201525,CUST11173,REP1004,P1010,2026-03-16,16318,Negotiation,2026-04-17
OPP201526,CUST10278,REP1019,P1002,2026-01-25,12717,Proposal,2026-05-17
OPP201527,CUST10696,REP1028,P1002,2026-03-23,10449,Lost,2026-07-15
OPP201528,CUST10262,REP1007,P1007,2026-04-08,29194,Proposal,2026-05-26
OPP201529,CUST11094,REP1001,P1006,2026-02-15,26916,Prospecting,2026-02-24
OPP201530,CUST10884,REP1007,P1012,2026-01-17,21126,Qualified,2026-02-16
OPP201531,CUST10498,REP1006,P1010,2026-06-10,18135,Proposal,2026-08-17
OPP201532,CUST10097,REP1014,P1008,2026-03-03,14740,Negotiation,2026-03-16
OPP201533,CUST10184,REP1004,P1005,2026-05-20,3040,Qualified,2026-06-21
OPP201534,CUST10292,REP1011,P1008,2026-04-14,9916,Proposal,2026-05-07
OPP201535,CUST10488,REP1004,P1008,2026-04-20,1302,Lost,2026-08-12
OPP201536,CUST11064,REP1021,P1004,2026-05-10,11615,Proposal,2026-06-26
OPP201537,CUST10144,REP1015,P1005,2026-02-14,14735,Negotiation,2026-04-04
OPP201538,CUST10693,REP1003,P1012,2026-02-06,18725,Qualified,2026-04-01
OPP201539,CUST10417,REP1002,P1007,2026-06-15,11293,Won,2026-06-23
OPP201540,CUST10056,REP1015,P1006,2026-04-21,8379,Qualified,2026-06-28
OPP201541,CUST10744,REP1018,P1010,2026-02-18,21590,Proposal,2026-06-08
OPP201542,CUST10846,REP1006,P1004,2026-04-18,5406,Qualified,2026-07-25
OPP201543,CUST11152,REP1010,P1003,2026-03-07,4637,Prospecting,2026-04-11
OPP201544,CUST10609,REP1019,P1012,2026-05-23,21190,Qualified,2026-05-31
OPP201545,CUST10391,REP1015,P1010,2026-03-26,17990,Qualified,2026-06-28
OPP201546,CUST11026,REP1004,P1006,2026-02-22,26214,Won,2026-06-04
OPP201547,CUST10297,REP1012,P1012,2026-04-25,22429,Qualified,2026-08-14
OPP201548,CUST10819,REP1006,P1005,2026-05-05,27144,Lost,2026-07-16
OPP201549,CUST11133,REP1028,P1009,2026-03-03,20267,Proposal,2026-05-02
OPP201550,CUST10006,REP1025,P1001,2026-05-05,25401,Qualified,2026-08-05
OPP201551,CUST11111,REP1010,P1009,2026-02-08,5905,Proposal,2026-05-04
OPP201552,CUST10247,REP1008,P1003,2026-02-09,16387,Prospecting,2026-05-12
OPP201553,CUST10578,REP1005,P1003,2026-05-18,28391,Won,2026-06-26
OPP201554,CUST10310,REP1023,P1010,2026-04-14,23876,Prospecting,2026-08-01
OPP201555,CUST10174,REP1028,P1003,2026-01-06,12689,Won,2026-01-17
OPP201556,CUST10843,REP1009,P1006,2026-04-23,27864,Prospecting,2026-05-10
OPP201557,CUST10579,REP1020,P1012,2026-02-20,10062,Qualified,2026-05-11
OPP201558,CUST10612,REP1008,P1012,2026-02-15,1677,Prospecting,2026-04-27
OPP201559,CUST10581,REP1028,P1006,2026-03-12,24100,Negotiation,2026-05-20
OPP201560,CUST10897,REP1009,P1002,2026-03-16,12950,Proposal,2026-07-03
OPP201561,CUST11160,REP1003,P1004,2026-05-29,1994,Lost,2026-09-11
OPP201562,CUST10616,REP1027,P1008,2026-03-14,6919,Qualified,2026-06-10
OPP201563,CUST10187,REP1029,P1005,2026-02-19,3087,Prospecting,2026-03-16
OPP201564,CUST10393,REP1012,P1009,2026-05-09,29906,Won,2026-05-26
OPP201565,CUST10596,REP1028,P1012,2026-04-01,25583,Proposal,2026-04-23
OPP201566,CUST10125,REP1008,P1008,2026-01-01,27957,Won,2026-03-18
OPP201567,CUST10275,REP1009,P1008,2026-04-15,6278,Proposal,2026-07-11
OPP201568,CUST10244,REP1017,P1007,2026-03-25,24263,Won,2026-06-30
OPP201569,CUST11168,REP1019,P1003,2026-04-06,17348,Prospecting,2026-04-24
OPP201570,CUST10481,REP1012,P1007,2026-01-31,9580,Lost,2026-03-10
OPP201571,CUST11055,REP1024,P1012,2026-03-21,20397,Prospecting,2026-05-05
OPP201572,CUST10662,REP1024,P1009,2026-04-18,28610,Won,2026-07-05
OPP201573,CUST10608,REP1004,P1010,2026-04-23,14355,Qualified,2026-05-05
OPP201574,CUST11127,REP1030,P1011,2026-04-23,1848,Won,2026-08-02
OPP201575,CUST10831,REP1005,P1005,2026-06-15,25430,Won,2026-07-01
OPP201576,CUST10288,REP1016,P1005,2026-03-25,6453,Won,2026-05-30
OPP201577,CUST10338,REP1013,P1012,2026-03-13,6294,Proposal,2026-07-03
OPP201578,CUST10800,REP1014,P1006,2026-03-31,18889,Proposal,2026-04-28
OPP201579,CUST10003,REP1004,P1009,2026-02-24,24168,Won,2026-05-19
OPP201580,CUST10184,REP1011,P1008,2026-02-22,23997,Proposal,2026-05-02
OPP201581,CUST10090,REP1001,P1002,2026-04-25,26170,Negotiation,2026-08-02
OPP201582,CUST10857,REP1030,P1004,2026-02-22,26625,Qualified,2026-05-06
OPP201583,CUST10530,REP1005,P1004,2026-05-05,4720,Proposal,2026-08-15
OPP201584,CUST10014,REP1015,P1003,2026-05-04,9714,Qualified,2026-06-25
OPP201585,CUST10890,REP1007,P1010,2026-06-08,21883,Negotiation,2026-07-03
OPP201586,CUST10788,REP1006,P1012,2026-01-22,12333,Prospecting,2026-04-15
OPP201587,CUST10863,REP1012,P1012,2026-03-02,21763,Proposal,2026-06-26
OPP201588,CUST10196,REP1030,P1003,2026-05-09,14189,Won,2026-07-03
OPP201589,CUST11050,REP1015,P1006,2026-03-13,14090,Proposal,2026-06-20
OPP201590,CUST10217,REP1029,P1003,2026-04-19,1782,Won,2026-08-03
OPP201591,CUST10686,REP1025,P1001,2026-05-03,18641,Qualified,2026-07-21
OPP201592,CUST10671,REP1014,P1008,2026-05-27,26055,Proposal,2026-08-31
OPP201593,CUST10263,REP1028,P1011,2026-02-07,24741,Proposal,2026-04-18
OPP201594,CUST10451,REP1011,P1001,2026-02-13,10800,Proposal,2026-05-21
OPP201595,CUST10063,REP1016,P1008,2026-03-20,20625,Negotiation,2026-05-03
OPP201596,CUST10566,REP1021,P1001,2026-03-26,6779,Prospecting,2026-05-31
OPP201597,CUST10813,REP1018,P1011,2026-05-31,19372,Proposal,2026-06-15
OPP201598,CUST10371,REP1025,P1001,2026-01-07,12866,Prospecting,2026-02-05
OPP201599,CUST10646,REP1005,P1006,2026-02-10,27874,Negotiation,2026-04-23
OPP201600,CUST11145,REP1015,P1002,2026-06-01,21606,Won,2026-08-28
OPP201601,CUST10282,REP1020,P1005,2026-04-13,3125,Prospecting,2026-04-23
OPP201602,CUST10349,REP1010,P1006,2026-04-23,26256,Proposal,2026-05-07
OPP201603,CUST10144,REP1027,P1007,2026-02-11,22000,Proposal,2026-02-18
OPP201604,CUST10651,REP1010,P1010,2026-04-14,7245,Won,2026-06-18
OPP201605,CUST10245,REP1010,P1012,2026-03-03,9193,Prospecting,2026-04-16
OPP201606,CUST11026,REP1010,P1005,2026-05-02,6005,Proposal,2026-05-14
OPP201607,CUST10350,REP1021,P1012,2026-01-16,9995,Won,2026-04-22
OPP201608,CUST10798,REP1004,P1006,2026-02-17,28369,Proposal,2026-04-24
OPP201609,CUST10228,REP1005,P1002,2026-04-18,27164,Won,2026-04-26
OPP201610,CUST10388,REP1024,P1008,2026-04-11,16975,Qualified,2026-07-04
OPP201611,CUST10206,REP1007,P1009,2026-05-20,11503,Lost,2026-09-06
OPP201612,CUST10663,REP1004,P1004,2026-05-13,11607,Prospecting,2026-07-06
OPP201613,CUST10034,REP1008,P1008,2026-01-03,28751,Prospecting,2026-04-27
OPP201614,CUST10100,REP1012,P1006,2026-01-15,6780,Proposal,2026-03-10
OPP201615,CUST10602,REP1001,P1002,2026-02-28,22968,Proposal,2026-03-15
OPP201616,CUST10655,REP1026,P1005,2026-06-09,29862,Negotiation,2026-06-29
OPP201617,CUST10396,REP1004,P1006,2026-03-21,25803,Qualified,2026-04-04
OPP201618,CUST10518,REP1013,P1005,2026-05-29,21856,Qualified,2026-07-09
OPP201619,CUST10500,REP1007,P1011,2026-01-10,27094,Won,2026-03-01
OPP201620,CUST10910,REP1009,P1005,2026-06-09,7318,Qualified,2026-08-05
OPP201621,CUST10536,REP1002,P1008,2026-01-11,29528,Won,2026-03-13
OPP201622,CUST11018,REP1029,P1001,2026-05-15,3646,Negotiation,2026-08-27
OPP201623,CUST10261,REP1029,P1004,2026-05-26,1401,Prospecting,2026-06-03
OPP201624,CUST10240,REP1004,P1011,2026-02-18,6779,Negotiation,2026-06-06
OPP201625,CUST10485,REP1006,P1011,2026-02-19,18658,Won,2026-03-24
OPP201626,CUST10098,REP1027,P1012,2026-04-07,8184,Won,2026-07-30
OPP201627,CUST10806,REP1013,P1001,2026-04-30,19371,Prospecting,2026-05-22
OPP201628,CUST10469,REP1002,P1011,2026-01-20,4221,Proposal,2026-02-07
OPP201629,CUST10440,REP1005,P1004,2026-02-09,21215,Lost,2026-03-01
OPP201630,CUST10641,REP1013,P1001,2026-05-06,7659,Negotiation,2026-06-15
OPP201631,CUST10099,REP1017,P1002,2026-05-15,16180,Qualified,2026-09-05
OPP201632,CUST10453,REP1019,P1010,2026-01-26,4386,Prospecting,2026-03-26
OPP201633,CUST11167,REP1005,P1008,2026-05-28,29136,Negotiation,2026-06-22
OPP201634,CUST10755,REP1012,P1007,2026-05-24,11954,Won,2026-08-11
OPP201635,CUST10689,REP1008,P1011,2026-05-25,18536,Lost,2026-07-28
OPP201636,CUST10607,REP1017,P1002,2026-02-09,15099,Lost,2026-05-06
OPP201637,CUST10563,REP1010,P1001,2026-04-22,18263,Qualified,2026-07-21
OPP201638,CUST11124,REP1007,P1012,2026-01-27,14203,Negotiation,2026-05-02
OPP201639,CUST11117,REP1025,P1008,2026-02-02,3121,Prospecting,2026-02-26
OPP201640,CUST10492,REP1018,P1010,2026-01-12,25047,Prospecting,2026-03-16
OPP201641,CUST11110,REP1015,P1007,2026-03-23,19631,Prospecting,2026-06-09
OPP201642,CUST10099,REP1005,P1002,2026-04-29,8365,Lost,2026-07-07
OPP201643,CUST10384,REP1003,P1007,2026-02-02,3436,Prospecting,2026-05-29
OPP201644,CUST10363,REP1024,P1012,2026-01-31,26725,Proposal,2026-05-26
OPP201645,CUST10837,REP1030,P1002,2026-02-15,10643,Proposal,2026-05-24
OPP201646,CUST10728,REP1018,P1002,2026-02-02,27335,Qualified,2026-03-08
OPP201647,CUST10568,REP1002,P1005,2026-05-19,23210,Proposal,2026-07-24
OPP201648,CUST10308,REP1015,P1006,2026-01-29,28834,Prospecting,2026-05-06
OPP201649,CUST10609,REP1009,P1008,2026-02-16,20137,Proposal,2026-03-25
OPP201650,CUST10323,REP1002,P1002,2026-02-20,6248,Proposal,2026-05-18
OPP201651,CUST10597,REP1005,P1012,2026-02-03,2027,Won,2026-03-10
OPP201652,CUST10408,REP1015,P1002,2026-06-06,8126,Negotiation,2026-06-28
OPP201653,CUST11067,REP1013,P1003,2026-02-04,13738,Won,2026-03-10
OPP201654,CUST10896,REP1017,P1012,2026-03-22,19091,Qualified,2026-07-11
OPP201655,CUST10211,REP1021,P1005,2026-04-04,26980,Prospecting,2026-08-01
OPP201656,CUST11129,REP1008,P1007,2026-02-13,5085,Proposal,2026-05-27
OPP201657,CUST10791,REP1009,P1006,2026-03-20,19413,Lost,2026-04-26
OPP201658,CUST10421,REP1021,P1004,2026-01-29,3483,Qualified,2026-05-04
OPP201659,CUST10637,REP1006,P1007,2026-03-22,14961,Prospecting,2026-04-22
OPP201660,CUST10235,REP1003,P1010,2026-01-04,3137,Lost,2026-01-25
OPP201661,CUST10057,REP1026,P1001,2026-03-14,11842,Lost,2026-04-19
OPP201662,CUST10505,REP1007,P1011,2026-03-02,18578,Prospecting,2026-03-24
OPP201663,CUST10939,REP1004,P1003,2026-02-28,22429,Won,2026-05-18
OPP201664,CUST10423,REP1023,P1012,2026-01-19,24335,Proposal,2026-04-13
OPP201665,CUST10462,REP1016,P1012,2026-06-15,16210,Proposal,2026-06-26
OPP201666,CUST11189,REP1005,P1012,2026-01-05,8507,Proposal,2026-01-24
OPP201667,CUST11185,REP1026,P1008,2026-01-25,27477,Lost,2026-03-27
OPP201668,CUST10557,REP1008,P1011,2026-01-18,28072,Prospecting,2026-02-06
OPP201669,CUST10054,REP1021,P1011,2026-06-12,29059,Won,2026-09-20
OPP201670,CUST10816,REP1020,P1008,2026-02-22,23966,Prospecting,2026-04-15
OPP201671,CUST10858,REP1025,P1011,2026-03-13,23558,Negotiation,2026-05-05
OPP201672,CUST11097,REP1022,P1005,2026-05-05,3246,Negotiation,2026-05-12
OPP201673,CUST11138,REP1022,P1011,2026-01-09,17604,Won,2026-04-05
OPP201674,CUST10755,REP1002,P1012,2026-01-12,12811,Lost,2026-04-10
OPP201675,CUST10129,REP1029,P1008,2026-01-31,8509,Won,2026-05-03
OPP201676,CUST10300,REP1004,P1002,2026-04-23,2972,Won,2026-06-30
OPP201677,CUST10861,REP1008,P1003,2026-06-12,7186,Qualified,2026-07-19
OPP201678,CUST10729,REP1014,P1003,2026-04-14,27540,Lost,2026-04-29
OPP201679,CUST10524,REP1009,P1007,2026-05-25,27351,Proposal,2026-07-06
OPP201680,CUST10483,REP1018,P1006,2026-05-27,22541,Proposal,2026-08-03
OPP201681,CUST10852,REP1002,P1010,2026-02-15,3945,Proposal,2026-03-07
OPP201682,CUST10507,REP1014,P1004,2026-01-31,20909,Proposal,2026-02-13
OPP201683,CUST10186,REP1011,P1002,2026-01-27,4676,Negotiation,2026-02-27
OPP201684,CUST11176,REP1020,P1008,2026-05-12,20798,Qualified,2026-05-26
OPP201685,CUST10420,REP1016,P1002,2026-04-22,1976,Qualified,2026-04-30
OPP201686,CUST10335,REP1023,P1011,2026-05-24,9270,Lost,2026-07-24
OPP201687,CUST10084,REP1005,P1001,2026-03-26,4552,Lost,2026-06-25
OPP201688,CUST10563,REP1029,P1006,2026-06-12,28072,Proposal,2026-08-14
OPP201689,CUST11184,REP1012,P1012,2026-05-29,17494,Lost,2026-06-15
OPP201690,CUST10192,REP1011,P1007,2026-05-15,27760,Proposal,2026-06-29
OPP201691,CUST10294,REP1017,P1010,2026-05-14,1588,Proposal,2026-05-25
OPP201692,CUST10215,REP1005,P1006,2026-01-21,22445,Lost,2026-04-08
OPP201693,CUST10113,REP1025,P1010,2026-05-04,14915,Negotiation,2026-06-06
OPP201694,CUST10725,REP1008,P1009,2026-06-07,14598,Won,2026-07-27
OPP201695,CUST10358,REP1028,P1007,2026-02-18,26324,Proposal,2026-06-06
OPP201696,CUST10902,REP1005,P1002,2026-05-16,2366,Proposal,2026-07-28
OPP201697,CUST10481,REP1026,P1012,2026-02-28,28381,Prospecting,2026-06-01
OPP201698,CUST10764,REP1012,P1001,2026-02-05,1821,Lost,2026-03-23
OPP201699,CUST10108,REP1019,P1005,2026-05-02,11520,Qualified,2026-08-22
OPP201700,CUST10396,REP1027,P1008,2026-01-28,5005,Proposal,2026-04-25
OPP201701,CUST10497,REP1004,P1010,2026-03-21,16171,Prospecting,2026-05-25
OPP201702,CUST10072,REP1011,P1007,2026-06-05,18277,Negotiation,2026-08-16
OPP201703,CUST10504,REP1029,P1005,2026-01-27,19619,Proposal,2026-04-14
OPP201704,CUST10565,REP1005,P1005,2026-01-26,24144,Won,2026-02-20
OPP201705,CUST10485,REP1004,P1012,2026-06-06,22778,Proposal,2026-07-11
OPP201706,CUST10606,REP1016,P1005,2026-05-09,28505,Prospecting,2026-08-01
OPP201707,CUST10957,REP1001,P1011,2026-03-18,14038,Prospecting,2026-05-13
OPP201708,CUST10925,REP1030,P1001,2026-03-09,6085,Qualified,2026-06-12
OPP201709,CUST10017,REP1028,P1008,2026-06-10,5514,Won,2026-08-15
OPP201710,CUST10769,REP1006,P1009,2026-05-01,8990,Won,2026-05-15
OPP201711,CUST11085,REP1006,P1009,2026-05-31,18484,Qualified,2026-08-21
OPP201712,CUST11046,REP1024,P1006,2026-01-16,2568,Proposal,2026-04-01
OPP201713,CUST10389,REP1016,P1009,2026-03-30,28690,Qualified,2026-05-17
OPP201714,CUST10940,REP1025,P1006,2026-05-01,29682,Won,2026-08-05
OPP201715,CUST10962,REP1030,P1008,2026-01-06,5779,Lost,2026-02-21
OPP201716,CUST10440,REP1013,P1011,2026-03-26,23646,Won,2026-04-14
OPP201717,CUST11043,REP1008,P1009,2026-01-10,18292,Prospecting,2026-01-30
OPP201718,CUST10759,REP1019,P1009,2026-05-30,14940,Proposal,2026-09-15
OPP201719,CUST10902,REP1020,P1012,2026-04-24,22304,Lost,2026-06-12
OPP201720,CUST10897,REP1013,P1003,2026-02-01,17691,Qualified,2026-03-26
OPP201721,CUST10938,REP1009,P1008,2026-03-28,10386,Negotiation,2026-05-08
OPP201722,CUST11149,REP1008,P1008,2026-01-19,17303,Lost,2026-04-19
OPP201723,CUST11029,REP1016,P1009,2026-05-14,4937,Won,2026-07-28
OPP201724,CUST10507,REP1013,P1002,2026-02-02,8376,Negotiation,2026-05-21
OPP201725,CUST10675,REP1014,P1010,2026-04-11,29216,Proposal,2026-07-28
OPP201726,CUST10778,REP1003,P1003,2026-01-14,6376,Lost,2026-05-12
OPP201727,CUST11028,REP1027,P1005,2026-01-27,18348,Proposal,2026-03-12
OPP201728,CUST10472,REP1022,P1009,2026-06-12,9612,Lost,2026-08-23
OPP201729,CUST10376,REP1028,P1004,2026-03-06,14478,Proposal,2026-04-21
OPP201730,CUST10886,REP1025,P1002,2026-01-21,8167,Won,2026-04-17
OPP201731,CUST11146,REP1019,P1009,2026-04-27,17494,Lost,2026-07-27
OPP201732,CUST11095,REP1010,P1004,2026-02-03,17168,Proposal,2026-03-10
OPP201733,CUST10178,REP1020,P1010,2026-04-08,18911,Qualified,2026-07-21
OPP201734,CUST11104,REP1017,P1011,2026-05-15,9937,Prospecting,2026-06-23
OPP201735,CUST10948,REP1028,P1005,2026-04-24,17787,Won,2026-08-20
OPP201736,CUST10189,REP1007,P1009,2026-02-10,22139,Negotiation,2026-05-24
OPP201737,CUST10008,REP1001,P1003,2026-02-09,21878,Qualified,2026-02-18
OPP201738,CUST10245,REP1004,P1012,2026-02-06,17470,Won,2026-03-30
OPP201739,CUST11116,REP1006,P1003,2026-04-15,9675,Lost,2026-06-04
OPP201740,CUST10906,REP1020,P1011,2026-04-22,16435,Won,2026-07-30
OPP201741,CUST10691,REP1005,P1010,2026-03-28,16571,Negotiation,2026-06-24
OPP201742,CUST10758,REP1005,P1004,2026-03-08,28587,Lost,2026-03-20
OPP201743,CUST10496,REP1012,P1010,2026-01-11,11934,Won,2026-04-22
OPP201744,CUST11087,REP1024,P1008,2026-05-19,10349,Prospecting,2026-06-19
OPP201745,CUST10188,REP1013,P1009,2026-04-20,22746,Lost,2026-06-07
OPP201746,CUST10377,REP1009,P1005,2026-04-16,19422,Proposal,2026-05-12
OPP201747,CUST10241,REP1009,P1003,2026-01-18,13385,Lost,2026-02-11
OPP201748,CUST11018,REP1025,P1009,2026-02-17,1001,Won,2026-04-24
OPP201749,CUST10649,REP1013,P1001,2026-02-20,21442,Negotiation,2026-03-08
OPP201750,CUST10821,REP1012,P1005,2026-04-10,22370,Qualified,2026-04-26
OPP201751,CUST11104,REP1024,P1002,2026-05-11,27979,Prospecting,2026-08-14
OPP201752,CUST10235,REP1012,P1001,2026-05-24,15573,Qualified,2026-07-08
OPP201753,CUST11158,REP1011,P1001,2026-03-28,15938,Negotiation,2026-06-16
OPP201754,CUST10152,REP1023,P1002,2026-03-02,7043,Won,2026-06-28
OPP201755,CUST10906,REP1010,P1012,2026-03-09,14330,Prospecting,2026-03-21
OPP201756,CUST10844,REP1016,P1010,2026-05-03,1043,Qualified,2026-08-07
OPP201757,CUST10991,REP1020,P1012,2026-02-22,15520,Negotiation,2026-03-13
OPP201758,CUST10191,REP1007,P1002,2026-03-11,21501,Qualified,2026-06-11
OPP201759,CUST11152,REP1004,P1012,2026-05-11,23791,Prospecting,2026-06-21
OPP201760,CUST10954,REP1026,P1008,2026-04-01,20218,Prospecting,2026-04-23
OPP201761,CUST10133,REP1009,P1010,2026-03-19,24356,Negotiation,2026-04-20
OPP201762,CUST10669,REP1011,P1011,2026-05-02,20296,Negotiation,2026-06-19
OPP201763,CUST10981,REP1018,P1004,2026-02-17,23615,Won,2026-05-17
OPP201764,CUST10573,REP1004,P1009,2026-01-11,13686,Qualified,2026-04-04
OPP201765,CUST10458,REP1002,P1008,2026-05-11,18463,Prospecting,2026-08-08
OPP201766,CUST10331,REP1013,P1005,2026-03-17,19539,Won,2026-03-26
OPP201767,CUST10620,REP1030,P1006,2026-02-24,17604,Lost,2026-06-21
OPP201768,CUST11181,REP1018,P1003,2026-01-16,17568,Qualified,2026-03-13
OPP201769,CUST10730,REP1018,P1003,2026-06-03,23673,Won,2026-06-22
OPP201770,CUST10867,REP1019,P1012,2026-05-01,7927,Won,2026-08-20
OPP201771,CUST10936,REP1026,P1009,2026-02-15,10189,Lost,2026-05-22
OPP201772,CUST10934,REP1026,P1007,2026-04-11,16044,Proposal,2026-04-27
OPP201773,CUST10481,REP1001,P1009,2026-03-19,19716,Prospecting,2026-05-14
OPP201774,CUST10923,REP1017,P1005,2026-02-24,15923,Prospecting,2026-06-13
OPP201775,CUST10394,REP1017,P1003,2026-02-21,6782,Won,2026-05-16
OPP201776,CUST10701,REP1007,P1012,2026-01-13,24885,Won,2026-02-10
OPP201777,CUST10363,REP1030,P1012,2026-06-11,16828,Proposal,2026-09-05
OPP201778,CUST11128,REP1008,P1003,2026-06-03,13571,Prospecting,2026-07-01
OPP201779,CUST10877,REP1026,P1010,2026-05-25,26463,Prospecting,2026-07-10
OPP201780,CUST10701,REP1004,P1006,2026-02-22,13646,Negotiation,2026-03-23
OPP201781,CUST10542,REP1019,P1009,2026-06-15,5683,Lost,2026-09-08
OPP201782,CUST10625,REP1023,P1002,2026-02-15,29547,Proposal,2026-06-07
OPP201783,CUST10936,REP1016,P1006,2026-05-17,12095,Negotiation,2026-05-29
OPP201784,CUST10329,REP1004,P1002,2026-01-17,26939,Proposal,2026-04-02
OPP201785,CUST10995,REP1004,P1010,2026-02-21,15988,Won,2026-03-28
OPP201786,CUST10339,REP1019,P1005,2026-04-06,8026,Won,2026-07-06
OPP201787,CUST10170,REP1026,P1004,2026-06-10,11920,Prospecting,2026-07-02
OPP201788,CUST10885,REP1018,P1009,2026-02-14,27398,Negotiation,2026-04-03
OPP201789,CUST10851,REP1004,P1012,2026-03-13,28395,Won,2026-04-12
OPP201790,CUST10402,REP1024,P1005,2026-05-20,5001,Lost,2026-09-02
OPP201791,CUST10779,REP1014,P1009,2026-03-20,29626,Negotiation,2026-04-05
OPP201792,CUST10875,REP1003,P1009,2026-04-24,25748,Prospecting,2026-07-05
OPP201793,CUST10946,REP1012,P1006,2026-03-11,19783,Proposal,2026-03-31
OPP201794,CUST11144,REP1007,P1010,2026-01-01,6316,Negotiation,2026-03-16
OPP201795,CUST11026,REP1030,P1002,2026-02-16,18009,Qualified,2026-05-20
OPP201796,CUST10528,REP1028,P1011,2026-04-04,13342,Lost,2026-07-05
OPP201797,CUST10277,REP1004,P1005,2026-01-04,4610,Qualified,2026-01-14
OPP201798,CUST10117,REP1018,P1001,2026-02-08,29533,Lost,2026-05-13
OPP201799,CUST10689,REP1001,P1012,2026-06-08,18498,Proposal,2026-07-18
OPP201800,CUST10800,REP1014,P1010,2026-01-03,3814,Prospecting,2026-03-28
