lead_id,customer_id,sales_rep_id,lead_source,lead_created_date,lead_score,lead_status
LEAD100001,CUST10894,REP1005,Event,2025-11-10,57,New
LEAD100002,CUST11172,REP1009,Referral,2025-12-21,62,Nurturing
LEAD100003,CUST10829,REP1018,Website,2025-10-08,92,Qualified
LEAD100004,CUST10040,REP1027,Referral,2026-04-12,81,Qualified
LEAD100005,CUST10563,REP1005,Email,2026-05-04,54,New
LEAD100006,CUST10879,REP1021,Website,2026-02-16,47,New
LEAD100007,CUST10477,REP1023,Email,2026-06-29,77,Nurturing
LEAD100008,CUST10928,REP1027,Referral,2026-03-25,42,New
LEAD100009,CUST10849,REP1023,Email,2026-09-16,91,Qualified
LEAD100010,CUST10081,REP1005,Email,2026-07-06,83,Qualified
LEAD100011,CUST10670,REP1015,Partner,2025-10-28,75,Nurturing
LEAD100012,CUST10207,REP1029,Email,2026-01-09,40,New
LEAD100013,CUST10584,REP1028,Event,2026-07-03,70,Nurturing
LEAD100014,CUST10462,REP1019,Referral,2026-04-15,86,Qualified
LEAD100015,CUST10969,REP1029,Partner,2026-07-02,25,Low Priority
LEAD100016,CUST11042,REP1021,Email,2026-01-31,34,Low Priority
LEAD100017,CUST10554,REP1002,Event,2025-10-14,61,Nurturing
LEAD100018,CUST10645,REP1028,Partner,2026-07-14,49,New
LEAD100019,CUST10752,REP1006,Referral,2026-07-14,77,Nurturing
LEAD100020,CUST10787,REP1012,Event,2026-05-22,52,New
LEAD100021,CUST10763,REP1008,Event,2026-02-25,100,Qualified
LEAD100022,CUST10940,REP1022,Partner,2025-10-04,44,New
LEAD100023,CUST11179,REP1001,Website,2026-06-23,49,New
LEAD100024,CUST10994,REP1020,Referral,2026-05-29,20,Low Priority
LEAD100025,CUST10162,REP1026,Partner,2026-06-01,40,New
LEAD100026,CUST10572,REP1024,Email,2025-12-02,39,Low Priority
LEAD100027,CUST10554,REP1010,Email,2026-06-24,81,Qualified
LEAD100028,CUST10611,REP1027,Event,2026-06-22,47,New
LEAD100029,CUST10635,REP1011,Website,2026-08-09,36,Low Priority
LEAD100030,CUST10862,REP1021,Partner,2026-04-26,45,New
LEAD100031,CUST10506,REP1016,Email,2026-06-25,65,Nurturing
LEAD100032,CUST10317,REP1003,Event,2026-02-24,83,Qualified
LEAD100033,CUST10550,REP1001,Website,2026-06-12,99,Qualified
LEAD100034,CUST11026,REP1006,Event,2026-06-11,23,Low Priority
LEAD100035,CUST10374,REP1029,Website,2026-07-12,88,Qualified
LEAD100036,CUST10025,REP1029,Website,2026-08-09,51,New
LEAD100037,CUST11172,REP1013,Event,2025-10-02,85,Qualified
LEAD100038,CUST10235,REP1030,Email,2026-07-12,23,Low Priority
LEAD100039,CUST10724,REP1002,Event,2026-07-17,70,Nurturing
LEAD100040,CUST10961,REP1030,Email,2026-04-18,95,Qualified
LEAD100041,CUST10330,REP1007,Email,2026-04-08,23,Low Priority
LEAD100042,CUST10409,REP1002,Partner,2026-06-21,84,Qualified
LEAD100043,CUST10337,REP1023,Partner,2026-03-16,29,Low Priority
LEAD100044,CUST10180,REP1012,Partner,2026-03-01,99,Qualified
LEAD100045,CUST10184,REP1009,Referral,2026-07-21,80,Qualified
LEAD100046,CUST10225,REP1023,Event,2026-07-15,93,Qualified
LEAD100047,CUST10550,REP1010,Referral,2025-12-15,92,Qualified
LEAD100048,CUST10637,REP1023,Email,2026-07-30,45,New
LEAD100049,CUST10020,REP1006,Email,2026-01-28,53,New
LEAD100050,CUST11016,REP1003,Partner,2025-11-20,76,Nurturing
LEAD100051,CUST10812,REP1010,Email,2026-08-17,34,Low Priority
LEAD100052,CUST10085,REP1019,Website,2025-12-26,44,New
LEAD100053,CUST11012,REP1007,Referral,2025-12-14,28,Low Priority
LEAD100054,CUST10037,REP1005,Partner,2026-01-07,91,Qualified
LEAD100055,CUST10673,REP1023,Referral,2026-03-29,40,New
LEAD100056,CUST10559,REP1015,Event,2025-11-30,53,New
LEAD100057,CUST10603,REP1013,Event,2025-11-28,56,New
LEAD100058,CUST11148,REP1008,Email,2026-02-21,50,New
LEAD100059,CUST11113,REP1001,Referral,2025-12-19,83,Qualified
LEAD100060,CUST10335,REP1002,Website,2025-12-10,94,Qualified
LEAD100061,CUST10696,REP1021,Email,2026-08-29,66,Nurturing
LEAD100062,CUST11152,REP1003,Event,2026-05-06,87,Qualified
LEAD100063,CUST10875,REP1008,Partner,2025-10-06,28,Low Priority
LEAD100064,CUST11066,REP1028,Event,2025-11-07,98,Qualified
LEAD100065,CUST10522,REP1011,Event,2026-07-25,29,Low Priority
LEAD100066,CUST10340,REP1023,Partner,2026-01-07,25,Low Priority
LEAD100067,CUST10613,REP1011,Referral,2025-11-25,21,Low Priority
LEAD100068,CUST10981,REP1028,Website,2026-05-31,39,Low Priority
LEAD100069,CUST11115,REP1025,Email,2026-08-02,87,Qualified
LEAD100070,CUST10824,REP1015,Partner,2026-02-23,44,New
LEAD100071,CUST10848,REP1021,Website,2026-06-29,84,Qualified
LEAD100072,CUST10615,REP1013,Website,2026-03-03,54,New
LEAD100073,CUST10384,REP1029,Event,2025-11-09,28,Low Priority
LEAD100074,CUST10508,REP1011,Referral,2026-07-19,58,New
LEAD100075,CUST10598,REP1026,Referral,2026-09-01,38,Low Priority
LEAD100076,CUST10979,REP1019,Email,2026-09-25,43,New
LEAD100077,CUST10667,REP1020,Referral,2025-11-06,61,Nurturing
LEAD100078,CUST10952,REP1011,Event,2026-04-25,84,Qualified
LEAD100079,CUST10033,REP1025,Email,2026-05-16,67,Nurturing
LEAD100080,CUST10909,REP1023,Referral,2025-10-29,38,Low Priority
LEAD100081,CUST10609,REP1025,Referral,2026-09-13,78,Nurturing
LEAD100082,CUST11198,REP1025,Event,2025-11-07,76,Nurturing
LEAD100083,CUST10567,REP1005,Partner,2026-01-07,39,Low Priority
LEAD100084,CUST10575,REP1027,Event,2026-09-19,88,Qualified
LEAD100085,CUST10153,REP1026,Referral,2026-04-21,88,Qualified
LEAD100086,CUST10969,REP1008,Website,2026-06-05,68,Nurturing
LEAD100087,CUST10842,REP1030,Event,2026-03-30,43,New
LEAD100088,CUST11035,REP1016,Referral,2026-07-02,48,New
LEAD100089,CUST10112,REP1010,Event,2025-10-30,55,New
LEAD100090,CUST10254,REP1007,Email,2026-06-04,35,Low Priority
LEAD100091,CUST11053,REP1011,Referral,2025-10-25,44,New
LEAD100092,CUST10051,REP1002,Email,2025-12-05,30,Low Priority
LEAD100093,CUST10610,REP1021,Website,2026-04-03,32,Low Priority
LEAD100094,CUST10486,REP1022,Referral,2026-03-13,80,Qualified
LEAD100095,CUST11128,REP1021,Referral,2025-11-25,30,Low Priority
LEAD100096,CUST11029,REP1017,Email,2026-07-19,57,New
LEAD100097,CUST11077,REP1011,Partner,2026-01-19,54,New
LEAD100098,CUST10347,REP1022,Email,2026-08-13,23,Low Priority
LEAD100099,CUST10706,REP1027,Partner,2025-10-06,87,Qualified
LEAD100100,CUST10841,REP1003,Email,2025-12-26,99,Qualified
LEAD100101,CUST11161,REP1012,Website,2026-01-17,71,Nurturing
LEAD100102,CUST10009,REP1030,Email,2026-05-06,74,Nurturing
LEAD100103,CUST11173,REP1026,Website,2026-02-24,38,Low Priority
LEAD100104,CUST10427,REP1030,Website,2025-11-27,88,Qualified
LEAD100105,CUST10154,REP1006,Email,2026-04-27,83,Qualified
LEAD100106,CUST10739,REP1014,Website,2026-09-15,55,New
LEAD100107,CUST10938,REP1004,Email,2025-11-18,77,Nurturing
LEAD100108,CUST10156,REP1026,Website,2026-01-01,97,Qualified
LEAD100109,CUST10049,REP1016,Website,2026-03-24,68,Nurturing
LEAD100110,CUST11076,REP1008,Event,2026-06-23,36,Low Priority
LEAD100111,CUST11121,REP1003,Website,2025-11-19,46,New
LEAD100112,CUST10188,REP1023,Event,2025-12-24,34,Low Priority
LEAD100113,CUST11085,REP1025,Referral,2025-12-25,46,New
LEAD100114,CUST11092,REP1027,Email,2026-05-13,92,Qualified
LEAD100115,CUST11197,REP1030,Event,2025-10-31,35,Low Priority
LEAD100116,CUST10260,REP1025,Website,2026-05-29,92,Qualified
LEAD100117,CUST10695,REP1024,Referral,2026-03-05,43,New
LEAD100118,CUST11194,REP1025,Partner,2026-01-28,60,Nurturing
LEAD100119,CUST11084,REP1030,Event,2026-08-11,62,Nurturing
LEAD100120,CUST10726,REP1014,Website,2026-07-26,30,Low Priority
LEAD100121,CUST10237,REP1023,Website,2026-07-21,34,Low Priority
LEAD100122,CUST10102,REP1025,Referral,2026-08-20,44,New
LEAD100123,CUST10312,REP1004,Referral,2025-12-25,24,Low Priority
LEAD100124,CUST10079,REP1021,Referral,2026-08-09,81,Qualified
LEAD100125,CUST10235,REP1011,Website,2025-12-04,64,Nurturing
LEAD100126,CUST10090,REP1004,Event,2026-01-29,88,Qualified
LEAD100127,CUST10915,REP1006,Email,2026-04-21,89,Qualified
LEAD100128,CUST10708,REP1004,Website,2026-06-29,48,New
LEAD100129,CUST10622,REP1027,Partner,2026-04-29,86,Qualified
LEAD100130,CUST10972,REP1024,Email,2026-04-23,24,Low Priority
LEAD100131,CUST10493,REP1004,Email,2026-02-15,54,New
LEAD100132,CUST10484,REP1019,Event,2026-05-05,73,Nurturing
LEAD100133,CUST10249,REP1020,Email,2026-03-23,57,New
LEAD100134,CUST10534,REP1016,Email,2026-03-24,79,Nurturing
LEAD100135,CUST10210,REP1019,Website,2026-05-02,89,Qualified
LEAD100136,CUST10708,REP1028,Website,2026-05-08,54,New
LEAD100137,CUST11197,REP1016,Email,2026-01-29,42,New
LEAD100138,CUST10640,REP1020,Event,2025-11-19,67,Nurturing
LEAD100139,CUST10359,REP1018,Referral,2026-01-18,90,Qualified
LEAD100140,CUST10826,REP1012,Email,2026-02-27,99,Qualified
LEAD100141,CUST10985,REP1027,Referral,2025-11-28,86,Qualified
LEAD100142,CUST10567,REP1013,Partner,2025-12-04,39,Low Priority
LEAD100143,CUST10301,REP1024,Email,2026-09-13,36,Low Priority
LEAD100144,CUST10857,REP1019,Email,2026-01-11,66,Nurturing
LEAD100145,CUST10225,REP1021,Website,2026-06-27,52,New
LEAD100146,CUST11197,REP1023,Event,2025-11-16,69,Nurturing
LEAD100147,CUST10382,REP1023,Event,2026-09-20,94,Qualified
LEAD100148,CUST10421,REP1017,Partner,2025-12-17,64,Nurturing
LEAD100149,CUST10873,REP1019,Referral,2026-02-21,48,New
LEAD100150,CUST10015,REP1016,Partner,2026-07-13,90,Qualified
LEAD100151,CUST10244,REP1011,Event,2025-12-13,55,New
LEAD100152,CUST10151,REP1022,Partner,2026-04-19,69,Nurturing
LEAD100153,CUST10470,REP1027,Website,2026-07-14,30,Low Priority
LEAD100154,CUST10665,REP1022,Website,2025-10-09,61,Nurturing
LEAD100155,CUST10216,REP1024,Event,2025-10-10,54,New
LEAD100156,CUST10414,REP1025,Email,2026-07-15,29,Low Priority
LEAD100157,CUST10927,REP1012,Email,2026-01-04,37,Low Priority
LEAD100158,CUST11128,REP1002,Website,2026-08-28,76,Nurturing
LEAD100159,CUST10018,REP1011,Website,2026-09-04,34,Low Priority
LEAD100160,CUST10753,REP1023,Referral,2026-08-18,30,Low Priority
LEAD100161,CUST10031,REP1025,Referral,2026-09-29,24,Low Priority
LEAD100162,CUST10625,REP1016,Referral,2026-07-28,22,Low Priority
LEAD100163,CUST11056,REP1024,Partner,2026-02-17,55,New
LEAD100164,CUST10958,REP1003,Referral,2026-09-28,59,New
LEAD100165,CUST10280,REP1020,Website,2026-02-04,70,Nurturing
LEAD100166,CUST10311,REP1021,Partner,2026-05-03,66,Nurturing
LEAD100167,CUST10941,REP1016,Email,2025-10-03,63,Nurturing
LEAD100168,CUST10984,REP1022,Email,2026-09-17,100,Qualified
LEAD100169,CUST10338,REP1015,Referral,2026-05-05,40,New
LEAD100170,CUST10004,REP1016,Referral,2026-09-12,77,Nurturing
LEAD100171,CUST10534,REP1019,Partner,2026-02-06,26,Low Priority
LEAD100172,CUST10744,REP1024,Website,2026-01-23,88,Qualified
LEAD100173,CUST10533,REP1008,Event,2026-04-09,49,New
LEAD100174,CUST11122,REP1010,Event,2026-08-12,48,New
LEAD100175,CUST10977,REP1013,Website,2026-04-19,30,Low Priority
LEAD100176,CUST10946,REP1007,Event,2026-07-17,61,Nurturing
LEAD100177,CUST10025,REP1011,Website,2025-12-18,52,New
LEAD100178,CUST11025,REP1011,Partner,2026-07-11,98,Qualified
LEAD100179,CUST10907,REP1010,Email,2026-06-25,34,Low Priority
LEAD100180,CUST10477,REP1013,Referral,2026-08-24,53,New
LEAD100181,CUST10708,REP1016,Referral,2025-10-22,92,Qualified
LEAD100182,CUST10990,REP1021,Website,2026-02-18,85,Qualified
LEAD100183,CUST11088,REP1010,Email,2025-11-02,81,Qualified
LEAD100184,CUST10661,REP1026,Website,2026-02-24,62,Nurturing
LEAD100185,CUST10050,REP1015,Partner,2026-07-04,90,Qualified
LEAD100186,CUST10743,REP1022,Referral,2026-05-22,38,Low Priority
LEAD100187,CUST10817,REP1004,Event,2026-07-02,85,Qualified
LEAD100188,CUST10071,REP1006,Event,2026-06-27,67,Nurturing
LEAD100189,CUST10981,REP1014,Event,2026-09-28,48,New
LEAD100190,CUST10242,REP1011,Email,2026-08-18,37,Low Priority
LEAD100191,CUST11069,REP1015,Partner,2026-05-02,62,Nurturing
LEAD100192,CUST10662,REP1005,Referral,2026-08-16,20,Low Priority
LEAD100193,CUST10387,REP1015,Website,2025-10-18,77,Nurturing
LEAD100194,CUST10071,REP1021,Event,2026-06-21,39,Low Priority
LEAD100195,CUST10022,REP1022,Referral,2026-04-09,51,New
LEAD100196,CUST10890,REP1008,Partner,2026-09-15,35,Low Priority
LEAD100197,CUST10453,REP1011,Website,2026-04-02,57,New
LEAD100198,CUST11009,REP1016,Referral,2025-12-05,50,New
LEAD100199,CUST10277,REP1016,Email,2026-06-22,35,Low Priority
LEAD100200,CUST11105,REP1024,Partner,2026-09-12,91,Qualified
LEAD100201,CUST11130,REP1012,Partner,2025-10-06,81,Qualified
LEAD100202,CUST10123,REP1021,Referral,2025-10-24,51,New
LEAD100203,CUST10777,REP1027,Website,2026-05-30,24,Low Priority
LEAD100204,CUST11128,REP1009,Event,2026-04-21,88,Qualified
LEAD100205,CUST10388,REP1025,Partner,2026-04-19,76,Nurturing
LEAD100206,CUST10082,REP1010,Referral,2025-11-02,65,Nurturing
LEAD100207,CUST11051,REP1011,Referral,2026-04-27,68,Nurturing
LEAD100208,CUST10569,REP1020,Email,2026-04-26,20,Low Priority
LEAD100209,CUST10033,REP1019,Partner,2026-08-06,58,New
LEAD100210,CUST11009,REP1017,Referral,2026-02-20,35,Low Priority
LEAD100211,CUST10815,REP1007,Event,2026-02-04,72,Nurturing
LEAD100212,CUST10085,REP1003,Event,2025-10-30,95,Qualified
LEAD100213,CUST10311,REP1028,Website,2026-04-25,62,Nurturing
LEAD100214,CUST10022,REP1027,Email,2026-05-25,68,Nurturing
LEAD100215,CUST11146,REP1027,Event,2026-01-11,74,Nurturing
LEAD100216,CUST10030,REP1016,Partner,2026-06-24,95,Qualified
LEAD100217,CUST10956,REP1027,Website,2026-09-08,23,Low Priority
LEAD100218,CUST10614,REP1015,Website,2025-12-03,45,New
LEAD100219,CUST10700,REP1003,Email,2026-04-28,41,New
LEAD100220,CUST10974,REP1006,Event,2026-06-11,78,Nurturing
LEAD100221,CUST11074,REP1009,Website,2025-10-07,56,New
LEAD100222,CUST10153,REP1012,Partner,2025-12-05,82,Qualified
LEAD100223,CUST10022,REP1029,Partner,2026-02-22,58,New
LEAD100224,CUST10150,REP1010,Referral,2025-11-20,99,Qualified
LEAD100225,CUST10820,REP1019,Email,2026-02-07,82,Qualified
LEAD100226,CUST10683,REP1009,Event,2025-11-23,21,Low Priority
LEAD100227,CUST10101,REP1020,Referral,2026-08-24,100,Qualified
LEAD100228,CUST10282,REP1018,Website,2026-05-07,97,Qualified
LEAD100229,CUST10645,REP1005,Referral,2026-01-29,23,Low Priority
LEAD100230,CUST10877,REP1014,Referral,2026-07-12,51,New
LEAD100231,CUST10413,REP1004,Email,2025-10-07,98,Qualified
LEAD100232,CUST11140,REP1027,Partner,2026-05-06,87,Qualified
LEAD100233,CUST11191,REP1022,Website,2026-06-07,57,New
LEAD100234,CUST10920,REP1029,Referral,2026-07-23,64,Nurturing
LEAD100235,CUST10546,REP1027,Email,2025-12-21,22,Low Priority
LEAD100236,CUST11053,REP1007,Partner,2026-05-04,65,Nurturing
LEAD100237,CUST10874,REP1022,Partner,2026-07-08,73,Nurturing
LEAD100238,CUST10624,REP1004,Referral,2026-07-19,49,New
LEAD100239,CUST10533,REP1029,Referral,2025-12-04,44,New
LEAD100240,CUST10999,REP1024,Website,2026-09-22,87,Qualified
LEAD100241,CUST10669,REP1021,Website,2026-01-08,56,New
LEAD100242,CUST10220,REP1030,Website,2026-02-20,41,New
LEAD100243,CUST11200,REP1026,Email,2025-12-10,50,New
LEAD100244,CUST10083,REP1026,Website,2025-11-24,59,New
LEAD100245,CUST10835,REP1004,Partner,2026-01-02,41,New
LEAD100246,CUST10788,REP1001,Event,2025-11-19,65,Nurturing
LEAD100247,CUST10704,REP1029,Email,2026-06-25,89,Qualified
LEAD100248,CUST10063,REP1008,Partner,2026-05-07,80,Qualified
LEAD100249,CUST10592,REP1013,Website,2026-02-20,38,Low Priority
LEAD100250,CUST11071,REP1002,Partner,2026-04-18,58,New
LEAD100251,CUST10288,REP1019,Event,2026-05-09,64,Nurturing
LEAD100252,CUST10830,REP1025,Referral,2025-12-07,75,Nurturing
LEAD100253,CUST11031,REP1026,Event,2026-01-17,81,Qualified
LEAD100254,CUST11143,REP1018,Email,2026-08-18,59,New
LEAD100255,CUST10620,REP1020,Referral,2025-10-05,45,New
LEAD100256,CUST10377,REP1016,Website,2026-09-15,73,Nurturing
LEAD100257,CUST10840,REP1014,Website,2026-09-17,30,Low Priority
LEAD100258,CUST10584,REP1017,Referral,2026-01-01,74,Nurturing
LEAD100259,CUST10753,REP1029,Referral,2026-01-26,92,Qualified
LEAD100260,CUST10891,REP1008,Email,2025-12-15,77,Nurturing
LEAD100261,CUST10853,REP1015,Partner,2026-04-23,55,New
LEAD100262,CUST10292,REP1019,Partner,2025-12-18,86,Qualified
LEAD100263,CUST10907,REP1018,Email,2026-07-16,63,Nurturing
LEAD100264,CUST10651,REP1001,Email,2026-02-19,63,Nurturing
LEAD100265,CUST11117,REP1009,Email,2026-09-19,89,Qualified
LEAD100266,CUST10792,REP1020,Event,2026-08-08,35,Low Priority
LEAD100267,CUST11071,REP1021,Referral,2026-02-24,83,Qualified
LEAD100268,CUST11175,REP1023,Event,2026-05-06,75,Nurturing
LEAD100269,CUST11194,REP1030,Partner,2025-10-09,62,Nurturing
LEAD100270,CUST10894,REP1021,Website,2025-10-25,26,Low Priority
LEAD100271,CUST10717,REP1018,Website,2026-04-03,82,Qualified
LEAD100272,CUST10142,REP1010,Website,2026-03-22,37,Low Priority
LEAD100273,CUST10464,REP1012,Event,2026-02-23,92,Qualified
LEAD100274,CUST10571,REP1025,Website,2025-11-02,84,Qualified
LEAD100275,CUST10937,REP1015,Event,2026-08-03,49,New
LEAD100276,CUST10707,REP1022,Email,2026-02-26,55,New
LEAD100277,CUST10527,REP1004,Partner,2026-03-21,22,Low Priority
LEAD100278,CUST10176,REP1004,Event,2026-02-25,60,Nurturing
LEAD100279,CUST10859,REP1007,Event,2026-03-31,24,Low Priority
LEAD100280,CUST10519,REP1006,Event,2026-05-25,99,Qualified
LEAD100281,CUST10044,REP1019,Partner,2026-07-06,71,Nurturing
LEAD100282,CUST10341,REP1020,Referral,2026-04-19,39,Low Priority
LEAD100283,CUST11056,REP1017,Website,2025-11-30,85,Qualified
LEAD100284,CUST10143,REP1009,Event,2026-08-16,21,Low Priority
LEAD100285,CUST10488,REP1018,Event,2026-01-12,64,Nurturing
LEAD100286,CUST10615,REP1004,Partner,2025-10-06,29,Low Priority
LEAD100287,CUST10101,REP1015,Website,2025-10-15,24,Low Priority
LEAD100288,CUST10199,REP1005,Event,2026-07-10,39,Low Priority
LEAD100289,CUST11129,REP1003,Referral,2026-02-19,43,New
LEAD100290,CUST10709,REP1005,Partner,2025-10-09,78,Nurturing
LEAD100291,CUST10253,REP1004,Email,2026-07-24,92,Qualified
LEAD100292,CUST10204,REP1015,Website,2026-01-20,82,Qualified
LEAD100293,CUST10511,REP1017,Website,2026-09-22,79,Nurturing
LEAD100294,CUST10869,REP1019,Website,2026-08-18,65,Nurturing
LEAD100295,CUST10877,REP1014,Event,2025-10-18,50,New
LEAD100296,CUST10235,REP1006,Event,2026-06-10,40,New
LEAD100297,CUST10871,REP1001,Partner,2026-05-09,96,Qualified
LEAD100298,CUST11076,REP1022,Partner,2025-12-02,62,Nurturing
LEAD100299,CUST10272,REP1030,Partner,2026-02-03,65,Nurturing
LEAD100300,CUST10032,REP1009,Referral,2026-03-29,21,Low Priority
LEAD100301,CUST11151,REP1007,Partner,2025-11-23,57,New
LEAD100302,CUST10627,REP1010,Referral,2026-06-21,75,Nurturing
LEAD100303,CUST10932,REP1007,Email,2026-01-10,60,Nurturing
LEAD100304,CUST10385,REP1007,Referral,2026-09-08,69,Nurturing
LEAD100305,CUST10360,REP1015,Email,2026-07-20,85,Qualified
LEAD100306,CUST10271,REP1024,Event,2026-05-20,21,Low Priority
LEAD100307,CUST10261,REP1022,Referral,2025-11-13,93,Qualified
LEAD100308,CUST10566,REP1029,Website,2025-10-10,86,Qualified
LEAD100309,CUST10127,REP1011,Partner,2025-11-23,54,New
LEAD100310,CUST11011,REP1015,Website,2026-04-01,81,Qualified
LEAD100311,CUST10614,REP1012,Referral,2026-07-13,25,Low Priority
LEAD100312,CUST11099,REP1002,Email,2025-11-25,44,New
LEAD100313,CUST10603,REP1012,Partner,2026-06-16,28,Low Priority
LEAD100314,CUST10364,REP1008,Partner,2025-10-18,71,Nurturing
LEAD100315,CUST10618,REP1015,Email,2026-01-05,89,Qualified
LEAD100316,CUST10186,REP1005,Website,2026-05-07,68,Nurturing
LEAD100317,CUST10989,REP1023,Partner,2026-07-30,77,Nurturing
LEAD100318,CUST10865,REP1026,Website,2026-07-11,31,Low Priority
LEAD100319,CUST10177,REP1029,Partner,2026-04-13,95,Qualified
LEAD100320,CUST10699,REP1003,Referral,2025-10-14,35,Low Priority
LEAD100321,CUST10646,REP1004,Event,2026-01-16,62,Nurturing
LEAD100322,CUST10242,REP1029,Referral,2026-07-14,75,Nurturing
LEAD100323,CUST10147,REP1026,Referral,2025-10-30,89,Qualified
LEAD100324,CUST10913,REP1018,Website,2026-06-15,95,Qualified
LEAD100325,CUST10317,REP1010,Website,2026-06-14,68,Nurturing
LEAD100326,CUST10623,REP1016,Referral,2026-07-02,66,Nurturing
LEAD100327,CUST10298,REP1017,Referral,2025-12-19,53,New
LEAD100328,CUST10785,REP1026,Email,2025-12-29,65,Nurturing
LEAD100329,CUST10059,REP1016,Event,2025-12-12,74,Nurturing
LEAD100330,CUST10432,REP1001,Event,2026-02-21,72,Nurturing
LEAD100331,CUST10657,REP1021,Event,2026-04-10,67,Nurturing
LEAD100332,CUST10527,REP1024,Event,2025-11-13,55,New
LEAD100333,CUST10735,REP1009,Partner,2026-04-26,35,Low Priority
LEAD100334,CUST10217,REP1004,Referral,2025-12-27,24,Low Priority
LEAD100335,CUST10531,REP1005,Email,2026-04-24,54,New
LEAD100336,CUST10908,REP1026,Referral,2026-01-19,52,New
LEAD100337,CUST10401,REP1014,Email,2026-09-14,69,Nurturing
LEAD100338,CUST10189,REP1016,Event,2026-01-25,92,Qualified
LEAD100339,CUST11018,REP1029,Website,2026-08-15,76,Nurturing
LEAD100340,CUST10934,REP1002,Email,2025-12-03,85,Qualified
LEAD100341,CUST10817,REP1007,Event,2025-10-31,66,Nurturing
LEAD100342,CUST10958,REP1025,Partner,2025-12-08,95,Qualified
LEAD100343,CUST10935,REP1017,Referral,2026-03-03,96,Qualified
LEAD100344,CUST10896,REP1001,Referral,2026-08-26,32,Low Priority
LEAD100345,CUST10612,REP1022,Website,2025-12-04,71,Nurturing
LEAD100346,CUST10024,REP1005,Referral,2026-07-14,60,Nurturing
LEAD100347,CUST10717,REP1024,Email,2026-06-12,98,Qualified
LEAD100348,CUST10328,REP1024,Partner,2026-02-03,67,Nurturing
LEAD100349,CUST10928,REP1025,Referral,2026-01-31,21,Low Priority
LEAD100350,CUST10563,REP1014,Partner,2026-09-11,37,Low Priority
LEAD100351,CUST11087,REP1009,Event,2026-06-18,30,Low Priority
LEAD100352,CUST10715,REP1027,Website,2025-12-27,36,Low Priority
LEAD100353,CUST10661,REP1017,Website,2026-08-29,27,Low Priority
LEAD100354,CUST11104,REP1020,Event,2026-02-26,83,Qualified
LEAD100355,CUST10571,REP1005,Email,2025-10-30,60,Nurturing
LEAD100356,CUST10451,REP1019,Partner,2026-07-24,74,Nurturing
LEAD100357,CUST10446,REP1018,Event,2026-08-14,100,Qualified
LEAD100358,CUST11051,REP1009,Partner,2026-03-11,72,Nurturing
LEAD100359,CUST10908,REP1024,Partner,2026-06-14,58,New
LEAD100360,CUST10197,REP1005,Referral,2025-12-25,41,New
LEAD100361,CUST10591,REP1022,Event,2026-08-07,81,Qualified
LEAD100362,CUST10446,REP1029,Email,2026-02-12,61,Nurturing
LEAD100363,CUST10777,REP1018,Referral,2026-01-06,81,Qualified
LEAD100364,CUST10063,REP1004,Email,2026-04-01,21,Low Priority
LEAD100365,CUST10857,REP1017,Email,2026-01-06,33,Low Priority
LEAD100366,CUST10891,REP1016,Website,2026-05-15,30,Low Priority
LEAD100367,CUST10272,REP1017,Website,2026-06-30,75,Nurturing
LEAD100368,CUST10181,REP1009,Partner,2026-02-26,61,Nurturing
LEAD100369,CUST10754,REP1019,Email,2026-07-13,45,New
LEAD100370,CUST10309,REP1008,Email,2026-03-07,45,New
LEAD100371,CUST11130,REP1017,Referral,2026-09-20,69,Nurturing
LEAD100372,CUST10931,REP1018,Event,2026-01-05,98,Qualified
LEAD100373,CUST11147,REP1020,Partner,2026-06-15,100,Qualified
LEAD100374,CUST10642,REP1024,Referral,2026-04-14,58,New
LEAD100375,CUST11127,REP1027,Website,2026-09-10,74,Nurturing
LEAD100376,CUST10017,REP1024,Event,2025-12-20,26,Low Priority
LEAD100377,CUST10348,REP1024,Email,2025-12-11,96,Qualified
LEAD100378,CUST10003,REP1027,Partner,2026-08-13,21,Low Priority
LEAD100379,CUST10814,REP1008,Referral,2026-08-25,47,New
LEAD100380,CUST10613,REP1009,Website,2026-06-30,78,Nurturing
LEAD100381,CUST10346,REP1016,Website,2026-03-23,98,Qualified
LEAD100382,CUST10366,REP1014,Website,2026-02-27,33,Low Priority
LEAD100383,CUST10773,REP1022,Partner,2026-06-01,73,Nurturing
LEAD100384,CUST10217,REP1001,Website,2026-06-30,35,Low Priority
LEAD100385,CUST10618,REP1005,Website,2026-01-09,24,Low Priority
LEAD100386,CUST10737,REP1023,Referral,2025-10-03,54,New
LEAD100387,CUST10288,REP1025,Email,2025-10-27,66,Nurturing
LEAD100388,CUST10275,REP1010,Partner,2026-02-03,41,New
LEAD100389,CUST10426,REP1010,Website,2026-06-06,98,Qualified
LEAD100390,CUST10711,REP1017,Email,2026-03-10,69,Nurturing
LEAD100391,CUST10306,REP1015,Partner,2026-05-14,55,New
LEAD100392,CUST10456,REP1006,Website,2026-03-21,59,New
LEAD100393,CUST10653,REP1016,Email,2025-12-31,57,New
LEAD100394,CUST10225,REP1025,Event,2026-07-01,29,Low Priority
LEAD100395,CUST10683,REP1022,Partner,2026-06-22,69,Nurturing
LEAD100396,CUST10166,REP1025,Website,2026-09-17,83,Qualified
LEAD100397,CUST10172,REP1020,Referral,2026-07-29,54,New
LEAD100398,CUST10285,REP1027,Partner,2026-02-16,54,New
LEAD100399,CUST10344,REP1008,Event,2026-06-15,93,Qualified
LEAD100400,CUST10036,REP1002,Event,2026-02-05,69,Nurturing
LEAD100401,CUST11154,REP1004,Event,2026-08-15,44,New
LEAD100402,CUST10370,REP1030,Event,2026-05-11,20,Low Priority
LEAD100403,CUST10966,REP1020,Partner,2026-08-01,86,Qualified
LEAD100404,CUST11083,REP1008,Email,2026-01-11,70,Nurturing
LEAD100405,CUST10961,REP1026,Email,2025-10-06,70,Nurturing
LEAD100406,CUST10998,REP1010,Email,2025-11-21,42,New
LEAD100407,CUST10121,REP1018,Email,2026-04-12,35,Low Priority
LEAD100408,CUST10447,REP1008,Website,2026-09-16,60,Nurturing
LEAD100409,CUST10896,REP1003,Event,2026-05-17,81,Qualified
LEAD100410,CUST10692,REP1009,Website,2026-07-23,44,New
LEAD100411,CUST10007,REP1007,Partner,2026-03-21,62,Nurturing
LEAD100412,CUST10681,REP1017,Partner,2026-09-15,100,Qualified
LEAD100413,CUST10966,REP1001,Event,2026-09-09,37,Low Priority
LEAD100414,CUST10995,REP1008,Website,2025-12-19,38,Low Priority
LEAD100415,CUST10461,REP1018,Partner,2026-08-11,39,Low Priority
LEAD100416,CUST10284,REP1012,Referral,2025-10-07,93,Qualified
LEAD100417,CUST10372,REP1020,Website,2026-05-05,62,Nurturing
LEAD100418,CUST10356,REP1020,Referral,2026-03-09,94,Qualified
LEAD100419,CUST10416,REP1029,Partner,2026-01-18,96,Qualified
LEAD100420,CUST10363,REP1026,Event,2026-09-06,54,New
LEAD100421,CUST10549,REP1007,Referral,2026-05-30,24,Low Priority
LEAD100422,CUST10050,REP1021,Event,2025-11-20,44,New
LEAD100423,CUST10331,REP1019,Email,2025-11-20,64,Nurturing
LEAD100424,CUST10378,REP1018,Event,2025-11-12,50,New
LEAD100425,CUST10185,REP1024,Event,2026-01-19,20,Low Priority
LEAD100426,CUST11054,REP1005,Email,2025-10-26,100,Qualified
LEAD100427,CUST10811,REP1012,Email,2026-01-05,44,New
LEAD100428,CUST11095,REP1025,Website,2026-07-07,70,Nurturing
LEAD100429,CUST10674,REP1027,Email,2026-08-15,96,Qualified
LEAD100430,CUST10132,REP1002,Website,2026-07-14,64,Nurturing
LEAD100431,CUST11086,REP1015,Email,2026-03-31,76,Nurturing
LEAD100432,CUST10550,REP1008,Email,2026-06-11,22,Low Priority
LEAD100433,CUST10822,REP1006,Email,2026-09-10,76,Nurturing
LEAD100434,CUST10458,REP1002,Email,2025-10-20,88,Qualified
LEAD100435,CUST10594,REP1017,Referral,2026-08-27,94,Qualified
LEAD100436,CUST10588,REP1021,Referral,2026-06-22,26,Low Priority
LEAD100437,CUST10342,REP1016,Partner,2026-02-19,38,Low Priority
LEAD100438,CUST10666,REP1012,Partner,2026-03-13,23,Low Priority
LEAD100439,CUST10881,REP1024,Referral,2026-03-10,94,Qualified
LEAD100440,CUST10025,REP1020,Partner,2025-11-27,42,New
LEAD100441,CUST10158,REP1028,Partner,2025-12-24,63,Nurturing
LEAD100442,CUST11011,REP1011,Referral,2026-01-16,58,New
LEAD100443,CUST10684,REP1008,Email,2025-10-03,75,Nurturing
LEAD100444,CUST11169,REP1014,Referral,2026-04-01,92,Qualified
LEAD100445,CUST10726,REP1016,Referral,2026-03-23,46,New
LEAD100446,CUST10785,REP1014,Partner,2026-01-29,83,Qualified
LEAD100447,CUST11079,REP1025,Website,2025-12-04,43,New
LEAD100448,CUST10793,REP1002,Email,2026-09-19,36,Low Priority
LEAD100449,CUST10396,REP1016,Email,2026-06-05,28,Low Priority
LEAD100450,CUST10634,REP1013,Event,2026-03-23,50,New
LEAD100451,CUST10283,REP1007,Referral,2026-06-21,65,Nurturing
LEAD100452,CUST10402,REP1020,Partner,2026-02-13,83,Qualified
LEAD100453,CUST10817,REP1025,Partner,2025-12-18,88,Qualified
LEAD100454,CUST10179,REP1017,Email,2026-06-03,62,Nurturing
LEAD100455,CUST10807,REP1003,Email,2026-07-09,53,New
LEAD100456,CUST10701,REP1003,Event,2026-05-26,34,Low Priority
LEAD100457,CUST10371,REP1013,Event,2026-04-25,94,Qualified
LEAD100458,CUST10054,REP1021,Website,2025-10-01,52,New
LEAD100459,CUST10846,REP1010,Referral,2026-05-21,81,Qualified
LEAD100460,CUST10990,REP1010,Email,2026-05-14,70,Nurturing
LEAD100461,CUST10877,REP1026,Partner,2026-02-28,95,Qualified
LEAD100462,CUST10506,REP1001,Partner,2025-12-28,98,Qualified
LEAD100463,CUST10785,REP1003,Website,2026-09-23,77,Nurturing
LEAD100464,CUST10498,REP1005,Partner,2026-02-14,73,Nurturing
LEAD100465,CUST10430,REP1030,Email,2026-01-08,31,Low Priority
LEAD100466,CUST10393,REP1015,Website,2026-06-15,21,Low Priority
LEAD100467,CUST10254,REP1005,Partner,2026-03-25,64,Nurturing
LEAD100468,CUST11164,REP1010,Event,2026-04-22,77,Nurturing
LEAD100469,CUST10800,REP1030,Partner,2026-05-25,80,Qualified
LEAD100470,CUST10210,REP1021,Event,2026-02-12,40,New
LEAD100471,CUST11039,REP1007,Referral,2025-11-25,60,Nurturing
LEAD100472,CUST10182,REP1008,Website,2025-12-01,89,Qualified
LEAD100473,CUST10713,REP1003,Email,2026-09-08,27,Low Priority
LEAD100474,CUST10199,REP1024,Referral,2026-04-03,51,New
LEAD100475,CUST10434,REP1005,Website,2026-03-02,96,Qualified
LEAD100476,CUST10791,REP1009,Website,2026-01-25,36,Low Priority
LEAD100477,CUST11199,REP1011,Event,2026-06-21,45,New
LEAD100478,CUST11191,REP1019,Email,2026-08-30,57,New
LEAD100479,CUST11075,REP1019,Referral,2026-07-08,75,Nurturing
LEAD100480,CUST10283,REP1024,Partner,2026-04-14,40,New
LEAD100481,CUST10113,REP1009,Referral,2026-03-23,84,Qualified
LEAD100482,CUST11087,REP1012,Website,2026-08-13,39,Low Priority
LEAD100483,CUST11108,REP1012,Event,2026-08-09,49,New
LEAD100484,CUST10335,REP1002,Event,2026-02-20,66,Nurturing
LEAD100485,CUST10024,REP1023,Referral,2026-09-17,20,Low Priority
LEAD100486,CUST10778,REP1017,Referral,2026-07-30,82,Qualified
LEAD100487,CUST10092,REP1015,Event,2026-08-05,74,Nurturing
LEAD100488,CUST10049,REP1030,Partner,2025-10-21,87,Qualified
LEAD100489,CUST11125,REP1006,Referral,2025-11-17,42,New
LEAD100490,CUST10595,REP1030,Referral,2026-01-17,52,New
LEAD100491,CUST10135,REP1021,Partner,2026-07-05,92,Qualified
LEAD100492,CUST10786,REP1007,Partner,2025-10-29,25,Low Priority
LEAD100493,CUST10444,REP1021,Website,2025-10-31,59,New
LEAD100494,CUST10644,REP1023,Partner,2025-10-12,59,New
LEAD100495,CUST11079,REP1011,Partner,2025-12-10,56,New
LEAD100496,CUST10286,REP1011,Referral,2026-09-01,55,New
LEAD100497,CUST10776,REP1026,Referral,2026-06-21,80,Qualified
LEAD100498,CUST10995,REP1005,Partner,2026-06-19,35,Low Priority
LEAD100499,CUST10509,REP1001,Referral,2026-01-15,92,Qualified
LEAD100500,CUST11165,REP1020,Event,2026-05-17,92,Qualified
LEAD100501,CUST10538,REP1028,Partner,2026-07-12,34,Low Priority
LEAD100502,CUST10552,REP1016,Partner,2026-04-13,98,Qualified
LEAD100503,CUST11062,REP1005,Referral,2026-08-09,41,New
LEAD100504,CUST10764,REP1017,Event,2026-04-26,24,Low Priority
LEAD100505,CUST11043,REP1008,Website,2026-01-27,52,New
LEAD100506,CUST10949,REP1025,Partner,2026-05-22,84,Qualified
LEAD100507,CUST10855,REP1019,Website,2026-09-10,88,Qualified
LEAD100508,CUST10290,REP1011,Email,2026-07-29,72,Nurturing
LEAD100509,CUST10479,REP1019,Referral,2026-03-31,85,Qualified
LEAD100510,CUST11038,REP1021,Referral,2026-05-06,41,New
LEAD100511,CUST10740,REP1021,Website,2026-09-22,91,Qualified
LEAD100512,CUST10337,REP1011,Email,2026-07-01,71,Nurturing
LEAD100513,CUST10393,REP1018,Referral,2026-04-02,30,Low Priority
LEAD100514,CUST10931,REP1002,Referral,2026-01-11,30,Low Priority
LEAD100515,CUST10214,REP1013,Event,2026-08-27,41,New
LEAD100516,CUST10135,REP1012,Website,2026-09-22,25,Low Priority
LEAD100517,CUST10919,REP1017,Partner,2025-10-26,42,New
LEAD100518,CUST10347,REP1029,Website,2025-10-12,100,Qualified
LEAD100519,CUST10919,REP1029,Website,2025-11-12,39,Low Priority
LEAD100520,CUST10641,REP1015,Website,2026-02-19,71,Nurturing
LEAD100521,CUST11198,REP1020,Website,2025-11-28,99,Qualified
LEAD100522,CUST10630,REP1004,Event,2026-08-18,40,New
LEAD100523,CUST11041,REP1015,Partner,2026-08-30,76,Nurturing
LEAD100524,CUST11021,REP1021,Event,2025-12-05,56,New
LEAD100525,CUST10255,REP1021,Referral,2026-07-30,43,New
LEAD100526,CUST11196,REP1029,Email,2025-11-21,96,Qualified
LEAD100527,CUST10895,REP1014,Website,2026-07-15,73,Nurturing
LEAD100528,CUST10129,REP1028,Website,2026-02-11,55,New
LEAD100529,CUST10008,REP1030,Website,2025-10-15,85,Qualified
LEAD100530,CUST10326,REP1018,Event,2026-03-06,92,Qualified
LEAD100531,CUST10020,REP1003,Email,2026-07-28,83,Qualified
LEAD100532,CUST10430,REP1012,Email,2026-09-06,90,Qualified
LEAD100533,CUST11196,REP1023,Event,2025-11-14,46,New
LEAD100534,CUST10575,REP1018,Referral,2026-08-02,47,New
LEAD100535,CUST10029,REP1029,Email,2026-01-16,38,Low Priority
LEAD100536,CUST10593,REP1025,Partner,2026-03-19,76,Nurturing
LEAD100537,CUST10263,REP1002,Partner,2025-11-09,85,Qualified
LEAD100538,CUST11028,REP1026,Email,2026-09-21,73,Nurturing
LEAD100539,CUST10109,REP1011,Partner,2026-07-16,68,Nurturing
LEAD100540,CUST10925,REP1025,Website,2026-05-23,82,Qualified
LEAD100541,CUST10536,REP1016,Website,2026-06-23,34,Low Priority
LEAD100542,CUST10023,REP1014,Partner,2026-08-15,49,New
LEAD100543,CUST10808,REP1003,Partner,2025-11-22,77,Nurturing
LEAD100544,CUST10547,REP1004,Email,2025-12-29,24,Low Priority
LEAD100545,CUST10926,REP1018,Partner,2025-10-14,93,Qualified
LEAD100546,CUST10742,REP1018,Website,2026-03-28,33,Low Priority
LEAD100547,CUST10945,REP1017,Referral,2026-03-30,83,Qualified
LEAD100548,CUST10553,REP1005,Partner,2025-10-11,69,Nurturing
LEAD100549,CUST10010,REP1016,Event,2026-05-30,88,Qualified
LEAD100550,CUST10157,REP1002,Partner,2025-10-04,82,Qualified
LEAD100551,CUST10551,REP1005,Email,2026-07-17,61,Nurturing
LEAD100552,CUST10477,REP1015,Email,2026-06-15,81,Qualified
LEAD100553,CUST10954,REP1019,Referral,2026-07-25,48,New
LEAD100554,CUST10494,REP1020,Event,2025-11-13,67,Nurturing
LEAD100555,CUST11033,REP1030,Email,2026-08-14,94,Qualified
LEAD100556,CUST10226,REP1026,Event,2026-04-18,26,Low Priority
LEAD100557,CUST10462,REP1012,Email,2026-08-12,48,New
LEAD100558,CUST10908,REP1024,Email,2026-06-12,21,Low Priority
LEAD100559,CUST10149,REP1003,Website,2026-05-28,63,Nurturing
LEAD100560,CUST10386,REP1026,Partner,2025-10-12,83,Qualified
LEAD100561,CUST10903,REP1012,Website,2026-06-10,23,Low Priority
LEAD100562,CUST10707,REP1023,Email,2026-03-13,64,Nurturing
LEAD100563,CUST10934,REP1030,Email,2026-08-06,53,New
LEAD100564,CUST10619,REP1022,Partner,2026-06-07,83,Qualified
LEAD100565,CUST11032,REP1028,Referral,2025-10-28,37,Low Priority
LEAD100566,CUST11053,REP1001,Website,2026-08-21,33,Low Priority
LEAD100567,CUST11170,REP1006,Email,2025-10-23,27,Low Priority
LEAD100568,CUST10147,REP1019,Email,2026-01-18,53,New
LEAD100569,CUST10710,REP1017,Partner,2025-12-19,59,New
LEAD100570,CUST10138,REP1004,Email,2026-09-21,94,Qualified
LEAD100571,CUST10275,REP1022,Email,2025-11-25,57,New
LEAD100572,CUST10361,REP1002,Partner,2026-08-05,33,Low Priority
LEAD100573,CUST10776,REP1030,Website,2025-12-21,76,Nurturing
LEAD100574,CUST10518,REP1005,Event,2026-05-26,24,Low Priority
LEAD100575,CUST11038,REP1014,Partner,2025-11-02,47,New
LEAD100576,CUST10359,REP1025,Email,2026-02-21,72,Nurturing
LEAD100577,CUST10741,REP1016,Event,2026-05-16,40,New
LEAD100578,CUST10916,REP1023,Referral,2026-06-17,68,Nurturing
LEAD100579,CUST11177,REP1022,Email,2026-08-15,56,New
LEAD100580,CUST10295,REP1029,Website,2026-07-25,97,Qualified
LEAD100581,CUST10881,REP1014,Event,2026-04-08,43,New
LEAD100582,CUST10102,REP1030,Website,2026-01-19,93,Qualified
LEAD100583,CUST10653,REP1016,Partner,2026-01-04,70,Nurturing
LEAD100584,CUST10497,REP1027,Referral,2026-09-28,80,Qualified
LEAD100585,CUST11151,REP1022,Website,2026-05-11,33,Low Priority
LEAD100586,CUST10929,REP1004,Partner,2026-08-28,21,Low Priority
LEAD100587,CUST11113,REP1020,Event,2026-03-08,79,Nurturing
LEAD100588,CUST11021,REP1027,Website,2026-03-27,58,New
LEAD100589,CUST10493,REP1004,Referral,2026-07-29,45,New
LEAD100590,CUST10881,REP1026,Website,2026-06-21,92,Qualified
LEAD100591,CUST10037,REP1004,Website,2025-12-13,46,New
LEAD100592,CUST10670,REP1027,Referral,2026-04-10,55,New
LEAD100593,CUST10057,REP1024,Partner,2025-12-17,78,Nurturing
LEAD100594,CUST10870,REP1005,Email,2026-07-05,97,Qualified
LEAD100595,CUST11161,REP1022,Email,2025-10-11,92,Qualified
LEAD100596,CUST10818,REP1004,Email,2026-07-29,72,Nurturing
LEAD100597,CUST11008,REP1018,Email,2026-09-05,28,Low Priority
LEAD100598,CUST10282,REP1028,Referral,2025-10-09,28,Low Priority
LEAD100599,CUST11193,REP1007,Event,2026-05-19,76,Nurturing
LEAD100600,CUST10661,REP1006,Website,2025-10-29,61,Nurturing
LEAD100601,CUST10810,REP1013,Email,2026-02-09,30,Low Priority
LEAD100602,CUST10925,REP1012,Website,2026-01-31,76,Nurturing
LEAD100603,CUST10768,REP1002,Email,2026-04-08,96,Qualified
LEAD100604,CUST10381,REP1014,Website,2026-08-31,25,Low Priority
LEAD100605,CUST10734,REP1008,Referral,2026-03-18,86,Qualified
LEAD100606,CUST10785,REP1004,Referral,2026-02-23,47,New
LEAD100607,CUST11029,REP1009,Email,2025-11-03,52,New
LEAD100608,CUST10578,REP1001,Website,2026-08-20,78,Nurturing
LEAD100609,CUST10603,REP1028,Referral,2026-01-23,39,Low Priority
LEAD100610,CUST10604,REP1030,Referral,2026-03-18,32,Low Priority
LEAD100611,CUST10138,REP1012,Email,2025-11-03,98,Qualified
LEAD100612,CUST10109,REP1027,Event,2026-01-14,48,New
LEAD100613,CUST10025,REP1014,Email,2026-04-20,33,Low Priority
LEAD100614,CUST10800,REP1028,Partner,2026-08-25,75,Nurturing
LEAD100615,CUST10503,REP1006,Referral,2026-01-29,37,Low Priority
LEAD100616,CUST11039,REP1009,Event,2026-04-23,82,Qualified
LEAD100617,CUST10843,REP1023,Website,2026-08-16,25,Low Priority
LEAD100618,CUST10170,REP1007,Website,2026-02-09,61,Nurturing
LEAD100619,CUST10121,REP1025,Referral,2026-01-16,52,New
LEAD100620,CUST10440,REP1013,Referral,2025-10-17,97,Qualified
LEAD100621,CUST11106,REP1013,Partner,2026-08-28,62,Nurturing
LEAD100622,CUST10059,REP1014,Event,2025-11-10,94,Qualified
LEAD100623,CUST10225,REP1024,Email,2025-12-18,40,New
LEAD100624,CUST10036,REP1001,Referral,2025-11-20,58,New
LEAD100625,CUST10497,REP1023,Referral,2026-06-16,85,Qualified
LEAD100626,CUST11188,REP1024,Email,2026-02-11,32,Low Priority
LEAD100627,CUST10821,REP1025,Referral,2026-06-15,95,Qualified
LEAD100628,CUST10593,REP1030,Event,2026-05-10,82,Qualified
LEAD100629,CUST10174,REP1024,Partner,2025-10-06,74,Nurturing
LEAD100630,CUST10427,REP1016,Partner,2026-01-21,39,Low Priority
LEAD100631,CUST10630,REP1014,Event,2025-10-02,86,Qualified
LEAD100632,CUST10330,REP1012,Referral,2025-10-24,88,Qualified
LEAD100633,CUST10847,REP1025,Partner,2026-03-22,43,New
LEAD100634,CUST11177,REP1012,Partner,2026-01-05,67,Nurturing
LEAD100635,CUST10248,REP1018,Referral,2025-11-02,24,Low Priority
LEAD100636,CUST10303,REP1003,Website,2026-02-27,51,New
LEAD100637,CUST10152,REP1010,Referral,2026-03-14,32,Low Priority
LEAD100638,CUST10871,REP1008,Website,2026-09-28,65,Nurturing
LEAD100639,CUST10555,REP1014,Email,2026-05-30,64,Nurturing
LEAD100640,CUST10341,REP1016,Website,2026-02-21,63,Nurturing
LEAD100641,CUST10264,REP1022,Referral,2026-03-22,74,Nurturing
LEAD100642,CUST10085,REP1013,Event,2025-11-02,94,Qualified
LEAD100643,CUST10572,REP1005,Partner,2026-02-19,35,Low Priority
LEAD100644,CUST10820,REP1017,Email,2026-05-01,37,Low Priority
LEAD100645,CUST10283,REP1002,Email,2025-10-08,37,Low Priority
LEAD100646,CUST10002,REP1026,Referral,2026-09-01,95,Qualified
LEAD100647,CUST10568,REP1024,Email,2026-04-07,27,Low Priority
LEAD100648,CUST10811,REP1007,Referral,2026-07-15,22,Low Priority
LEAD100649,CUST10414,REP1008,Email,2026-01-09,32,Low Priority
LEAD100650,CUST10301,REP1001,Email,2026-08-02,82,Qualified
LEAD100651,CUST10186,REP1011,Event,2026-02-11,66,Nurturing
LEAD100652,CUST10896,REP1002,Event,2026-09-04,94,Qualified
LEAD100653,CUST11034,REP1029,Website,2026-04-09,36,Low Priority
LEAD100654,CUST10924,REP1005,Referral,2026-05-21,51,New
LEAD100655,CUST10622,REP1020,Partner,2025-12-14,64,Nurturing
LEAD100656,CUST10869,REP1018,Referral,2026-09-29,25,Low Priority
LEAD100657,CUST10477,REP1008,Email,2025-12-10,94,Qualified
LEAD100658,CUST10030,REP1025,Event,2025-10-13,85,Qualified
LEAD100659,CUST10442,REP1004,Referral,2026-03-10,31,Low Priority
LEAD100660,CUST10845,REP1027,Event,2026-08-01,88,Qualified
LEAD100661,CUST10777,REP1023,Event,2026-09-02,56,New
LEAD100662,CUST11189,REP1020,Event,2026-08-09,47,New
LEAD100663,CUST11197,REP1027,Website,2026-04-20,96,Qualified
LEAD100664,CUST10292,REP1013,Referral,2026-08-31,62,Nurturing
LEAD100665,CUST10012,REP1009,Website,2026-03-29,38,Low Priority
LEAD100666,CUST10330,REP1005,Website,2026-03-24,85,Qualified
LEAD100667,CUST11052,REP1028,Website,2025-12-05,77,Nurturing
LEAD100668,CUST10977,REP1013,Partner,2026-07-15,35,Low Priority
LEAD100669,CUST10119,REP1025,Website,2026-01-24,74,Nurturing
LEAD100670,CUST10193,REP1010,Referral,2025-12-11,70,Nurturing
LEAD100671,CUST10677,REP1029,Event,2026-02-12,42,New
LEAD100672,CUST10793,REP1027,Event,2026-05-09,54,New
LEAD100673,CUST11179,REP1010,Event,2026-01-07,87,Qualified
LEAD100674,CUST10907,REP1015,Website,2026-02-08,34,Low Priority
LEAD100675,CUST10255,REP1024,Email,2026-01-29,78,Nurturing
LEAD100676,CUST10045,REP1007,Email,2026-05-06,87,Qualified
LEAD100677,CUST10761,REP1001,Website,2026-06-18,95,Qualified
LEAD100678,CUST10665,REP1009,Event,2026-06-04,46,New
LEAD100679,CUST11107,REP1018,Partner,2025-11-21,41,New
LEAD100680,CUST10692,REP1005,Event,2026-02-04,95,Qualified
LEAD100681,CUST10602,REP1011,Website,2026-05-25,57,New
LEAD100682,CUST10365,REP1028,Email,2025-12-18,66,Nurturing
LEAD100683,CUST10104,REP1003,Website,2025-10-26,61,Nurturing
LEAD100684,CUST11052,REP1002,Event,2026-01-26,61,Nurturing
LEAD100685,CUST10992,REP1013,Email,2026-06-05,70,Nurturing
LEAD100686,CUST10196,REP1001,Website,2026-05-31,54,New
LEAD100687,CUST10845,REP1001,Referral,2025-11-17,51,New
LEAD100688,CUST10438,REP1006,Referral,2026-06-05,52,New
LEAD100689,CUST10525,REP1004,Website,2025-12-10,73,Nurturing
LEAD100690,CUST11019,REP1025,Website,2026-06-28,86,Qualified
LEAD100691,CUST11011,REP1004,Event,2026-04-25,64,Nurturing
LEAD100692,CUST10229,REP1016,Event,2025-11-16,74,Nurturing
LEAD100693,CUST10370,REP1022,Partner,2026-02-05,53,New
LEAD100694,CUST10986,REP1019,Event,2026-07-26,82,Qualified
LEAD100695,CUST11101,REP1020,Email,2026-03-07,51,New
LEAD100696,CUST10095,REP1011,Website,2026-06-09,54,New
LEAD100697,CUST11001,REP1027,Email,2026-07-01,24,Low Priority
LEAD100698,CUST10588,REP1003,Website,2025-10-12,41,New
LEAD100699,CUST10709,REP1004,Event,2026-09-05,79,Nurturing
LEAD100700,CUST10091,REP1026,Referral,2026-01-31,27,Low Priority
LEAD100701,CUST10817,REP1003,Website,2026-07-17,38,Low Priority
LEAD100702,CUST10814,REP1006,Referral,2026-03-20,82,Qualified
LEAD100703,CUST10796,REP1006,Email,2026-04-29,90,Qualified
LEAD100704,CUST10949,REP1001,Event,2026-02-09,53,New
LEAD100705,CUST11136,REP1004,Partner,2026-08-08,52,New
LEAD100706,CUST11020,REP1018,Website,2025-11-12,61,Nurturing
LEAD100707,CUST10894,REP1020,Event,2026-08-24,82,Qualified
LEAD100708,CUST11178,REP1003,Email,2025-12-15,58,New
LEAD100709,CUST10810,REP1029,Partner,2026-08-19,34,Low Priority
LEAD100710,CUST10807,REP1003,Partner,2025-10-09,54,New
LEAD100711,CUST10651,REP1021,Event,2025-10-06,40,New
LEAD100712,CUST10923,REP1025,Referral,2025-11-03,75,Nurturing
LEAD100713,CUST10086,REP1016,Website,2026-04-18,31,Low Priority
LEAD100714,CUST10607,REP1015,Website,2026-01-06,69,Nurturing
LEAD100715,CUST10511,REP1004,Email,2026-05-07,30,Low Priority
LEAD100716,CUST11096,REP1008,Event,2026-07-27,98,Qualified
LEAD100717,CUST10088,REP1026,Email,2025-10-10,71,Nurturing
LEAD100718,CUST10773,REP1011,Email,2026-04-11,31,Low Priority
LEAD100719,CUST10222,REP1002,Referral,2026-06-27,97,Qualified
LEAD100720,CUST11061,REP1022,Partner,2026-03-04,66,Nurturing
LEAD100721,CUST11023,REP1021,Website,2026-09-03,69,Nurturing
LEAD100722,CUST10283,REP1002,Referral,2026-05-30,25,Low Priority
LEAD100723,CUST11047,REP1002,Email,2025-10-13,35,Low Priority
LEAD100724,CUST10597,REP1004,Event,2026-04-16,85,Qualified
LEAD100725,CUST11166,REP1002,Event,2026-02-18,57,New
LEAD100726,CUST10876,REP1019,Event,2025-11-18,69,Nurturing
LEAD100727,CUST10042,REP1004,Website,2026-09-12,99,Qualified
LEAD100728,CUST10244,REP1019,Event,2025-12-21,54,New
LEAD100729,CUST10485,REP1006,Referral,2025-10-31,50,New
LEAD100730,CUST10254,REP1030,Email,2025-12-21,84,Qualified
LEAD100731,CUST10159,REP1022,Event,2026-07-28,25,Low Priority
LEAD100732,CUST11174,REP1012,Event,2026-05-07,56,New
LEAD100733,CUST11043,REP1013,Email,2026-07-27,89,Qualified
LEAD100734,CUST10522,REP1002,Referral,2026-03-18,38,Low Priority
LEAD100735,CUST10259,REP1002,Partner,2025-11-12,44,New
LEAD100736,CUST10219,REP1017,Email,2026-02-19,58,New
LEAD100737,CUST11099,REP1001,Partner,2025-12-12,26,Low Priority
LEAD100738,CUST10398,REP1020,Partner,2026-04-22,25,Low Priority
LEAD100739,CUST10016,REP1012,Partner,2026-01-07,40,New
LEAD100740,CUST10477,REP1005,Partner,2026-09-20,92,Qualified
LEAD100741,CUST10546,REP1017,Website,2026-02-15,37,Low Priority
LEAD100742,CUST10748,REP1017,Event,2026-01-23,79,Nurturing
LEAD100743,CUST10407,REP1023,Website,2026-09-25,54,New
LEAD100744,CUST11108,REP1006,Event,2026-04-08,81,Qualified
LEAD100745,CUST10773,REP1017,Website,2025-12-02,46,New
LEAD100746,CUST11184,REP1026,Partner,2026-03-25,90,Qualified
LEAD100747,CUST10441,REP1009,Partner,2026-01-01,50,New
LEAD100748,CUST10783,REP1026,Partner,2026-06-19,84,Qualified
LEAD100749,CUST10439,REP1022,Partner,2026-04-28,87,Qualified
LEAD100750,CUST10840,REP1013,Event,2026-06-24,54,New
LEAD100751,CUST10895,REP1027,Website,2026-09-09,74,Nurturing
LEAD100752,CUST10387,REP1030,Event,2026-06-24,29,Low Priority
LEAD100753,CUST11126,REP1008,Email,2026-02-02,60,Nurturing
LEAD100754,CUST11029,REP1030,Email,2025-12-13,50,New
LEAD100755,CUST11074,REP1001,Website,2026-04-12,97,Qualified
LEAD100756,CUST10262,REP1004,Website,2026-03-13,95,Qualified
LEAD100757,CUST10862,REP1002,Referral,2026-01-23,83,Qualified
LEAD100758,CUST10128,REP1012,Referral,2026-07-24,96,Qualified
LEAD100759,CUST10127,REP1029,Email,2026-08-28,99,Qualified
LEAD100760,CUST11168,REP1019,Event,2026-02-17,82,Qualified
LEAD100761,CUST10184,REP1019,Partner,2026-06-06,68,Nurturing
LEAD100762,CUST11037,REP1003,Email,2026-09-25,36,Low Priority
LEAD100763,CUST10517,REP1016,Website,2025-10-05,86,Qualified
LEAD100764,CUST10365,REP1012,Email,2026-02-11,35,Low Priority
LEAD100765,CUST10089,REP1015,Website,2026-06-27,35,Low Priority
LEAD100766,CUST10811,REP1008,Email,2026-03-31,91,Qualified
LEAD100767,CUST10866,REP1007,Referral,2026-07-17,29,Low Priority
LEAD100768,CUST10561,REP1029,Partner,2026-03-23,31,Low Priority
LEAD100769,CUST10972,REP1017,Referral,2025-10-24,61,Nurturing
LEAD100770,CUST10388,REP1013,Partner,2026-03-08,67,Nurturing
LEAD100771,CUST10663,REP1003,Event,2026-02-25,23,Low Priority
LEAD100772,CUST10345,REP1023,Event,2026-08-05,50,New
LEAD100773,CUST10699,REP1015,Referral,2025-11-23,38,Low Priority
LEAD100774,CUST10164,REP1012,Referral,2025-11-26,44,New
LEAD100775,CUST10572,REP1021,Partner,2025-11-21,34,Low Priority
LEAD100776,CUST10660,REP1004,Email,2026-04-26,74,Nurturing
LEAD100777,CUST10668,REP1016,Website,2026-09-29,58,New
LEAD100778,CUST10536,REP1026,Email,2026-05-14,97,Qualified
LEAD100779,CUST10773,REP1014,Event,2026-07-25,20,Low Priority
LEAD100780,CUST10615,REP1001,Event,2026-08-07,82,Qualified
LEAD100781,CUST10340,REP1007,Partner,2026-05-08,93,Qualified
LEAD100782,CUST10259,REP1002,Referral,2026-05-11,59,New
LEAD100783,CUST10778,REP1016,Referral,2025-12-28,76,Nurturing
LEAD100784,CUST11127,REP1011,Email,2026-09-16,55,New
LEAD100785,CUST10904,REP1004,Partner,2026-07-15,68,Nurturing
LEAD100786,CUST10767,REP1021,Website,2026-08-15,93,Qualified
LEAD100787,CUST11106,REP1006,Email,2026-09-25,62,Nurturing
LEAD100788,CUST11080,REP1011,Website,2026-02-05,66,Nurturing
LEAD100789,CUST10608,REP1030,Event,2025-11-22,99,Qualified
LEAD100790,CUST10132,REP1002,Partner,2026-08-10,60,Nurturing
LEAD100791,CUST10762,REP1008,Referral,2026-03-22,34,Low Priority
LEAD100792,CUST10748,REP1010,Website,2026-09-15,75,Nurturing
LEAD100793,CUST10333,REP1016,Website,2026-06-11,76,Nurturing
LEAD100794,CUST11020,REP1008,Event,2026-01-02,39,Low Priority
LEAD100795,CUST11044,REP1030,Partner,2026-02-07,79,Nurturing
LEAD100796,CUST10398,REP1001,Event,2026-05-11,25,Low Priority
LEAD100797,CUST10573,REP1029,Event,2026-02-21,45,New
LEAD100798,CUST10235,REP1017,Website,2026-01-11,89,Qualified
LEAD100799,CUST10215,REP1002,Referral,2025-12-16,70,Nurturing
LEAD100800,CUST10319,REP1004,Event,2026-05-26,69,Nurturing
LEAD100801,CUST10439,REP1004,Partner,2025-10-13,70,Nurturing
LEAD100802,CUST10328,REP1009,Partner,2025-11-04,33,Low Priority
LEAD100803,CUST10182,REP1010,Partner,2025-10-16,97,Qualified
LEAD100804,CUST10537,REP1020,Email,2026-06-25,44,New
LEAD100805,CUST10749,REP1010,Event,2025-10-11,83,Qualified
LEAD100806,CUST10392,REP1022,Event,2026-03-03,100,Qualified
LEAD100807,CUST10641,REP1009,Email,2025-11-14,39,Low Priority
LEAD100808,CUST10326,REP1008,Partner,2026-05-03,71,Nurturing
LEAD100809,CUST10845,REP1009,Referral,2025-10-13,23,Low Priority
LEAD100810,CUST10779,REP1010,Website,2025-10-10,71,Nurturing
LEAD100811,CUST11153,REP1026,Email,2026-02-28,55,New
LEAD100812,CUST10064,REP1008,Website,2026-06-11,25,Low Priority
LEAD100813,CUST11024,REP1009,Email,2025-11-10,74,Nurturing
LEAD100814,CUST10409,REP1029,Partner,2026-03-31,98,Qualified
LEAD100815,CUST10080,REP1020,Email,2026-07-23,26,Low Priority
LEAD100816,CUST10828,REP1006,Event,2026-05-17,92,Qualified
LEAD100817,CUST10207,REP1027,Partner,2026-07-01,88,Qualified
LEAD100818,CUST10212,REP1006,Partner,2026-01-24,64,Nurturing
LEAD100819,CUST11176,REP1005,Partner,2026-09-09,93,Qualified
LEAD100820,CUST10266,REP1014,Referral,2025-11-23,45,New
LEAD100821,CUST10657,REP1021,Website,2026-05-09,78,Nurturing
LEAD100822,CUST10241,REP1006,Website,2026-03-08,76,Nurturing
LEAD100823,CUST10149,REP1023,Email,2025-10-12,67,Nurturing
LEAD100824,CUST10002,REP1005,Event,2026-09-10,87,Qualified
LEAD100825,CUST10020,REP1024,Website,2026-06-14,90,Qualified
LEAD100826,CUST10569,REP1003,Referral,2025-12-23,83,Qualified
LEAD100827,CUST10521,REP1014,Email,2025-10-20,67,Nurturing
LEAD100828,CUST10047,REP1020,Email,2026-06-04,99,Qualified
LEAD100829,CUST10420,REP1008,Email,2026-04-17,65,Nurturing
LEAD100830,CUST10328,REP1019,Email,2025-10-19,71,Nurturing
LEAD100831,CUST10686,REP1021,Website,2026-09-25,35,Low Priority
LEAD100832,CUST11194,REP1020,Referral,2026-06-20,46,New
LEAD100833,CUST10830,REP1012,Partner,2026-03-18,93,Qualified
LEAD100834,CUST11103,REP1024,Website,2025-12-27,60,Nurturing
LEAD100835,CUST10231,REP1022,Referral,2026-01-07,61,Nurturing
LEAD100836,CUST10259,REP1010,Referral,2026-03-14,86,Qualified
LEAD100837,CUST10901,REP1023,Event,2025-10-21,46,New
LEAD100838,CUST10373,REP1028,Referral,2026-02-12,41,New
LEAD100839,CUST11019,REP1025,Event,2025-12-19,20,Low Priority
LEAD100840,CUST10557,REP1022,Email,2025-11-11,38,Low Priority
LEAD100841,CUST10241,REP1023,Email,2025-11-15,61,Nurturing
LEAD100842,CUST11014,REP1025,Event,2026-02-04,78,Nurturing
LEAD100843,CUST10661,REP1009,Event,2026-02-17,46,New
LEAD100844,CUST10964,REP1022,Referral,2026-02-05,55,New
LEAD100845,CUST10543,REP1006,Partner,2026-06-09,37,Low Priority
LEAD100846,CUST10152,REP1011,Partner,2026-04-09,86,Qualified
LEAD100847,CUST10818,REP1029,Event,2025-12-10,62,Nurturing
LEAD100848,CUST10150,REP1009,Website,2026-09-20,31,Low Priority
LEAD100849,CUST10796,REP1026,Partner,2026-06-24,69,Nurturing
LEAD100850,CUST10501,REP1013,Referral,2026-03-21,47,New
LEAD100851,CUST10950,REP1007,Referral,2025-10-18,90,Qualified
LEAD100852,CUST11045,REP1003,Email,2026-08-30,41,New
LEAD100853,CUST10489,REP1017,Referral,2026-06-29,90,Qualified
LEAD100854,CUST11059,REP1014,Email,2026-03-18,76,Nurturing
LEAD100855,CUST10134,REP1016,Event,2025-11-29,30,Low Priority
LEAD100856,CUST10129,REP1002,Email,2025-11-09,81,Qualified
LEAD100857,CUST11193,REP1009,Website,2026-01-14,78,Nurturing
LEAD100858,CUST10690,REP1001,Website,2025-12-24,56,New
LEAD100859,CUST10541,REP1010,Partner,2025-12-16,33,Low Priority
LEAD100860,CUST10187,REP1028,Partner,2026-02-26,58,New
LEAD100861,CUST10347,REP1005,Email,2025-10-18,69,Nurturing
LEAD100862,CUST10824,REP1021,Partner,2026-01-27,30,Low Priority
LEAD100863,CUST10987,REP1001,Website,2026-08-14,47,New
LEAD100864,CUST11100,REP1017,Event,2026-08-13,76,Nurturing
LEAD100865,CUST10490,REP1028,Event,2025-10-04,64,Nurturing
LEAD100866,CUST10546,REP1011,Email,2026-06-05,100,Qualified
LEAD100867,CUST10196,REP1006,Email,2026-09-27,37,Low Priority
LEAD100868,CUST10100,REP1018,Event,2026-04-30,83,Qualified
LEAD100869,CUST10526,REP1009,Partner,2026-02-20,54,New
LEAD100870,CUST10696,REP1027,Website,2026-03-29,38,Low Priority
LEAD100871,CUST10126,REP1026,Email,2025-12-17,97,Qualified
LEAD100872,CUST10491,REP1020,Partner,2026-02-23,70,Nurturing
LEAD100873,CUST10770,REP1020,Email,2026-09-07,63,Nurturing
LEAD100874,CUST10974,REP1019,Email,2026-05-12,43,New
LEAD100875,CUST11127,REP1023,Partner,2026-03-07,91,Qualified
LEAD100876,CUST10409,REP1014,Referral,2025-11-15,22,Low Priority
LEAD100877,CUST10471,REP1030,Partner,2026-08-27,29,Low Priority
LEAD100878,CUST11050,REP1011,Email,2025-11-29,34,Low Priority
LEAD100879,CUST10832,REP1001,Email,2026-06-21,72,Nurturing
LEAD100880,CUST10329,REP1021,Partner,2026-01-19,28,Low Priority
LEAD100881,CUST10823,REP1020,Partner,2026-01-10,84,Qualified
LEAD100882,CUST10190,REP1030,Event,2025-12-02,35,Low Priority
LEAD100883,CUST10539,REP1012,Referral,2026-02-14,74,Nurturing
LEAD100884,CUST10368,REP1013,Website,2026-06-05,84,Qualified
LEAD100885,CUST11192,REP1017,Email,2026-03-02,91,Qualified
LEAD100886,CUST10042,REP1012,Event,2025-10-10,43,New
LEAD100887,CUST11029,REP1024,Email,2026-01-05,26,Low Priority
LEAD100888,CUST10338,REP1013,Partner,2025-11-28,81,Qualified
LEAD100889,CUST10044,REP1024,Referral,2026-02-24,56,New
LEAD100890,CUST10793,REP1013,Partner,2026-08-26,96,Qualified
LEAD100891,CUST10814,REP1007,Website,2026-09-17,35,Low Priority
LEAD100892,CUST10171,REP1030,Partner,2026-09-30,66,Nurturing
LEAD100893,CUST10046,REP1016,Referral,2025-11-11,29,Low Priority
LEAD100894,CUST10134,REP1022,Referral,2026-03-27,59,New
LEAD100895,CUST10491,REP1018,Partner,2025-10-17,20,Low Priority
LEAD100896,CUST10159,REP1011,Event,2026-03-30,80,Qualified
LEAD100897,CUST10844,REP1030,Referral,2026-04-29,68,Nurturing
LEAD100898,CUST10094,REP1012,Event,2026-07-10,27,Low Priority
LEAD100899,CUST10947,REP1030,Partner,2026-01-31,60,Nurturing
LEAD100900,CUST11050,REP1013,Event,2025-10-14,54,New
LEAD100901,CUST10861,REP1001,Referral,2026-03-15,74,Nurturing
LEAD100902,CUST11133,REP1002,Event,2026-03-05,60,Nurturing
LEAD100903,CUST11128,REP1030,Email,2026-05-16,57,New
LEAD100904,CUST10056,REP1016,Email,2025-11-06,87,Qualified
LEAD100905,CUST10411,REP1012,Partner,2026-05-12,62,Nurturing
LEAD100906,CUST10913,REP1025,Partner,2026-02-24,85,Qualified
LEAD100907,CUST10408,REP1019,Partner,2026-06-27,91,Qualified
LEAD100908,CUST10885,REP1020,Event,2026-09-25,88,Qualified
LEAD100909,CUST10930,REP1021,Email,2025-12-23,97,Qualified
LEAD100910,CUST11197,REP1006,Website,2026-07-03,76,Nurturing
LEAD100911,CUST10396,REP1003,Email,2025-11-16,65,Nurturing
LEAD100912,CUST10418,REP1022,Event,2026-09-25,62,Nurturing
LEAD100913,CUST10030,REP1001,Email,2026-03-25,36,Low Priority
LEAD100914,CUST10343,REP1022,Partner,2026-06-30,87,Qualified
LEAD100915,CUST10337,REP1004,Referral,2026-07-11,76,Nurturing
LEAD100916,CUST10544,REP1008,Email,2026-05-10,90,Qualified
LEAD100917,CUST10506,REP1022,Email,2026-02-18,76,Nurturing
LEAD100918,CUST11028,REP1019,Referral,2026-07-03,58,New
LEAD100919,CUST10929,REP1024,Partner,2026-03-23,43,New
LEAD100920,CUST10875,REP1019,Referral,2026-05-29,99,Qualified
LEAD100921,CUST10007,REP1002,Website,2026-05-12,79,Nurturing
LEAD100922,CUST10566,REP1026,Website,2026-03-19,90,Qualified
LEAD100923,CUST10876,REP1007,Website,2025-11-12,67,Nurturing
LEAD100924,CUST10294,REP1005,Partner,2026-01-15,61,Nurturing
LEAD100925,CUST10510,REP1027,Partner,2026-09-08,22,Low Priority
LEAD100926,CUST10873,REP1006,Partner,2026-04-08,25,Low Priority
LEAD100927,CUST10954,REP1017,Event,2026-05-21,77,Nurturing
LEAD100928,CUST11026,REP1015,Referral,2026-01-03,38,Low Priority
LEAD100929,CUST10516,REP1024,Referral,2026-06-15,26,Low Priority
LEAD100930,CUST10480,REP1002,Referral,2026-03-27,82,Qualified
LEAD100931,CUST10460,REP1004,Referral,2025-12-19,70,Nurturing
LEAD100932,CUST10803,REP1013,Partner,2025-11-23,29,Low Priority
LEAD100933,CUST10504,REP1015,Referral,2026-02-22,60,Nurturing
LEAD100934,CUST10481,REP1024,Referral,2026-04-25,58,New
LEAD100935,CUST10202,REP1019,Email,2026-01-11,20,Low Priority
LEAD100936,CUST10575,REP1005,Event,2025-12-29,68,Nurturing
LEAD100937,CUST10285,REP1030,Referral,2026-01-07,52,New
LEAD100938,CUST10630,REP1014,Website,2026-01-16,91,Qualified
LEAD100939,CUST11067,REP1029,Referral,2026-06-27,29,Low Priority
LEAD100940,CUST10931,REP1030,Partner,2026-04-01,88,Qualified
LEAD100941,CUST10574,REP1002,Event,2026-03-21,20,Low Priority
LEAD100942,CUST11174,REP1016,Website,2025-11-29,81,Qualified
LEAD100943,CUST11177,REP1013,Website,2026-04-17,83,Qualified
LEAD100944,CUST10534,REP1015,Partner,2026-09-17,53,New
LEAD100945,CUST10917,REP1010,Event,2026-06-30,42,New
LEAD100946,CUST10411,REP1017,Partner,2026-03-13,31,Low Priority
LEAD100947,CUST11055,REP1015,Event,2026-01-21,47,New
LEAD100948,CUST10449,REP1006,Email,2026-02-06,74,Nurturing
LEAD100949,CUST10310,REP1009,Website,2025-10-10,78,Nurturing
LEAD100950,CUST10161,REP1005,Partner,2025-10-11,34,Low Priority
LEAD100951,CUST11012,REP1026,Email,2026-07-11,20,Low Priority
LEAD100952,CUST10357,REP1021,Partner,2026-08-04,65,Nurturing
LEAD100953,CUST10976,REP1012,Website,2026-09-19,67,Nurturing
LEAD100954,CUST10104,REP1012,Website,2026-05-17,99,Qualified
LEAD100955,CUST10602,REP1003,Email,2026-09-05,81,Qualified
LEAD100956,CUST10514,REP1009,Partner,2026-03-01,64,Nurturing
LEAD100957,CUST10527,REP1028,Partner,2026-01-01,67,Nurturing
LEAD100958,CUST10201,REP1001,Referral,2025-12-29,72,Nurturing
LEAD100959,CUST10089,REP1005,Referral,2025-12-26,56,New
LEAD100960,CUST10416,REP1026,Email,2026-06-29,74,Nurturing
LEAD100961,CUST10565,REP1016,Website,2025-10-04,35,Low Priority
LEAD100962,CUST10953,REP1001,Partner,2026-09-11,87,Qualified
LEAD100963,CUST10555,REP1015,Referral,2026-07-10,89,Qualified
LEAD100964,CUST10296,REP1023,Email,2026-02-16,55,New
LEAD100965,CUST10315,REP1011,Email,2026-06-14,56,New
LEAD100966,CUST10735,REP1012,Partner,2025-11-19,60,Nurturing
LEAD100967,CUST10523,REP1019,Referral,2026-03-07,86,Qualified
LEAD100968,CUST11082,REP1018,Referral,2025-11-09,34,Low Priority
LEAD100969,CUST10528,REP1028,Referral,2025-11-10,47,New
LEAD100970,CUST10681,REP1008,Referral,2025-10-03,69,Nurturing
LEAD100971,CUST10077,REP1009,Email,2026-07-18,76,Nurturing
LEAD100972,CUST10233,REP1005,Website,2026-06-29,43,New
LEAD100973,CUST11021,REP1020,Website,2026-08-22,29,Low Priority
LEAD100974,CUST10414,REP1017,Partner,2026-09-24,61,Nurturing
LEAD100975,CUST10506,REP1011,Referral,2026-09-18,71,Nurturing
LEAD100976,CUST10709,REP1021,Event,2026-09-28,82,Qualified
LEAD100977,CUST10070,REP1012,Email,2025-10-06,20,Low Priority
LEAD100978,CUST10608,REP1006,Email,2026-07-14,21,Low Priority
LEAD100979,CUST10416,REP1017,Partner,2026-06-21,51,New
LEAD100980,CUST10179,REP1014,Partner,2025-11-29,65,Nurturing
LEAD100981,CUST10503,REP1013,Partner,2025-11-19,20,Low Priority
LEAD100982,CUST10537,REP1014,Website,2026-09-22,34,Low Priority
LEAD100983,CUST10224,REP1028,Partner,2026-08-19,53,New
LEAD100984,CUST10652,REP1007,Event,2026-01-28,42,New
LEAD100985,CUST10896,REP1009,Referral,2025-10-28,77,Nurturing
LEAD100986,CUST10321,REP1017,Website,2026-01-30,22,Low Priority
LEAD100987,CUST11160,REP1002,Partner,2025-10-02,91,Qualified
LEAD100988,CUST10735,REP1005,Referral,2026-06-08,33,Low Priority
LEAD100989,CUST10928,REP1017,Email,2026-02-16,55,New
LEAD100990,CUST10085,REP1016,Event,2025-10-18,99,Qualified
LEAD100991,CUST10921,REP1020,Event,2026-09-23,73,Nurturing
LEAD100992,CUST10404,REP1004,Referral,2026-07-29,100,Qualified
LEAD100993,CUST10853,REP1026,Event,2026-08-27,21,Low Priority
LEAD100994,CUST10966,REP1015,Website,2026-09-30,78,Nurturing
LEAD100995,CUST10301,REP1005,Referral,2025-10-06,26,Low Priority
LEAD100996,CUST10312,REP1010,Referral,2026-07-10,69,Nurturing
LEAD100997,CUST10072,REP1007,Event,2026-07-15,46,New
LEAD100998,CUST10727,REP1014,Email,2026-07-13,82,Qualified
LEAD100999,CUST10929,REP1015,Referral,2026-01-05,30,Low Priority
LEAD101000,CUST10493,REP1014,Website,2026-02-20,92,Qualified
LEAD101001,CUST10194,REP1014,Email,2026-09-05,58,New
LEAD101002,CUST10380,REP1028,Email,2025-10-25,62,Nurturing
LEAD101003,CUST10484,REP1029,Event,2026-05-22,66,Nurturing
LEAD101004,CUST11100,REP1015,Partner,2026-07-17,22,Low Priority
LEAD101005,CUST10149,REP1029,Website,2026-07-19,45,New
LEAD101006,CUST10412,REP1025,Referral,2026-05-06,77,Nurturing
LEAD101007,CUST10766,REP1025,Email,2026-07-07,97,Qualified
LEAD101008,CUST10285,REP1007,Referral,2026-08-28,99,Qualified
LEAD101009,CUST11062,REP1014,Website,2026-07-07,63,Nurturing
LEAD101010,CUST11092,REP1011,Event,2025-11-12,40,New
LEAD101011,CUST10457,REP1003,Partner,2025-12-29,58,New
LEAD101012,CUST10896,REP1003,Referral,2026-01-20,57,New
LEAD101013,CUST10908,REP1019,Partner,2026-02-03,52,New
LEAD101014,CUST10819,REP1013,Email,2026-02-09,49,New
LEAD101015,CUST10224,REP1025,Website,2025-12-20,90,Qualified
LEAD101016,CUST10060,REP1021,Partner,2026-06-07,51,New
LEAD101017,CUST10417,REP1003,Referral,2025-11-10,22,Low Priority
LEAD101018,CUST10158,REP1026,Website,2026-07-15,78,Nurturing
LEAD101019,CUST10351,REP1015,Website,2026-05-29,73,Nurturing
LEAD101020,CUST10767,REP1017,Partner,2026-09-16,50,New
LEAD101021,CUST10707,REP1029,Partner,2025-10-03,71,Nurturing
LEAD101022,CUST10252,REP1020,Partner,2026-01-16,96,Qualified
LEAD101023,CUST10022,REP1001,Email,2026-08-24,94,Qualified
LEAD101024,CUST10271,REP1006,Partner,2026-03-30,83,Qualified
LEAD101025,CUST10546,REP1013,Partner,2026-04-23,67,Nurturing
LEAD101026,CUST10935,REP1002,Event,2025-10-11,22,Low Priority
LEAD101027,CUST10439,REP1006,Email,2026-07-06,61,Nurturing
LEAD101028,CUST10344,REP1024,Event,2026-01-01,86,Qualified
LEAD101029,CUST10662,REP1005,Referral,2026-09-17,88,Qualified
LEAD101030,CUST10086,REP1006,Email,2026-02-14,82,Qualified
LEAD101031,CUST10271,REP1016,Email,2025-12-08,99,Qualified
LEAD101032,CUST10044,REP1003,Partner,2026-05-05,61,Nurturing
LEAD101033,CUST10631,REP1008,Website,2026-03-24,28,Low Priority
LEAD101034,CUST10532,REP1029,Partner,2026-03-21,60,Nurturing
LEAD101035,CUST10700,REP1019,Event,2026-09-12,45,New
LEAD101036,CUST10741,REP1029,Email,2026-02-11,87,Qualified
LEAD101037,CUST10475,REP1011,Website,2026-02-23,82,Qualified
LEAD101038,CUST11043,REP1019,Referral,2026-05-16,54,New
LEAD101039,CUST11102,REP1008,Partner,2025-12-02,51,New
LEAD101040,CUST10133,REP1012,Event,2026-07-30,32,Low Priority
LEAD101041,CUST11105,REP1006,Partner,2025-12-23,23,Low Priority
LEAD101042,CUST10237,REP1025,Event,2025-12-28,45,New
LEAD101043,CUST10299,REP1006,Email,2025-10-04,39,Low Priority
LEAD101044,CUST10636,REP1007,Referral,2026-02-03,41,New
LEAD101045,CUST10036,REP1014,Website,2026-05-01,100,Qualified
LEAD101046,CUST10437,REP1013,Event,2026-06-15,75,Nurturing
LEAD101047,CUST10234,REP1010,Partner,2026-08-24,64,Nurturing
LEAD101048,CUST10580,REP1011,Event,2026-07-11,34,Low Priority
LEAD101049,CUST10978,REP1009,Event,2026-01-26,88,Qualified
LEAD101050,CUST11109,REP1028,Partner,2026-07-29,72,Nurturing
LEAD101051,CUST10255,REP1018,Website,2025-12-11,61,Nurturing
LEAD101052,CUST10654,REP1028,Event,2025-12-16,57,New
LEAD101053,CUST10570,REP1030,Partner,2026-02-08,64,Nurturing
LEAD101054,CUST10499,REP1020,Website,2026-04-15,88,Qualified
LEAD101055,CUST10760,REP1025,Partner,2025-12-14,78,Nurturing
LEAD101056,CUST11188,REP1004,Website,2026-08-25,59,New
LEAD101057,CUST10487,REP1029,Referral,2026-01-07,74,Nurturing
LEAD101058,CUST10079,REP1015,Referral,2026-02-21,95,Qualified
LEAD101059,CUST11100,REP1022,Partner,2026-05-09,46,New
LEAD101060,CUST11119,REP1008,Partner,2026-03-06,92,Qualified
LEAD101061,CUST10387,REP1003,Event,2026-02-25,69,Nurturing
LEAD101062,CUST10602,REP1027,Referral,2026-09-25,35,Low Priority
LEAD101063,CUST11036,REP1014,Email,2026-03-09,98,Qualified
LEAD101064,CUST10605,REP1005,Event,2025-11-11,75,Nurturing
LEAD101065,CUST10578,REP1020,Email,2026-06-24,51,New
LEAD101066,CUST11107,REP1002,Referral,2026-06-15,37,Low Priority
LEAD101067,CUST10995,REP1014,Email,2025-12-19,94,Qualified
LEAD101068,CUST10609,REP1022,Referral,2026-08-07,86,Qualified
LEAD101069,CUST10194,REP1022,Partner,2026-02-21,23,Low Priority
LEAD101070,CUST10527,REP1014,Email,2025-11-25,71,Nurturing
LEAD101071,CUST10812,REP1012,Referral,2025-12-02,29,Low Priority
LEAD101072,CUST10327,REP1026,Website,2026-06-18,43,New
LEAD101073,CUST10645,REP1006,Event,2025-12-18,66,Nurturing
LEAD101074,CUST10791,REP1003,Email,2026-03-21,40,New
LEAD101075,CUST10103,REP1005,Website,2026-06-25,61,Nurturing
LEAD101076,CUST10684,REP1025,Referral,2026-08-08,54,New
LEAD101077,CUST10886,REP1015,Referral,2026-03-28,67,Nurturing
LEAD101078,CUST10258,REP1002,Event,2026-08-28,84,Qualified
LEAD101079,CUST10659,REP1006,Event,2026-01-19,32,Low Priority
LEAD101080,CUST10852,REP1001,Email,2026-08-15,84,Qualified
LEAD101081,CUST10054,REP1025,Partner,2025-12-31,38,Low Priority
LEAD101082,CUST10773,REP1014,Website,2025-10-24,22,Low Priority
LEAD101083,CUST10312,REP1003,Referral,2026-06-22,56,New
LEAD101084,CUST10477,REP1007,Website,2026-07-04,44,New
LEAD101085,CUST10778,REP1019,Email,2026-09-04,34,Low Priority
LEAD101086,CUST10006,REP1018,Website,2026-09-02,54,New
LEAD101087,CUST10021,REP1025,Email,2025-11-07,90,Qualified
LEAD101088,CUST10536,REP1001,Event,2026-05-15,67,Nurturing
LEAD101089,CUST11140,REP1003,Referral,2026-06-15,78,Nurturing
LEAD101090,CUST10008,REP1002,Email,2026-05-08,32,Low Priority
LEAD101091,CUST10947,REP1012,Event,2025-10-07,26,Low Priority
LEAD101092,CUST10090,REP1022,Partner,2025-10-17,47,New
LEAD101093,CUST10587,REP1020,Partner,2026-06-02,82,Qualified
LEAD101094,CUST10517,REP1007,Referral,2026-08-09,91,Qualified
LEAD101095,CUST10562,REP1020,Partner,2025-12-05,28,Low Priority
LEAD101096,CUST10099,REP1020,Event,2025-10-17,58,New
LEAD101097,CUST10905,REP1006,Email,2026-02-25,52,New
LEAD101098,CUST10331,REP1023,Referral,2026-01-23,80,Qualified
LEAD101099,CUST10926,REP1013,Partner,2026-09-24,36,Low Priority
LEAD101100,CUST10787,REP1002,Email,2026-09-03,59,New
LEAD101101,CUST10662,REP1012,Website,2026-04-22,88,Qualified
LEAD101102,CUST10371,REP1024,Email,2026-09-12,57,New
LEAD101103,CUST10783,REP1021,Referral,2025-12-23,83,Qualified
LEAD101104,CUST11198,REP1009,Referral,2026-09-28,70,Nurturing
LEAD101105,CUST11108,REP1023,Partner,2026-03-13,68,Nurturing
LEAD101106,CUST11100,REP1012,Partner,2026-03-23,41,New
LEAD101107,CUST10264,REP1014,Event,2025-10-19,100,Qualified
LEAD101108,CUST10703,REP1003,Referral,2025-12-04,40,New
LEAD101109,CUST10478,REP1030,Referral,2025-12-10,95,Qualified
LEAD101110,CUST11161,REP1026,Referral,2026-03-28,100,Qualified
LEAD101111,CUST11141,REP1006,Event,2025-12-09,61,Nurturing
LEAD101112,CUST11042,REP1017,Event,2025-11-07,90,Qualified
LEAD101113,CUST10196,REP1024,Partner,2026-05-09,77,Nurturing
LEAD101114,CUST10383,REP1016,Email,2026-08-15,79,Nurturing
LEAD101115,CUST10854,REP1007,Event,2025-10-26,25,Low Priority
LEAD101116,CUST10900,REP1030,Event,2026-04-23,31,Low Priority
LEAD101117,CUST10421,REP1009,Email,2026-09-16,25,Low Priority
LEAD101118,CUST10165,REP1011,Partner,2026-02-25,22,Low Priority
LEAD101119,CUST10165,REP1012,Event,2025-12-06,87,Qualified
LEAD101120,CUST10822,REP1027,Referral,2025-10-30,34,Low Priority
LEAD101121,CUST10546,REP1016,Referral,2026-09-07,20,Low Priority
LEAD101122,CUST10590,REP1022,Email,2026-02-25,95,Qualified
LEAD101123,CUST10979,REP1028,Website,2025-11-08,42,New
LEAD101124,CUST10021,REP1028,Partner,2026-08-13,86,Qualified
LEAD101125,CUST10906,REP1026,Event,2026-07-20,97,Qualified
LEAD101126,CUST10330,REP1028,Website,2026-06-14,62,Nurturing
LEAD101127,CUST11118,REP1029,Event,2025-10-31,95,Qualified
LEAD101128,CUST11147,REP1030,Partner,2025-10-31,98,Qualified
LEAD101129,CUST10603,REP1020,Event,2025-12-19,31,Low Priority
LEAD101130,CUST10379,REP1004,Email,2025-11-28,31,Low Priority
LEAD101131,CUST10280,REP1004,Website,2026-04-13,49,New
LEAD101132,CUST10218,REP1024,Email,2026-02-21,65,Nurturing
LEAD101133,CUST11200,REP1010,Website,2026-07-07,83,Qualified
LEAD101134,CUST10226,REP1025,Referral,2025-11-07,34,Low Priority
LEAD101135,CUST10536,REP1029,Event,2026-06-23,35,Low Priority
LEAD101136,CUST10576,REP1020,Event,2026-09-06,44,New
LEAD101137,CUST10816,REP1023,Website,2025-11-17,41,New
LEAD101138,CUST11012,REP1009,Referral,2026-05-27,96,Qualified
LEAD101139,CUST10670,REP1014,Website,2026-04-04,52,New
LEAD101140,CUST10910,REP1029,Referral,2025-11-04,90,Qualified
LEAD101141,CUST10681,REP1025,Event,2026-01-15,24,Low Priority
LEAD101142,CUST10525,REP1007,Website,2026-07-15,28,Low Priority
LEAD101143,CUST10190,REP1029,Email,2026-08-14,85,Qualified
LEAD101144,CUST10251,REP1015,Event,2026-02-12,40,New
LEAD101145,CUST10519,REP1026,Event,2025-11-08,26,Low Priority
LEAD101146,CUST10056,REP1016,Referral,2025-12-29,68,Nurturing
LEAD101147,CUST10380,REP1019,Email,2026-08-04,31,Low Priority
LEAD101148,CUST10556,REP1005,Partner,2026-04-27,24,Low Priority
LEAD101149,CUST10568,REP1011,Website,2026-03-07,52,New
LEAD101150,CUST10978,REP1022,Referral,2025-10-05,64,Nurturing
LEAD101151,CUST11162,REP1026,Email,2026-07-13,62,Nurturing
LEAD101152,CUST10876,REP1003,Email,2026-03-19,67,Nurturing
LEAD101153,CUST10096,REP1003,Partner,2026-04-18,21,Low Priority
LEAD101154,CUST10491,REP1021,Email,2026-08-04,43,New
LEAD101155,CUST10876,REP1014,Email,2026-04-24,47,New
LEAD101156,CUST10714,REP1026,Referral,2026-09-04,43,New
LEAD101157,CUST10550,REP1003,Referral,2026-04-23,65,Nurturing
LEAD101158,CUST10524,REP1011,Event,2026-02-03,38,Low Priority
LEAD101159,CUST10488,REP1002,Event,2026-09-02,71,Nurturing
LEAD101160,CUST10695,REP1022,Website,2026-05-23,95,Qualified
LEAD101161,CUST10215,REP1026,Email,2026-07-05,73,Nurturing
LEAD101162,CUST10622,REP1005,Website,2025-12-22,51,New
LEAD101163,CUST10248,REP1010,Event,2026-06-02,55,New
LEAD101164,CUST10818,REP1026,Partner,2026-04-23,67,Nurturing
LEAD101165,CUST11038,REP1002,Email,2025-11-08,78,Nurturing
LEAD101166,CUST10610,REP1029,Email,2026-01-01,44,New
LEAD101167,CUST10466,REP1027,Email,2026-08-29,23,Low Priority
LEAD101168,CUST11129,REP1005,Referral,2026-04-27,76,Nurturing
LEAD101169,CUST10792,REP1005,Event,2026-07-10,73,Nurturing
LEAD101170,CUST10514,REP1021,Partner,2025-12-02,28,Low Priority
LEAD101171,CUST10035,REP1001,Partner,2025-12-19,70,Nurturing
LEAD101172,CUST10020,REP1016,Referral,2026-09-09,25,Low Priority
LEAD101173,CUST10266,REP1002,Website,2026-03-03,72,Nurturing
LEAD101174,CUST10284,REP1016,Partner,2026-08-20,80,Qualified
LEAD101175,CUST10866,REP1011,Referral,2026-07-23,21,Low Priority
LEAD101176,CUST10601,REP1022,Email,2026-01-31,78,Nurturing
LEAD101177,CUST11200,REP1027,Referral,2026-09-12,29,Low Priority
LEAD101178,CUST10649,REP1015,Event,2026-07-11,41,New
LEAD101179,CUST11084,REP1020,Email,2025-11-16,77,Nurturing
LEAD101180,CUST10663,REP1019,Partner,2025-11-04,48,New
LEAD101181,CUST10430,REP1030,Email,2025-11-16,99,Qualified
LEAD101182,CUST10858,REP1007,Email,2026-06-28,97,Qualified
LEAD101183,CUST10540,REP1008,Email,2025-11-22,99,Qualified
LEAD101184,CUST10330,REP1012,Partner,2026-01-12,28,Low Priority
LEAD101185,CUST10568,REP1023,Event,2026-03-08,34,Low Priority
LEAD101186,CUST10798,REP1026,Referral,2025-11-19,34,Low Priority
LEAD101187,CUST10451,REP1009,Partner,2026-01-29,67,Nurturing
LEAD101188,CUST10845,REP1004,Referral,2026-06-05,54,New
LEAD101189,CUST11177,REP1019,Partner,2026-09-20,80,Qualified
LEAD101190,CUST10494,REP1018,Event,2026-03-21,42,New
LEAD101191,CUST10355,REP1012,Email,2026-06-30,36,Low Priority
LEAD101192,CUST10483,REP1006,Referral,2026-04-12,72,Nurturing
LEAD101193,CUST11006,REP1026,Event,2026-03-20,69,Nurturing
LEAD101194,CUST10215,REP1026,Email,2026-04-08,75,Nurturing
LEAD101195,CUST11169,REP1023,Partner,2026-09-15,45,New
LEAD101196,CUST10497,REP1018,Website,2025-10-22,62,Nurturing
LEAD101197,CUST11010,REP1008,Partner,2026-04-06,95,Qualified
LEAD101198,CUST10945,REP1013,Event,2025-10-19,69,Nurturing
LEAD101199,CUST10941,REP1003,Partner,2026-08-16,95,Qualified
LEAD101200,CUST11091,REP1008,Website,2026-05-08,55,New
LEAD101201,CUST10222,REP1014,Website,2025-10-18,23,Low Priority
LEAD101202,CUST10713,REP1014,Event,2026-05-16,81,Qualified
LEAD101203,CUST10119,REP1003,Partner,2026-03-09,57,New
LEAD101204,CUST10360,REP1029,Email,2025-10-18,23,Low Priority
LEAD101205,CUST10049,REP1009,Referral,2026-09-23,31,Low Priority
LEAD101206,CUST10819,REP1016,Website,2026-02-16,45,New
LEAD101207,CUST10730,REP1014,Partner,2025-10-09,35,Low Priority
LEAD101208,CUST10889,REP1015,Email,2026-05-12,75,Nurturing
LEAD101209,CUST10212,REP1026,Referral,2026-02-14,69,Nurturing
LEAD101210,CUST10399,REP1023,Email,2026-05-28,46,New
LEAD101211,CUST10812,REP1027,Partner,2025-11-29,26,Low Priority
LEAD101212,CUST10992,REP1012,Referral,2026-07-30,26,Low Priority
LEAD101213,CUST11063,REP1008,Referral,2026-03-03,96,Qualified
LEAD101214,CUST10089,REP1013,Referral,2026-03-03,47,New
LEAD101215,CUST10484,REP1017,Referral,2026-07-21,28,Low Priority
LEAD101216,CUST10013,REP1011,Email,2026-04-19,77,Nurturing
LEAD101217,CUST10983,REP1014,Referral,2025-10-01,90,Qualified
LEAD101218,CUST10148,REP1005,Email,2026-04-30,29,Low Priority
LEAD101219,CUST10987,REP1018,Referral,2026-05-24,96,Qualified
LEAD101220,CUST10188,REP1022,Referral,2026-01-22,78,Nurturing
LEAD101221,CUST10019,REP1016,Event,2025-12-05,40,New
LEAD101222,CUST11055,REP1027,Event,2025-10-20,82,Qualified
LEAD101223,CUST10527,REP1030,Partner,2026-08-05,54,New
LEAD101224,CUST10510,REP1028,Referral,2025-10-02,71,Nurturing
LEAD101225,CUST10777,REP1003,Email,2026-05-01,30,Low Priority
LEAD101226,CUST10330,REP1027,Website,2026-08-02,39,Low Priority
LEAD101227,CUST10829,REP1011,Partner,2026-02-06,82,Qualified
LEAD101228,CUST10515,REP1014,Partner,2025-12-13,85,Qualified
LEAD101229,CUST10328,REP1013,Email,2026-06-18,20,Low Priority
LEAD101230,CUST10474,REP1009,Website,2026-05-19,37,Low Priority
LEAD101231,CUST10008,REP1027,Website,2025-10-06,69,Nurturing
LEAD101232,CUST10362,REP1020,Referral,2026-04-29,93,Qualified
LEAD101233,CUST10710,REP1030,Website,2025-10-01,74,Nurturing
LEAD101234,CUST10166,REP1029,Partner,2026-02-23,77,Nurturing
LEAD101235,CUST10143,REP1013,Event,2026-01-19,51,New
LEAD101236,CUST10788,REP1022,Referral,2026-08-01,24,Low Priority
LEAD101237,CUST10514,REP1016,Partner,2026-09-22,82,Qualified
LEAD101238,CUST10164,REP1015,Referral,2026-06-12,84,Qualified
LEAD101239,CUST10898,REP1023,Website,2026-06-26,55,New
LEAD101240,CUST10931,REP1021,Email,2025-10-09,61,Nurturing
LEAD101241,CUST10042,REP1028,Referral,2025-10-24,39,Low Priority
LEAD101242,CUST10243,REP1024,Partner,2026-07-11,56,New
LEAD101243,CUST10445,REP1019,Email,2026-03-06,39,Low Priority
LEAD101244,CUST10878,REP1028,Event,2026-04-04,54,New
LEAD101245,CUST10089,REP1004,Website,2026-06-10,30,Low Priority
LEAD101246,CUST10967,REP1023,Partner,2026-02-04,69,Nurturing
LEAD101247,CUST10384,REP1012,Event,2026-06-06,40,New
LEAD101248,CUST10151,REP1013,Partner,2026-06-23,78,Nurturing
LEAD101249,CUST11037,REP1024,Website,2025-12-27,61,Nurturing
LEAD101250,CUST10105,REP1009,Referral,2026-06-08,92,Qualified
LEAD101251,CUST10156,REP1027,Email,2025-12-01,37,Low Priority
LEAD101252,CUST11140,REP1015,Email,2026-01-22,42,New
LEAD101253,CUST10624,REP1011,Referral,2026-07-12,39,Low Priority
LEAD101254,CUST10556,REP1010,Website,2026-09-24,71,Nurturing
LEAD101255,CUST10825,REP1013,Referral,2025-10-24,28,Low Priority
LEAD101256,CUST10757,REP1029,Referral,2026-05-25,75,Nurturing
LEAD101257,CUST10737,REP1004,Email,2026-04-26,86,Qualified
LEAD101258,CUST10028,REP1016,Event,2026-05-10,74,Nurturing
LEAD101259,CUST10663,REP1026,Website,2026-07-15,30,Low Priority
LEAD101260,CUST10335,REP1015,Email,2025-10-26,59,New
LEAD101261,CUST10970,REP1017,Email,2026-06-27,63,Nurturing
LEAD101262,CUST10607,REP1011,Email,2026-01-10,51,New
LEAD101263,CUST10149,REP1005,Event,2025-11-26,57,New
LEAD101264,CUST11064,REP1020,Website,2026-03-13,81,Qualified
LEAD101265,CUST10342,REP1028,Email,2025-10-10,87,Qualified
LEAD101266,CUST10326,REP1016,Website,2026-05-19,44,New
LEAD101267,CUST11124,REP1013,Event,2026-04-25,46,New
LEAD101268,CUST10931,REP1004,Partner,2026-04-06,36,Low Priority
LEAD101269,CUST11032,REP1029,Website,2025-10-12,52,New
LEAD101270,CUST10795,REP1027,Email,2026-07-06,64,Nurturing
LEAD101271,CUST11093,REP1028,Email,2025-10-13,77,Nurturing
LEAD101272,CUST10139,REP1011,Partner,2026-01-04,41,New
LEAD101273,CUST10720,REP1019,Referral,2026-02-22,37,Low Priority
LEAD101274,CUST10353,REP1013,Website,2026-06-14,22,Low Priority
LEAD101275,CUST10479,REP1008,Event,2026-02-26,27,Low Priority
LEAD101276,CUST10286,REP1007,Website,2026-07-26,24,Low Priority
LEAD101277,CUST10247,REP1012,Event,2026-09-07,36,Low Priority
LEAD101278,CUST10532,REP1017,Partner,2026-07-07,76,Nurturing
LEAD101279,CUST11102,REP1004,Email,2025-10-15,82,Qualified
LEAD101280,CUST10763,REP1022,Email,2026-07-09,98,Qualified
LEAD101281,CUST10420,REP1014,Event,2025-12-15,64,Nurturing
LEAD101282,CUST10521,REP1027,Website,2026-08-21,56,New
LEAD101283,CUST10636,REP1009,Event,2026-09-23,92,Qualified
LEAD101284,CUST10294,REP1002,Website,2025-10-31,31,Low Priority
LEAD101285,CUST10626,REP1010,Event,2025-11-05,71,Nurturing
LEAD101286,CUST10836,REP1030,Referral,2026-06-12,86,Qualified
LEAD101287,CUST10292,REP1010,Event,2025-11-22,60,Nurturing
LEAD101288,CUST10702,REP1022,Website,2026-09-19,41,New
LEAD101289,CUST10851,REP1026,Partner,2026-04-16,70,Nurturing
LEAD101290,CUST10624,REP1009,Partner,2026-04-28,100,Qualified
LEAD101291,CUST10351,REP1020,Event,2026-08-11,39,Low Priority
LEAD101292,CUST10666,REP1007,Website,2025-12-19,65,Nurturing
LEAD101293,CUST10952,REP1011,Website,2026-04-21,24,Low Priority
LEAD101294,CUST10267,REP1009,Email,2026-09-30,38,Low Priority
LEAD101295,CUST10690,REP1021,Website,2025-10-09,82,Qualified
LEAD101296,CUST10817,REP1027,Email,2025-12-03,60,Nurturing
LEAD101297,CUST10386,REP1008,Website,2025-11-23,36,Low Priority
LEAD101298,CUST10466,REP1009,Event,2026-01-31,47,New
LEAD101299,CUST11067,REP1025,Partner,2025-11-17,29,Low Priority
LEAD101300,CUST10437,REP1014,Event,2025-12-02,83,Qualified
LEAD101301,CUST10718,REP1016,Website,2026-08-08,96,Qualified
LEAD101302,CUST10180,REP1022,Referral,2026-03-19,28,Low Priority
LEAD101303,CUST11112,REP1005,Partner,2026-02-08,39,Low Priority
LEAD101304,CUST10717,REP1027,Website,2026-03-02,89,Qualified
LEAD101305,CUST10913,REP1011,Website,2026-09-20,91,Qualified
LEAD101306,CUST10724,REP1020,Referral,2026-03-29,82,Qualified
LEAD101307,CUST10427,REP1013,Email,2026-03-21,77,Nurturing
LEAD101308,CUST10409,REP1023,Email,2026-09-04,89,Qualified
LEAD101309,CUST10842,REP1019,Website,2025-10-14,50,New
LEAD101310,CUST11032,REP1006,Website,2026-03-24,92,Qualified
LEAD101311,CUST10154,REP1006,Email,2026-07-01,91,Qualified
LEAD101312,CUST11015,REP1027,Referral,2026-04-06,38,Low Priority
LEAD101313,CUST10997,REP1016,Email,2026-08-13,25,Low Priority
LEAD101314,CUST10131,REP1009,Referral,2026-08-20,62,Nurturing
LEAD101315,CUST10130,REP1005,Referral,2026-01-31,81,Qualified
LEAD101316,CUST10835,REP1004,Referral,2026-07-26,88,Qualified
LEAD101317,CUST11012,REP1028,Referral,2025-12-29,31,Low Priority
LEAD101318,CUST10473,REP1030,Email,2025-12-27,50,New
LEAD101319,CUST10769,REP1012,Partner,2026-09-22,82,Qualified
LEAD101320,CUST11200,REP1007,Email,2025-10-05,24,Low Priority
LEAD101321,CUST10388,REP1013,Website,2026-02-06,78,Nurturing
LEAD101322,CUST10271,REP1005,Partner,2026-05-18,43,New
LEAD101323,CUST11190,REP1017,Partner,2026-02-28,21,Low Priority
LEAD101324,CUST10337,REP1019,Event,2026-08-05,39,Low Priority
LEAD101325,CUST10568,REP1030,Partner,2025-12-31,80,Qualified
LEAD101326,CUST10531,REP1010,Website,2026-04-20,90,Qualified
LEAD101327,CUST10628,REP1006,Email,2025-11-15,26,Low Priority
LEAD101328,CUST10323,REP1005,Website,2025-12-17,57,New
LEAD101329,CUST10815,REP1012,Event,2025-12-03,36,Low Priority
LEAD101330,CUST10831,REP1019,Referral,2026-06-28,75,Nurturing
LEAD101331,CUST10241,REP1002,Email,2025-12-13,83,Qualified
LEAD101332,CUST10578,REP1023,Email,2026-06-02,97,Qualified
LEAD101333,CUST10069,REP1014,Partner,2026-02-04,48,New
LEAD101334,CUST10266,REP1024,Partner,2026-04-25,44,New
LEAD101335,CUST11185,REP1014,Website,2026-08-15,45,New
LEAD101336,CUST10608,REP1005,Website,2026-08-12,81,Qualified
LEAD101337,CUST10748,REP1001,Email,2025-10-05,56,New
LEAD101338,CUST11067,REP1017,Event,2026-07-14,21,Low Priority
LEAD101339,CUST10857,REP1017,Event,2026-09-14,96,Qualified
LEAD101340,CUST10951,REP1025,Referral,2026-06-01,28,Low Priority
LEAD101341,CUST10855,REP1027,Referral,2025-12-08,95,Qualified
LEAD101342,CUST10599,REP1005,Referral,2026-05-31,33,Low Priority
LEAD101343,CUST10760,REP1010,Email,2026-05-21,63,Nurturing
LEAD101344,CUST10347,REP1007,Email,2026-05-30,45,New
LEAD101345,CUST11069,REP1004,Email,2026-03-06,75,Nurturing
LEAD101346,CUST10216,REP1001,Event,2026-04-10,52,New
LEAD101347,CUST11061,REP1003,Referral,2026-05-26,49,New
LEAD101348,CUST11055,REP1016,Email,2026-03-19,58,New
LEAD101349,CUST10171,REP1005,Partner,2026-07-10,98,Qualified
LEAD101350,CUST10853,REP1006,Event,2026-06-17,39,Low Priority
LEAD101351,CUST11188,REP1004,Referral,2026-01-19,37,Low Priority
LEAD101352,CUST10687,REP1022,Website,2026-05-11,25,Low Priority
LEAD101353,CUST10409,REP1020,Referral,2026-07-04,79,Nurturing
LEAD101354,CUST11056,REP1029,Email,2026-03-28,74,Nurturing
LEAD101355,CUST10616,REP1004,Event,2026-06-18,69,Nurturing
LEAD101356,CUST10147,REP1007,Event,2025-11-16,21,Low Priority
LEAD101357,CUST10300,REP1014,Website,2026-02-18,84,Qualified
LEAD101358,CUST10819,REP1020,Partner,2026-06-14,85,Qualified
LEAD101359,CUST10547,REP1004,Website,2026-08-23,96,Qualified
LEAD101360,CUST10261,REP1007,Referral,2026-05-24,95,Qualified
LEAD101361,CUST10959,REP1013,Event,2026-05-31,41,New
LEAD101362,CUST10145,REP1001,Event,2026-02-02,77,Nurturing
LEAD101363,CUST10263,REP1012,Website,2026-06-13,52,New
LEAD101364,CUST10559,REP1023,Website,2026-02-08,68,Nurturing
LEAD101365,CUST10048,REP1016,Email,2025-10-20,46,New
LEAD101366,CUST10465,REP1014,Partner,2025-12-30,73,Nurturing
LEAD101367,CUST11092,REP1015,Partner,2026-05-12,97,Qualified
LEAD101368,CUST11130,REP1029,Event,2026-09-17,72,Nurturing
LEAD101369,CUST11047,REP1016,Event,2026-03-30,94,Qualified
LEAD101370,CUST10389,REP1017,Event,2026-08-10,95,Qualified
LEAD101371,CUST10078,REP1028,Email,2026-07-11,29,Low Priority
LEAD101372,CUST10978,REP1005,Event,2026-04-23,98,Qualified
LEAD101373,CUST10448,REP1003,Email,2026-07-21,86,Qualified
LEAD101374,CUST10899,REP1014,Event,2026-02-24,54,New
LEAD101375,CUST10144,REP1010,Partner,2026-03-11,68,Nurturing
LEAD101376,CUST10802,REP1007,Website,2026-06-26,69,Nurturing
LEAD101377,CUST10704,REP1004,Event,2026-05-22,83,Qualified
LEAD101378,CUST11105,REP1027,Event,2026-04-11,85,Qualified
LEAD101379,CUST10123,REP1019,Referral,2026-03-08,28,Low Priority
LEAD101380,CUST10490,REP1021,Partner,2026-09-22,20,Low Priority
LEAD101381,CUST11188,REP1004,Partner,2025-10-24,39,Low Priority
LEAD101382,CUST10468,REP1011,Email,2025-10-21,62,Nurturing
LEAD101383,CUST10790,REP1019,Email,2026-03-24,88,Qualified
LEAD101384,CUST10194,REP1016,Referral,2025-10-13,72,Nurturing
LEAD101385,CUST10875,REP1021,Event,2026-02-02,31,Low Priority
LEAD101386,CUST10331,REP1021,Event,2026-04-26,78,Nurturing
LEAD101387,CUST10687,REP1013,Event,2026-02-25,57,New
LEAD101388,CUST11056,REP1024,Partner,2025-12-14,49,New
LEAD101389,CUST10794,REP1008,Website,2026-01-12,82,Qualified
LEAD101390,CUST10570,REP1003,Event,2026-05-09,43,New
LEAD101391,CUST10229,REP1028,Website,2026-09-13,70,Nurturing
LEAD101392,CUST10410,REP1001,Website,2026-07-13,34,Low Priority
LEAD101393,CUST11020,REP1009,Referral,2026-04-18,50,New
LEAD101394,CUST10260,REP1004,Website,2025-11-20,65,Nurturing
LEAD101395,CUST10788,REP1007,Email,2025-12-28,70,Nurturing
LEAD101396,CUST10582,REP1012,Partner,2026-03-10,94,Qualified
LEAD101397,CUST10386,REP1004,Referral,2025-12-30,43,New
LEAD101398,CUST10860,REP1015,Website,2026-06-09,92,Qualified
LEAD101399,CUST10435,REP1028,Referral,2026-02-11,86,Qualified
LEAD101400,CUST10345,REP1005,Email,2026-08-01,49,New
LEAD101401,CUST10636,REP1028,Email,2026-01-07,31,Low Priority
LEAD101402,CUST10910,REP1013,Referral,2026-03-31,40,New
LEAD101403,CUST11037,REP1018,Website,2026-06-18,73,Nurturing
LEAD101404,CUST10756,REP1014,Partner,2025-12-15,83,Qualified
LEAD101405,CUST10795,REP1010,Email,2026-07-05,69,Nurturing
LEAD101406,CUST10946,REP1004,Website,2026-05-02,78,Nurturing
LEAD101407,CUST10324,REP1018,Email,2026-05-25,28,Low Priority
LEAD101408,CUST10302,REP1028,Website,2026-03-15,60,Nurturing
LEAD101409,CUST10581,REP1016,Referral,2026-09-07,90,Qualified
LEAD101410,CUST10758,REP1018,Email,2026-07-09,51,New
LEAD101411,CUST10776,REP1020,Website,2025-12-10,92,Qualified
LEAD101412,CUST10185,REP1012,Referral,2026-04-21,30,Low Priority
LEAD101413,CUST10937,REP1004,Website,2026-08-26,99,Qualified
LEAD101414,CUST10437,REP1016,Referral,2026-01-10,83,Qualified
LEAD101415,CUST11053,REP1027,Email,2026-04-14,70,Nurturing
LEAD101416,CUST10870,REP1010,Referral,2026-07-03,70,Nurturing
LEAD101417,CUST11180,REP1027,Website,2026-01-08,95,Qualified
LEAD101418,CUST10759,REP1026,Referral,2026-04-07,50,New
LEAD101419,CUST10633,REP1008,Website,2026-04-20,33,Low Priority
LEAD101420,CUST10226,REP1018,Email,2025-12-04,94,Qualified
LEAD101421,CUST10479,REP1023,Event,2025-12-04,28,Low Priority
LEAD101422,CUST11031,REP1015,Website,2026-04-24,73,Nurturing
LEAD101423,CUST10459,REP1021,Email,2025-12-05,41,New
LEAD101424,CUST10065,REP1028,Referral,2026-09-12,95,Qualified
LEAD101425,CUST10295,REP1019,Website,2026-04-10,98,Qualified
LEAD101426,CUST10715,REP1026,Email,2026-06-15,58,New
LEAD101427,CUST10755,REP1025,Referral,2026-02-22,63,Nurturing
LEAD101428,CUST11181,REP1025,Partner,2026-01-18,56,New
LEAD101429,CUST11121,REP1026,Partner,2026-03-27,54,New
LEAD101430,CUST10638,REP1007,Partner,2026-06-17,95,Qualified
LEAD101431,CUST10666,REP1001,Website,2026-02-23,43,New
LEAD101432,CUST10961,REP1005,Referral,2026-01-12,97,Qualified
LEAD101433,CUST10059,REP1008,Email,2025-11-22,72,Nurturing
LEAD101434,CUST10715,REP1021,Event,2026-04-17,97,Qualified
LEAD101435,CUST10569,REP1016,Website,2026-06-06,69,Nurturing
LEAD101436,CUST10940,REP1015,Partner,2026-04-11,86,Qualified
LEAD101437,CUST10961,REP1001,Event,2026-01-02,59,New
LEAD101438,CUST10787,REP1021,Referral,2025-12-30,57,New
LEAD101439,CUST10789,REP1011,Partner,2026-02-15,40,New
LEAD101440,CUST10830,REP1023,Event,2026-02-04,37,Low Priority
LEAD101441,CUST10697,REP1004,Event,2025-12-14,23,Low Priority
LEAD101442,CUST10274,REP1009,Email,2026-09-09,51,New
LEAD101443,CUST10342,REP1002,Email,2026-01-29,100,Qualified
LEAD101444,CUST10891,REP1009,Email,2025-12-31,96,Qualified
LEAD101445,CUST10743,REP1028,Referral,2026-05-10,75,Nurturing
LEAD101446,CUST10286,REP1015,Event,2026-07-20,49,New
LEAD101447,CUST11054,REP1014,Website,2026-03-19,62,Nurturing
LEAD101448,CUST11177,REP1009,Website,2026-06-01,81,Qualified
LEAD101449,CUST10752,REP1008,Email,2025-11-04,20,Low Priority
LEAD101450,CUST10274,REP1021,Event,2026-04-13,94,Qualified
LEAD101451,CUST11126,REP1030,Event,2025-10-25,90,Qualified
LEAD101452,CUST10285,REP1023,Email,2025-11-20,98,Qualified
LEAD101453,CUST10519,REP1023,Referral,2026-05-05,27,Low Priority
LEAD101454,CUST11031,REP1015,Referral,2025-12-14,96,Qualified
LEAD101455,CUST10625,REP1003,Partner,2025-10-14,69,Nurturing
LEAD101456,CUST10292,REP1022,Referral,2025-12-05,64,Nurturing
LEAD101457,CUST10097,REP1025,Partner,2026-07-10,34,Low Priority
LEAD101458,CUST10434,REP1016,Website,2026-05-03,59,New
LEAD101459,CUST10807,REP1003,Referral,2026-02-17,49,New
LEAD101460,CUST10858,REP1022,Event,2026-09-21,99,Qualified
LEAD101461,CUST10268,REP1028,Email,2026-02-18,47,New
LEAD101462,CUST10191,REP1007,Website,2026-08-17,37,Low Priority
LEAD101463,CUST10842,REP1005,Referral,2026-02-03,96,Qualified
LEAD101464,CUST10191,REP1023,Referral,2025-10-10,35,Low Priority
LEAD101465,CUST10078,REP1010,Referral,2025-11-10,93,Qualified
LEAD101466,CUST10584,REP1022,Email,2026-01-08,98,Qualified
LEAD101467,CUST10686,REP1022,Event,2025-12-08,44,New
LEAD101468,CUST10293,REP1008,Email,2025-11-27,75,Nurturing
LEAD101469,CUST10254,REP1002,Partner,2026-02-17,84,Qualified
LEAD101470,CUST10283,REP1017,Website,2026-09-22,63,Nurturing
LEAD101471,CUST10412,REP1013,Website,2025-12-13,76,Nurturing
LEAD101472,CUST10012,REP1026,Event,2025-12-25,30,Low Priority
LEAD101473,CUST10015,REP1011,Email,2026-09-29,61,Nurturing
LEAD101474,CUST10445,REP1008,Partner,2025-12-13,61,Nurturing
LEAD101475,CUST10024,REP1026,Partner,2026-07-31,65,Nurturing
LEAD101476,CUST10382,REP1023,Event,2026-05-15,96,Qualified
LEAD101477,CUST10698,REP1019,Event,2026-09-04,86,Qualified
LEAD101478,CUST10038,REP1029,Website,2026-04-22,68,Nurturing
LEAD101479,CUST10742,REP1024,Referral,2026-05-05,52,New
LEAD101480,CUST10746,REP1026,Website,2025-12-22,52,New
LEAD101481,CUST10689,REP1024,Referral,2026-04-28,21,Low Priority
LEAD101482,CUST10752,REP1013,Email,2026-06-02,64,Nurturing
LEAD101483,CUST10972,REP1002,Referral,2026-09-26,40,New
LEAD101484,CUST10085,REP1019,Website,2025-11-05,91,Qualified
LEAD101485,CUST10203,REP1023,Partner,2025-11-27,82,Qualified
LEAD101486,CUST10381,REP1030,Partner,2025-10-08,93,Qualified
LEAD101487,CUST10826,REP1021,Email,2026-07-16,100,Qualified
LEAD101488,CUST11048,REP1018,Website,2025-10-31,52,New
LEAD101489,CUST11103,REP1018,Referral,2026-08-31,54,New
LEAD101490,CUST10699,REP1004,Email,2026-02-11,69,Nurturing
LEAD101491,CUST10493,REP1001,Email,2026-01-14,54,New
LEAD101492,CUST10495,REP1002,Event,2026-09-21,42,New
LEAD101493,CUST10072,REP1028,Event,2026-06-20,77,Nurturing
LEAD101494,CUST10559,REP1024,Event,2026-04-18,56,New
LEAD101495,CUST10616,REP1008,Partner,2026-08-21,96,Qualified
LEAD101496,CUST10250,REP1013,Event,2026-07-03,37,Low Priority
LEAD101497,CUST10922,REP1015,Partner,2026-05-21,55,New
LEAD101498,CUST10975,REP1008,Event,2026-01-26,63,Nurturing
LEAD101499,CUST10363,REP1013,Referral,2026-09-25,93,Qualified
LEAD101500,CUST11097,REP1011,Partner,2026-06-20,66,Nurturing
LEAD101501,CUST10129,REP1021,Email,2026-09-11,25,Low Priority
LEAD101502,CUST11093,REP1023,Referral,2026-09-18,47,New
LEAD101503,CUST10922,REP1003,Website,2026-04-19,91,Qualified
LEAD101504,CUST10269,REP1014,Event,2026-02-08,42,New
LEAD101505,CUST10781,REP1030,Partner,2026-09-11,47,New
LEAD101506,CUST10373,REP1027,Event,2026-09-30,32,Low Priority
LEAD101507,CUST10960,REP1024,Referral,2025-11-14,78,Nurturing
LEAD101508,CUST10193,REP1023,Event,2026-05-22,31,Low Priority
LEAD101509,CUST10294,REP1001,Email,2026-05-08,49,New
LEAD101510,CUST10369,REP1030,Email,2026-07-01,77,Nurturing
LEAD101511,CUST10240,REP1023,Email,2026-09-22,92,Qualified
LEAD101512,CUST10400,REP1027,Referral,2026-01-01,37,Low Priority
LEAD101513,CUST10724,REP1028,Event,2026-09-22,46,New
LEAD101514,CUST10760,REP1008,Event,2026-05-23,29,Low Priority
LEAD101515,CUST10665,REP1001,Email,2025-10-31,55,New
LEAD101516,CUST10228,REP1020,Event,2026-04-05,100,Qualified
LEAD101517,CUST10243,REP1014,Event,2025-11-18,44,New
LEAD101518,CUST11104,REP1001,Email,2026-09-15,41,New
LEAD101519,CUST10302,REP1009,Partner,2026-07-06,52,New
LEAD101520,CUST10124,REP1030,Event,2026-08-27,92,Qualified
LEAD101521,CUST10545,REP1011,Website,2026-05-08,64,Nurturing
LEAD101522,CUST10009,REP1008,Partner,2026-02-22,69,Nurturing
LEAD101523,CUST10412,REP1020,Event,2026-03-06,83,Qualified
LEAD101524,CUST11026,REP1020,Event,2026-09-11,77,Nurturing
LEAD101525,CUST10321,REP1010,Referral,2025-11-25,68,Nurturing
LEAD101526,CUST10845,REP1026,Website,2026-08-19,65,Nurturing
LEAD101527,CUST10588,REP1018,Referral,2026-03-04,63,Nurturing
LEAD101528,CUST10427,REP1005,Event,2026-05-04,34,Low Priority
LEAD101529,CUST10794,REP1010,Partner,2026-06-01,53,New
LEAD101530,CUST10715,REP1026,Website,2025-10-30,88,Qualified
LEAD101531,CUST10382,REP1003,Website,2025-11-24,23,Low Priority
LEAD101532,CUST10269,REP1001,Referral,2025-11-28,87,Qualified
LEAD101533,CUST11101,REP1020,Referral,2026-07-12,65,Nurturing
LEAD101534,CUST10203,REP1014,Website,2025-10-29,48,New
LEAD101535,CUST11152,REP1008,Partner,2026-05-11,29,Low Priority
LEAD101536,CUST10566,REP1015,Partner,2025-11-09,81,Qualified
LEAD101537,CUST11197,REP1006,Website,2026-07-08,20,Low Priority
LEAD101538,CUST10424,REP1012,Referral,2026-09-22,63,Nurturing
LEAD101539,CUST10679,REP1008,Email,2026-03-01,33,Low Priority
LEAD101540,CUST10739,REP1018,Event,2025-12-17,93,Qualified
LEAD101541,CUST10407,REP1021,Event,2026-03-12,34,Low Priority
LEAD101542,CUST10262,REP1028,Partner,2026-06-10,85,Qualified
LEAD101543,CUST10625,REP1003,Website,2026-06-23,66,Nurturing
LEAD101544,CUST10796,REP1010,Event,2026-05-21,23,Low Priority
LEAD101545,CUST10314,REP1008,Event,2026-05-01,78,Nurturing
LEAD101546,CUST10921,REP1018,Referral,2026-05-19,91,Qualified
LEAD101547,CUST10767,REP1016,Partner,2025-12-19,37,Low Priority
LEAD101548,CUST10200,REP1027,Website,2025-12-15,98,Qualified
LEAD101549,CUST11127,REP1028,Event,2026-09-05,84,Qualified
LEAD101550,CUST10053,REP1024,Email,2026-04-30,80,Qualified
LEAD101551,CUST10785,REP1006,Website,2026-08-11,47,New
LEAD101552,CUST10528,REP1002,Email,2026-05-17,29,Low Priority
LEAD101553,CUST10785,REP1027,Partner,2026-03-16,54,New
LEAD101554,CUST10929,REP1029,Partner,2026-04-27,85,Qualified
LEAD101555,CUST10825,REP1008,Referral,2026-06-10,67,Nurturing
LEAD101556,CUST10781,REP1002,Event,2025-12-07,72,Nurturing
LEAD101557,CUST11010,REP1021,Partner,2026-03-18,83,Qualified
LEAD101558,CUST10843,REP1018,Event,2026-06-21,47,New
LEAD101559,CUST10977,REP1027,Website,2025-11-01,23,Low Priority
LEAD101560,CUST10484,REP1018,Partner,2025-10-27,91,Qualified
LEAD101561,CUST10244,REP1023,Referral,2025-11-28,69,Nurturing
LEAD101562,CUST10282,REP1024,Event,2026-05-04,65,Nurturing
LEAD101563,CUST10735,REP1001,Partner,2025-12-27,66,Nurturing
LEAD101564,CUST10639,REP1005,Email,2026-03-09,89,Qualified
LEAD101565,CUST10093,REP1024,Website,2025-11-18,82,Qualified
LEAD101566,CUST10246,REP1006,Email,2025-12-31,74,Nurturing
LEAD101567,CUST11162,REP1007,Website,2025-10-07,83,Qualified
LEAD101568,CUST10872,REP1023,Referral,2026-07-22,43,New
LEAD101569,CUST10906,REP1007,Referral,2026-03-20,77,Nurturing
LEAD101570,CUST10237,REP1005,Website,2025-12-04,98,Qualified
LEAD101571,CUST10078,REP1001,Partner,2026-04-11,39,Low Priority
LEAD101572,CUST10350,REP1015,Referral,2026-09-06,66,Nurturing
LEAD101573,CUST11029,REP1020,Partner,2026-07-29,75,Nurturing
LEAD101574,CUST10608,REP1022,Email,2026-08-19,61,Nurturing
LEAD101575,CUST10942,REP1028,Website,2026-02-26,98,Qualified
LEAD101576,CUST10585,REP1020,Email,2026-02-09,52,New
LEAD101577,CUST10589,REP1023,Referral,2026-01-24,37,Low Priority
LEAD101578,CUST10722,REP1007,Referral,2026-01-20,31,Low Priority
LEAD101579,CUST11151,REP1011,Partner,2026-09-01,88,Qualified
LEAD101580,CUST10525,REP1010,Email,2025-11-20,75,Nurturing
LEAD101581,CUST10715,REP1002,Email,2026-08-07,66,Nurturing
LEAD101582,CUST11104,REP1030,Website,2026-08-31,54,New
LEAD101583,CUST10447,REP1008,Partner,2026-08-05,53,New
LEAD101584,CUST11008,REP1014,Referral,2026-05-18,95,Qualified
LEAD101585,CUST10643,REP1011,Referral,2026-08-09,75,Nurturing
LEAD101586,CUST11055,REP1002,Event,2025-10-12,98,Qualified
LEAD101587,CUST10562,REP1028,Website,2026-07-26,84,Qualified
LEAD101588,CUST10756,REP1007,Partner,2026-04-05,82,Qualified
LEAD101589,CUST10388,REP1004,Partner,2026-09-15,64,Nurturing
LEAD101590,CUST10763,REP1011,Referral,2025-11-01,39,Low Priority
LEAD101591,CUST10392,REP1005,Email,2026-09-05,72,Nurturing
LEAD101592,CUST10732,REP1030,Partner,2026-04-28,77,Nurturing
LEAD101593,CUST10947,REP1006,Email,2025-11-07,62,Nurturing
LEAD101594,CUST10522,REP1010,Referral,2026-04-04,21,Low Priority
LEAD101595,CUST10516,REP1009,Event,2025-10-14,97,Qualified
LEAD101596,CUST10387,REP1001,Email,2025-10-31,86,Qualified
LEAD101597,CUST10877,REP1001,Referral,2026-04-13,48,New
LEAD101598,CUST10711,REP1016,Event,2026-07-25,59,New
LEAD101599,CUST10620,REP1007,Event,2025-11-09,29,Low Priority
LEAD101600,CUST10031,REP1003,Partner,2026-01-04,95,Qualified
LEAD101601,CUST10133,REP1009,Website,2026-02-20,38,Low Priority
LEAD101602,CUST10009,REP1009,Partner,2026-04-16,50,New
LEAD101603,CUST11021,REP1013,Email,2025-10-01,54,New
LEAD101604,CUST11022,REP1030,Referral,2026-05-22,41,New
LEAD101605,CUST10082,REP1010,Website,2026-03-31,71,Nurturing
LEAD101606,CUST10056,REP1022,Partner,2026-09-17,100,Qualified
LEAD101607,CUST10938,REP1024,Event,2026-01-18,89,Qualified
LEAD101608,CUST10630,REP1002,Referral,2026-03-30,62,Nurturing
LEAD101609,CUST10371,REP1016,Partner,2025-10-30,30,Low Priority
LEAD101610,CUST10738,REP1014,Website,2026-08-31,89,Qualified
LEAD101611,CUST10284,REP1016,Email,2026-08-01,40,New
LEAD101612,CUST10238,REP1006,Event,2026-02-07,93,Qualified
LEAD101613,CUST10441,REP1014,Email,2026-03-18,52,New
LEAD101614,CUST11075,REP1004,Partner,2026-08-09,61,Nurturing
LEAD101615,CUST10921,REP1029,Website,2026-01-16,55,New
LEAD101616,CUST10229,REP1018,Partner,2025-12-26,56,New
LEAD101617,CUST10675,REP1002,Event,2025-12-28,33,Low Priority
LEAD101618,CUST11062,REP1016,Website,2026-06-16,64,Nurturing
LEAD101619,CUST11142,REP1028,Referral,2025-12-17,52,New
LEAD101620,CUST10916,REP1023,Event,2025-11-02,88,Qualified
LEAD101621,CUST10155,REP1009,Partner,2025-11-30,58,New
LEAD101622,CUST10289,REP1027,Website,2026-09-25,98,Qualified
LEAD101623,CUST10263,REP1006,Website,2026-08-15,44,New
LEAD101624,CUST10181,REP1008,Partner,2026-09-14,46,New
LEAD101625,CUST10211,REP1005,Partner,2026-01-10,22,Low Priority
LEAD101626,CUST10380,REP1028,Event,2026-03-11,79,Nurturing
LEAD101627,CUST10667,REP1022,Event,2026-03-29,25,Low Priority
LEAD101628,CUST10478,REP1016,Partner,2026-04-10,43,New
LEAD101629,CUST10505,REP1021,Partner,2025-10-10,93,Qualified
LEAD101630,CUST10295,REP1008,Event,2026-05-07,69,Nurturing
LEAD101631,CUST10182,REP1003,Email,2025-10-15,65,Nurturing
LEAD101632,CUST11199,REP1026,Referral,2026-01-09,85,Qualified
LEAD101633,CUST10719,REP1029,Email,2026-01-15,82,Qualified
LEAD101634,CUST10276,REP1002,Email,2026-06-04,91,Qualified
LEAD101635,CUST10972,REP1002,Referral,2026-08-24,73,Nurturing
LEAD101636,CUST10997,REP1017,Event,2026-06-12,56,New
LEAD101637,CUST11161,REP1002,Referral,2026-03-08,30,Low Priority
LEAD101638,CUST10191,REP1022,Partner,2026-04-10,49,New
LEAD101639,CUST10768,REP1029,Partner,2026-04-06,77,Nurturing
LEAD101640,CUST11177,REP1009,Email,2025-11-23,40,New
LEAD101641,CUST10969,REP1009,Event,2026-09-15,74,Nurturing
LEAD101642,CUST10271,REP1026,Referral,2026-09-01,30,Low Priority
LEAD101643,CUST11072,REP1011,Referral,2025-12-27,24,Low Priority
LEAD101644,CUST10507,REP1008,Email,2025-11-11,49,New
LEAD101645,CUST10587,REP1003,Event,2025-11-30,38,Low Priority
LEAD101646,CUST10671,REP1026,Event,2026-05-18,90,Qualified
LEAD101647,CUST10926,REP1028,Email,2025-10-11,50,New
LEAD101648,CUST10145,REP1003,Email,2025-11-07,53,New
LEAD101649,CUST10648,REP1025,Email,2026-05-25,52,New
LEAD101650,CUST10981,REP1005,Event,2025-11-23,45,New
LEAD101651,CUST10659,REP1005,Website,2025-10-26,94,Qualified
LEAD101652,CUST10330,REP1012,Partner,2025-10-08,79,Nurturing
LEAD101653,CUST10068,REP1014,Website,2026-06-15,32,Low Priority
LEAD101654,CUST10660,REP1026,Partner,2026-02-10,37,Low Priority
LEAD101655,CUST10845,REP1021,Referral,2026-01-12,26,Low Priority
LEAD101656,CUST10660,REP1005,Referral,2026-05-22,40,New
LEAD101657,CUST11176,REP1018,Event,2025-12-02,73,Nurturing
LEAD101658,CUST10724,REP1027,Email,2026-04-09,95,Qualified
LEAD101659,CUST10610,REP1020,Partner,2026-03-26,59,New
LEAD101660,CUST10067,REP1007,Event,2026-06-04,26,Low Priority
LEAD101661,CUST10671,REP1004,Website,2026-05-16,23,Low Priority
LEAD101662,CUST10203,REP1014,Email,2026-06-04,53,New
LEAD101663,CUST10870,REP1015,Website,2025-12-17,41,New
LEAD101664,CUST10194,REP1011,Referral,2025-11-21,66,Nurturing
LEAD101665,CUST11089,REP1004,Website,2026-04-13,29,Low Priority
LEAD101666,CUST10363,REP1004,Partner,2025-10-21,38,Low Priority
LEAD101667,CUST10521,REP1016,Email,2026-03-15,65,Nurturing
LEAD101668,CUST10174,REP1029,Email,2026-05-17,42,New
LEAD101669,CUST10253,REP1018,Partner,2026-07-27,49,New
LEAD101670,CUST11107,REP1014,Event,2026-05-27,37,Low Priority
LEAD101671,CUST10341,REP1028,Referral,2026-09-29,24,Low Priority
LEAD101672,CUST10616,REP1021,Website,2026-04-22,47,New
LEAD101673,CUST11178,REP1022,Website,2026-03-12,46,New
LEAD101674,CUST10749,REP1018,Website,2025-12-29,92,Qualified
LEAD101675,CUST10050,REP1023,Partner,2026-06-03,92,Qualified
LEAD101676,CUST10429,REP1016,Partner,2026-07-23,54,New
LEAD101677,CUST10465,REP1019,Event,2026-01-26,43,New
LEAD101678,CUST10332,REP1019,Website,2025-10-28,53,New
LEAD101679,CUST10290,REP1023,Referral,2025-10-04,69,Nurturing
LEAD101680,CUST10604,REP1027,Event,2026-05-19,51,New
LEAD101681,CUST10453,REP1009,Website,2026-05-31,81,Qualified
LEAD101682,CUST10354,REP1021,Partner,2025-11-13,98,Qualified
LEAD101683,CUST10496,REP1001,Website,2025-10-09,52,New
LEAD101684,CUST10413,REP1016,Partner,2026-05-27,29,Low Priority
LEAD101685,CUST10275,REP1027,Event,2026-02-23,29,Low Priority
LEAD101686,CUST10544,REP1020,Referral,2026-03-02,90,Qualified
LEAD101687,CUST11131,REP1009,Referral,2026-01-04,53,New
LEAD101688,CUST10607,REP1019,Partner,2026-06-20,46,New
LEAD101689,CUST10718,REP1011,Email,2026-06-29,70,Nurturing
LEAD101690,CUST11182,REP1013,Event,2025-10-20,97,Qualified
LEAD101691,CUST10737,REP1007,Website,2025-11-02,54,New
LEAD101692,CUST10268,REP1019,Partner,2026-04-21,45,New
LEAD101693,CUST10479,REP1006,Email,2026-05-09,89,Qualified
LEAD101694,CUST10586,REP1014,Website,2025-11-22,26,Low Priority
LEAD101695,CUST10570,REP1029,Event,2025-11-27,88,Qualified
LEAD101696,CUST10180,REP1023,Referral,2026-06-07,62,Nurturing
LEAD101697,CUST10128,REP1013,Partner,2026-03-15,21,Low Priority
LEAD101698,CUST10420,REP1030,Event,2025-11-13,38,Low Priority
LEAD101699,CUST11098,REP1001,Email,2026-05-11,75,Nurturing
LEAD101700,CUST10861,REP1029,Event,2025-10-27,80,Qualified
LEAD101701,CUST11011,REP1011,Email,2025-12-24,35,Low Priority
LEAD101702,CUST10210,REP1025,Referral,2026-06-18,73,Nurturing
LEAD101703,CUST10498,REP1029,Email,2025-12-21,100,Qualified
LEAD101704,CUST10698,REP1019,Email,2025-10-24,75,Nurturing
LEAD101705,CUST10522,REP1019,Referral,2026-09-16,76,Nurturing
LEAD101706,CUST10501,REP1023,Website,2025-12-21,35,Low Priority
LEAD101707,CUST10432,REP1008,Email,2026-04-06,71,Nurturing
LEAD101708,CUST10062,REP1006,Partner,2026-07-29,77,Nurturing
LEAD101709,CUST11029,REP1011,Email,2026-09-27,28,Low Priority
LEAD101710,CUST11120,REP1015,Website,2026-07-23,45,New
LEAD101711,CUST10098,REP1023,Partner,2026-02-01,91,Qualified
LEAD101712,CUST10497,REP1008,Event,2026-08-08,100,Qualified
LEAD101713,CUST10622,REP1017,Event,2025-10-05,34,Low Priority
LEAD101714,CUST10941,REP1001,Event,2026-01-28,79,Nurturing
LEAD101715,CUST11185,REP1001,Referral,2025-12-12,60,Nurturing
LEAD101716,CUST10500,REP1030,Website,2026-04-11,67,Nurturing
LEAD101717,CUST10899,REP1026,Partner,2026-08-22,61,Nurturing
LEAD101718,CUST11125,REP1026,Partner,2026-07-10,90,Qualified
LEAD101719,CUST10997,REP1010,Referral,2026-09-30,56,New
LEAD101720,CUST10349,REP1016,Website,2025-11-19,67,Nurturing
LEAD101721,CUST10981,REP1021,Website,2026-07-02,74,Nurturing
LEAD101722,CUST10495,REP1008,Referral,2026-06-22,64,Nurturing
LEAD101723,CUST10022,REP1023,Email,2026-03-16,91,Qualified
LEAD101724,CUST10911,REP1021,Website,2025-11-05,39,Low Priority
LEAD101725,CUST11003,REP1013,Website,2025-11-08,96,Qualified
LEAD101726,CUST10413,REP1014,Referral,2026-08-30,74,Nurturing
LEAD101727,CUST10542,REP1010,Event,2026-01-16,97,Qualified
LEAD101728,CUST10438,REP1025,Event,2026-05-21,50,New
LEAD101729,CUST10141,REP1030,Partner,2026-09-11,58,New
LEAD101730,CUST11194,REP1030,Website,2026-03-30,23,Low Priority
LEAD101731,CUST10028,REP1024,Website,2025-12-16,94,Qualified
LEAD101732,CUST10667,REP1011,Event,2026-03-26,86,Qualified
LEAD101733,CUST10018,REP1024,Partner,2025-12-23,44,New
LEAD101734,CUST10828,REP1008,Website,2025-12-06,24,Low Priority
LEAD101735,CUST11082,REP1027,Event,2026-07-24,76,Nurturing
LEAD101736,CUST10773,REP1009,Partner,2026-02-04,74,Nurturing
LEAD101737,CUST10728,REP1013,Referral,2026-06-07,62,Nurturing
LEAD101738,CUST10994,REP1003,Partner,2026-06-23,32,Low Priority
LEAD101739,CUST11170,REP1003,Referral,2026-04-19,94,Qualified
LEAD101740,CUST11035,REP1012,Event,2026-04-16,55,New
LEAD101741,CUST10278,REP1017,Email,2025-12-05,78,Nurturing
LEAD101742,CUST10676,REP1001,Website,2026-04-12,89,Qualified
LEAD101743,CUST10983,REP1026,Email,2026-07-02,64,Nurturing
LEAD101744,CUST10354,REP1004,Website,2025-12-11,27,Low Priority
LEAD101745,CUST10811,REP1030,Partner,2025-12-24,91,Qualified
LEAD101746,CUST10028,REP1009,Email,2026-06-09,74,Nurturing
LEAD101747,CUST11053,REP1012,Website,2026-09-24,92,Qualified
LEAD101748,CUST10738,REP1005,Email,2026-02-21,69,Nurturing
LEAD101749,CUST10892,REP1025,Referral,2026-07-30,93,Qualified
LEAD101750,CUST10991,REP1022,Email,2025-12-06,90,Qualified
LEAD101751,CUST10263,REP1003,Partner,2026-04-26,37,Low Priority
LEAD101752,CUST10541,REP1004,Website,2026-09-10,33,Low Priority
LEAD101753,CUST11031,REP1019,Email,2026-03-11,32,Low Priority
LEAD101754,CUST10198,REP1026,Referral,2026-04-03,84,Qualified
LEAD101755,CUST10987,REP1004,Event,2025-11-26,39,Low Priority
LEAD101756,CUST10346,REP1007,Event,2026-04-11,56,New
LEAD101757,CUST10691,REP1017,Website,2026-05-02,83,Qualified
LEAD101758,CUST10612,REP1004,Email,2026-09-24,54,New
LEAD101759,CUST10824,REP1010,Referral,2025-12-13,25,Low Priority
LEAD101760,CUST11005,REP1001,Email,2026-02-11,49,New
LEAD101761,CUST10419,REP1015,Partner,2026-05-25,27,Low Priority
LEAD101762,CUST10207,REP1022,Referral,2026-09-10,51,New
LEAD101763,CUST10508,REP1013,Email,2025-12-26,79,Nurturing
LEAD101764,CUST10735,REP1008,Referral,2026-06-11,62,Nurturing
LEAD101765,CUST10901,REP1013,Event,2026-08-17,74,Nurturing
LEAD101766,CUST10905,REP1016,Event,2026-05-20,28,Low Priority
LEAD101767,CUST10408,REP1005,Website,2026-03-05,80,Qualified
LEAD101768,CUST11124,REP1004,Email,2025-12-25,54,New
LEAD101769,CUST10100,REP1006,Event,2026-01-14,43,New
LEAD101770,CUST10141,REP1030,Website,2025-10-19,72,Nurturing
LEAD101771,CUST10030,REP1022,Email,2025-11-25,30,Low Priority
LEAD101772,CUST11112,REP1004,Event,2026-03-09,60,Nurturing
LEAD101773,CUST10217,REP1010,Referral,2025-11-21,54,New
LEAD101774,CUST10722,REP1013,Partner,2025-10-04,33,Low Priority
LEAD101775,CUST10976,REP1006,Email,2026-06-10,97,Qualified
LEAD101776,CUST10921,REP1026,Referral,2025-10-26,49,New
LEAD101777,CUST11139,REP1029,Referral,2025-11-21,23,Low Priority
LEAD101778,CUST10065,REP1008,Referral,2026-05-06,55,New
LEAD101779,CUST10489,REP1001,Referral,2026-09-02,98,Qualified
LEAD101780,CUST10608,REP1009,Email,2026-06-22,74,Nurturing
LEAD101781,CUST10836,REP1018,Referral,2025-10-12,71,Nurturing
LEAD101782,CUST10748,REP1025,Referral,2025-12-01,92,Qualified
LEAD101783,CUST10672,REP1011,Event,2026-06-28,26,Low Priority
LEAD101784,CUST10369,REP1009,Partner,2026-06-25,64,Nurturing
LEAD101785,CUST10128,REP1008,Event,2026-02-20,45,New
LEAD101786,CUST10518,REP1001,Email,2026-09-12,74,Nurturing
LEAD101787,CUST10312,REP1001,Event,2026-08-21,89,Qualified
LEAD101788,CUST10666,REP1013,Website,2026-06-29,26,Low Priority
LEAD101789,CUST10957,REP1019,Event,2026-07-01,32,Low Priority
LEAD101790,CUST10664,REP1001,Event,2026-07-14,97,Qualified
LEAD101791,CUST10700,REP1007,Website,2025-11-24,59,New
LEAD101792,CUST10051,REP1028,Referral,2026-06-13,45,New
LEAD101793,CUST10774,REP1030,Partner,2026-09-09,32,Low Priority
LEAD101794,CUST10528,REP1020,Partner,2025-12-22,48,New
LEAD101795,CUST10149,REP1016,Email,2025-10-06,20,Low Priority
LEAD101796,CUST10257,REP1018,Email,2026-02-09,38,Low Priority
LEAD101797,CUST10937,REP1012,Referral,2026-01-07,34,Low Priority
LEAD101798,CUST11101,REP1007,Email,2026-09-12,26,Low Priority
LEAD101799,CUST10610,REP1012,Event,2026-03-12,98,Qualified
LEAD101800,CUST11172,REP1021,Partner,2026-05-30,83,Qualified
LEAD101801,CUST10217,REP1020,Event,2026-09-24,96,Qualified
LEAD101802,CUST10360,REP1021,Email,2026-07-15,39,Low Priority
LEAD101803,CUST11117,REP1019,Event,2026-07-01,43,New
LEAD101804,CUST10211,REP1002,Event,2026-09-19,42,New
LEAD101805,CUST10792,REP1019,Website,2026-06-09,65,Nurturing
LEAD101806,CUST10264,REP1027,Event,2025-12-24,34,Low Priority
LEAD101807,CUST10398,REP1020,Website,2026-06-23,39,Low Priority
LEAD101808,CUST10574,REP1018,Event,2026-01-26,98,Qualified
LEAD101809,CUST10432,REP1007,Event,2026-01-29,48,New
LEAD101810,CUST11050,REP1024,Referral,2026-05-24,83,Qualified
LEAD101811,CUST11168,REP1014,Website,2026-01-24,38,Low Priority
LEAD101812,CUST10601,REP1008,Partner,2025-10-09,95,Qualified
LEAD101813,CUST10631,REP1015,Referral,2026-09-30,76,Nurturing
LEAD101814,CUST10067,REP1004,Partner,2026-04-27,89,Qualified
LEAD101815,CUST10282,REP1028,Website,2026-06-02,61,Nurturing
LEAD101816,CUST10048,REP1022,Website,2026-07-23,93,Qualified
LEAD101817,CUST11028,REP1010,Partner,2026-05-20,49,New
LEAD101818,CUST10273,REP1024,Email,2026-05-11,58,New
LEAD101819,CUST10409,REP1002,Referral,2026-07-17,24,Low Priority
LEAD101820,CUST11012,REP1012,Referral,2026-01-16,33,Low Priority
LEAD101821,CUST10856,REP1020,Website,2026-07-30,82,Qualified
LEAD101822,CUST10746,REP1001,Referral,2026-06-22,46,New
LEAD101823,CUST10047,REP1022,Referral,2025-12-06,28,Low Priority
LEAD101824,CUST10676,REP1025,Referral,2025-11-23,43,New
LEAD101825,CUST10674,REP1018,Referral,2026-08-18,48,New
LEAD101826,CUST10383,REP1007,Referral,2026-08-23,78,Nurturing
LEAD101827,CUST10894,REP1023,Email,2026-09-28,27,Low Priority
LEAD101828,CUST11116,REP1011,Referral,2025-11-06,22,Low Priority
LEAD101829,CUST10311,REP1023,Email,2026-08-23,78,Nurturing
LEAD101830,CUST10398,REP1019,Email,2026-08-12,31,Low Priority
LEAD101831,CUST10387,REP1003,Email,2026-07-08,53,New
LEAD101832,CUST11002,REP1003,Partner,2026-03-31,75,Nurturing
LEAD101833,CUST10094,REP1001,Event,2026-04-04,61,Nurturing
LEAD101834,CUST11076,REP1003,Referral,2026-03-06,29,Low Priority
LEAD101835,CUST10931,REP1009,Event,2025-10-11,78,Nurturing
LEAD101836,CUST10581,REP1001,Referral,2026-04-01,23,Low Priority
LEAD101837,CUST10701,REP1029,Website,2025-12-26,38,Low Priority
LEAD101838,CUST11074,REP1028,Event,2025-12-13,28,Low Priority
LEAD101839,CUST10924,REP1006,Event,2025-10-21,61,Nurturing
LEAD101840,CUST10333,REP1010,Website,2026-03-17,75,Nurturing
LEAD101841,CUST10061,REP1023,Partner,2025-10-18,72,Nurturing
LEAD101842,CUST10791,REP1020,Partner,2026-08-07,31,Low Priority
LEAD101843,CUST10175,REP1018,Referral,2026-08-21,47,New
LEAD101844,CUST10106,REP1030,Partner,2026-07-20,31,Low Priority
LEAD101845,CUST11179,REP1019,Email,2026-01-18,47,New
LEAD101846,CUST10569,REP1021,Partner,2025-11-29,38,Low Priority
LEAD101847,CUST10782,REP1016,Partner,2026-04-03,79,Nurturing
LEAD101848,CUST10261,REP1016,Event,2026-06-03,80,Qualified
LEAD101849,CUST10123,REP1009,Referral,2025-10-08,86,Qualified
LEAD101850,CUST10076,REP1016,Email,2026-08-09,36,Low Priority
LEAD101851,CUST10426,REP1028,Referral,2026-03-10,21,Low Priority
LEAD101852,CUST10005,REP1012,Event,2026-07-27,22,Low Priority
LEAD101853,CUST10505,REP1004,Referral,2025-10-29,88,Qualified
LEAD101854,CUST10390,REP1018,Event,2026-03-05,93,Qualified
LEAD101855,CUST10633,REP1024,Email,2026-03-17,37,Low Priority
LEAD101856,CUST10708,REP1029,Referral,2025-10-18,90,Qualified
LEAD101857,CUST10371,REP1017,Email,2026-06-16,62,Nurturing
LEAD101858,CUST10547,REP1024,Referral,2026-09-05,34,Low Priority
LEAD101859,CUST10094,REP1008,Referral,2026-04-16,45,New
LEAD101860,CUST10363,REP1013,Referral,2026-02-22,41,New
LEAD101861,CUST11174,REP1013,Email,2026-05-21,81,Qualified
LEAD101862,CUST11190,REP1010,Referral,2026-02-09,35,Low Priority
LEAD101863,CUST10583,REP1022,Partner,2026-02-09,34,Low Priority
LEAD101864,CUST11128,REP1027,Partner,2026-07-05,78,Nurturing
LEAD101865,CUST10602,REP1010,Website,2026-05-04,44,New
LEAD101866,CUST10151,REP1005,Referral,2026-01-05,40,New
LEAD101867,CUST11042,REP1025,Referral,2026-02-26,85,Qualified
LEAD101868,CUST10499,REP1026,Referral,2026-08-01,95,Qualified
LEAD101869,CUST10735,REP1029,Event,2026-04-11,64,Nurturing
LEAD101870,CUST10779,REP1008,Referral,2025-10-28,87,Qualified
LEAD101871,CUST10370,REP1022,Partner,2026-08-09,88,Qualified
LEAD101872,CUST10881,REP1022,Email,2026-06-28,67,Nurturing
LEAD101873,CUST10602,REP1024,Email,2026-01-06,87,Qualified
LEAD101874,CUST10440,REP1025,Email,2026-09-18,20,Low Priority
LEAD101875,CUST10358,REP1029,Partner,2026-09-13,22,Low Priority
LEAD101876,CUST10896,REP1015,Event,2026-09-29,91,Qualified
LEAD101877,CUST10300,REP1003,Event,2026-02-15,31,Low Priority
LEAD101878,CUST10149,REP1006,Referral,2026-09-03,78,Nurturing
LEAD101879,CUST11059,REP1027,Website,2026-07-22,54,New
LEAD101880,CUST10399,REP1026,Referral,2026-08-14,83,Qualified
LEAD101881,CUST10770,REP1001,Event,2026-04-18,73,Nurturing
LEAD101882,CUST10860,REP1012,Event,2026-01-10,25,Low Priority
LEAD101883,CUST11007,REP1008,Email,2025-12-22,47,New
LEAD101884,CUST10751,REP1010,Email,2026-09-18,77,Nurturing
LEAD101885,CUST10850,REP1020,Referral,2026-04-02,94,Qualified
LEAD101886,CUST11005,REP1016,Partner,2026-09-04,85,Qualified
LEAD101887,CUST11133,REP1015,Website,2026-04-21,92,Qualified
LEAD101888,CUST10057,REP1014,Partner,2026-04-14,97,Qualified
LEAD101889,CUST10892,REP1020,Website,2025-10-27,92,Qualified
LEAD101890,CUST10210,REP1021,Website,2026-02-24,67,Nurturing
LEAD101891,CUST11070,REP1002,Event,2026-04-21,47,New
LEAD101892,CUST10059,REP1005,Event,2025-11-09,61,Nurturing
LEAD101893,CUST10297,REP1011,Email,2025-11-29,84,Qualified
LEAD101894,CUST10231,REP1014,Email,2026-05-04,54,New
LEAD101895,CUST10725,REP1030,Referral,2025-12-30,87,Qualified
LEAD101896,CUST10006,REP1027,Partner,2026-06-13,76,Nurturing
LEAD101897,CUST10021,REP1020,Email,2026-03-18,36,Low Priority
LEAD101898,CUST10606,REP1002,Partner,2026-02-25,94,Qualified
LEAD101899,CUST11166,REP1004,Referral,2025-11-12,88,Qualified
LEAD101900,CUST10634,REP1014,Referral,2026-02-26,68,Nurturing
LEAD101901,CUST10536,REP1018,Event,2026-04-16,35,Low Priority
LEAD101902,CUST10790,REP1020,Referral,2026-04-28,38,Low Priority
LEAD101903,CUST10663,REP1005,Event,2026-01-07,87,Qualified
LEAD101904,CUST10462,REP1027,Email,2025-10-11,21,Low Priority
LEAD101905,CUST10707,REP1015,Event,2026-09-07,59,New
LEAD101906,CUST10004,REP1018,Partner,2026-09-15,70,Nurturing
LEAD101907,CUST10294,REP1002,Referral,2026-08-27,38,Low Priority
LEAD101908,CUST10809,REP1025,Website,2026-01-14,90,Qualified
LEAD101909,CUST10410,REP1017,Partner,2026-05-08,62,Nurturing
LEAD101910,CUST10066,REP1007,Referral,2025-11-21,25,Low Priority
LEAD101911,CUST10150,REP1010,Website,2026-08-27,45,New
LEAD101912,CUST11040,REP1011,Event,2025-10-03,52,New
LEAD101913,CUST10396,REP1001,Event,2026-03-21,38,Low Priority
LEAD101914,CUST10028,REP1029,Referral,2026-08-09,96,Qualified
LEAD101915,CUST10875,REP1025,Email,2026-06-22,49,New
LEAD101916,CUST10637,REP1027,Partner,2026-08-12,60,Nurturing
LEAD101917,CUST10542,REP1011,Partner,2026-03-31,63,Nurturing
LEAD101918,CUST11074,REP1017,Email,2025-11-04,37,Low Priority
LEAD101919,CUST10377,REP1014,Partner,2025-10-03,66,Nurturing
LEAD101920,CUST10687,REP1015,Event,2025-11-25,48,New
LEAD101921,CUST10894,REP1018,Website,2025-10-22,20,Low Priority
LEAD101922,CUST10731,REP1014,Email,2026-03-13,53,New
LEAD101923,CUST10250,REP1024,Event,2025-10-19,67,Nurturing
LEAD101924,CUST10818,REP1002,Event,2025-12-07,29,Low Priority
LEAD101925,CUST10893,REP1006,Website,2026-03-03,83,Qualified
LEAD101926,CUST10147,REP1027,Website,2026-06-26,73,Nurturing
LEAD101927,CUST10199,REP1027,Email,2026-06-04,45,New
LEAD101928,CUST10810,REP1025,Event,2025-10-22,67,Nurturing
LEAD101929,CUST10143,REP1012,Event,2026-08-26,44,New
LEAD101930,CUST11057,REP1014,Event,2026-04-19,72,Nurturing
LEAD101931,CUST10132,REP1001,Website,2026-02-05,32,Low Priority
LEAD101932,CUST11170,REP1009,Partner,2026-02-17,69,Nurturing
LEAD101933,CUST10806,REP1022,Email,2026-08-06,24,Low Priority
LEAD101934,CUST10532,REP1011,Email,2026-03-19,21,Low Priority
LEAD101935,CUST10323,REP1015,Email,2025-12-29,40,New
LEAD101936,CUST10414,REP1004,Referral,2026-03-05,34,Low Priority
LEAD101937,CUST10899,REP1015,Partner,2025-10-25,59,New
LEAD101938,CUST10904,REP1022,Partner,2025-11-25,33,Low Priority
LEAD101939,CUST10251,REP1018,Event,2026-01-23,39,Low Priority
LEAD101940,CUST10652,REP1017,Referral,2025-12-20,27,Low Priority
LEAD101941,CUST11192,REP1028,Referral,2026-02-05,91,Qualified
LEAD101942,CUST10309,REP1008,Website,2025-10-24,79,Nurturing
LEAD101943,CUST10833,REP1009,Website,2026-05-11,37,Low Priority
LEAD101944,CUST10207,REP1019,Event,2025-11-12,29,Low Priority
LEAD101945,CUST11001,REP1015,Event,2025-12-19,88,Qualified
LEAD101946,CUST10205,REP1030,Referral,2026-09-22,74,Nurturing
LEAD101947,CUST10358,REP1002,Email,2025-10-03,91,Qualified
LEAD101948,CUST10552,REP1004,Partner,2026-01-11,34,Low Priority
LEAD101949,CUST10445,REP1011,Event,2026-04-01,49,New
LEAD101950,CUST10205,REP1014,Referral,2026-01-21,29,Low Priority
LEAD101951,CUST10770,REP1027,Event,2026-01-25,54,New
LEAD101952,CUST10024,REP1015,Referral,2025-11-16,33,Low Priority
LEAD101953,CUST11181,REP1014,Email,2026-03-04,20,Low Priority
LEAD101954,CUST10063,REP1006,Referral,2026-07-03,61,Nurturing
LEAD101955,CUST10401,REP1014,Email,2026-05-03,99,Qualified
LEAD101956,CUST11116,REP1016,Referral,2026-09-03,72,Nurturing
LEAD101957,CUST10187,REP1018,Event,2026-06-13,81,Qualified
LEAD101958,CUST10088,REP1019,Email,2026-07-16,85,Qualified
LEAD101959,CUST10893,REP1013,Referral,2026-03-07,98,Qualified
LEAD101960,CUST10088,REP1005,Event,2026-05-12,30,Low Priority
LEAD101961,CUST11080,REP1005,Email,2026-04-30,40,New
LEAD101962,CUST10542,REP1005,Partner,2026-07-24,69,Nurturing
LEAD101963,CUST11044,REP1019,Website,2026-04-01,86,Qualified
LEAD101964,CUST10295,REP1026,Event,2026-02-25,82,Qualified
LEAD101965,CUST10170,REP1027,Email,2025-10-26,78,Nurturing
LEAD101966,CUST11156,REP1010,Email,2026-08-10,45,New
LEAD101967,CUST10915,REP1003,Event,2026-03-08,49,New
LEAD101968,CUST11094,REP1019,Email,2026-07-19,26,Low Priority
LEAD101969,CUST10384,REP1002,Referral,2026-06-05,45,New
LEAD101970,CUST10486,REP1019,Referral,2025-10-01,32,Low Priority
LEAD101971,CUST10693,REP1012,Website,2026-05-26,95,Qualified
LEAD101972,CUST10539,REP1026,Website,2026-03-28,27,Low Priority
LEAD101973,CUST10292,REP1019,Email,2025-12-27,49,New
LEAD101974,CUST10451,REP1023,Event,2026-01-05,91,Qualified
LEAD101975,CUST10731,REP1013,Website,2026-05-21,97,Qualified
LEAD101976,CUST10046,REP1026,Partner,2025-11-01,50,New
LEAD101977,CUST10404,REP1016,Website,2026-05-10,57,New
LEAD101978,CUST10352,REP1019,Partner,2026-08-05,62,Nurturing
LEAD101979,CUST10085,REP1011,Email,2025-11-01,86,Qualified
LEAD101980,CUST10148,REP1014,Event,2025-10-03,82,Qualified
LEAD101981,CUST10595,REP1026,Event,2025-10-23,62,Nurturing
LEAD101982,CUST10123,REP1012,Referral,2026-06-24,50,New
LEAD101983,CUST10414,REP1001,Event,2026-08-06,50,New
LEAD101984,CUST10674,REP1012,Email,2026-09-26,72,Nurturing
LEAD101985,CUST11049,REP1012,Referral,2025-10-11,87,Qualified
LEAD101986,CUST10119,REP1013,Referral,2026-03-25,26,Low Priority
LEAD101987,CUST10522,REP1003,Website,2025-10-18,82,Qualified
LEAD101988,CUST10124,REP1004,Event,2026-02-13,58,New
LEAD101989,CUST10515,REP1010,Referral,2026-01-21,31,Low Priority
LEAD101990,CUST10577,REP1013,Referral,2026-05-10,27,Low Priority
LEAD101991,CUST10960,REP1001,Partner,2026-08-28,47,New
LEAD101992,CUST10531,REP1012,Website,2026-07-21,40,New
LEAD101993,CUST11123,REP1010,Event,2025-10-24,28,Low Priority
LEAD101994,CUST10166,REP1002,Email,2025-12-27,43,New
LEAD101995,CUST10064,REP1008,Website,2026-01-09,87,Qualified
LEAD101996,CUST10006,REP1009,Website,2025-12-31,78,Nurturing
LEAD101997,CUST10429,REP1005,Website,2026-02-06,36,Low Priority
LEAD101998,CUST10232,REP1023,Event,2026-05-10,74,Nurturing
LEAD101999,CUST10110,REP1003,Partner,2026-06-27,56,New
LEAD102000,CUST10284,REP1018,Email,2026-09-09,80,Qualified
LEAD102001,CUST11170,REP1020,Website,2026-06-14,40,New
LEAD102002,CUST10961,REP1025,Referral,2026-01-17,25,Low Priority
LEAD102003,CUST10023,REP1017,Partner,2025-12-07,45,New
LEAD102004,CUST11099,REP1017,Referral,2026-02-15,100,Qualified
LEAD102005,CUST10247,REP1023,Email,2026-07-19,65,Nurturing
LEAD102006,CUST10488,REP1026,Event,2026-09-28,24,Low Priority
LEAD102007,CUST10394,REP1007,Referral,2026-02-21,99,Qualified
LEAD102008,CUST10487,REP1024,Email,2025-12-04,86,Qualified
LEAD102009,CUST10913,REP1014,Event,2025-10-02,64,Nurturing
LEAD102010,CUST10855,REP1003,Event,2025-10-29,79,Nurturing
LEAD102011,CUST10713,REP1019,Website,2026-05-21,34,Low Priority
LEAD102012,CUST10753,REP1030,Website,2026-05-04,67,Nurturing
LEAD102013,CUST10874,REP1005,Event,2026-05-23,93,Qualified
LEAD102014,CUST10221,REP1001,Event,2025-10-09,55,New
LEAD102015,CUST10475,REP1028,Referral,2026-03-09,23,Low Priority
LEAD102016,CUST10130,REP1018,Partner,2025-12-05,81,Qualified
LEAD102017,CUST10846,REP1007,Partner,2026-01-31,79,Nurturing
LEAD102018,CUST10526,REP1024,Email,2026-05-16,79,Nurturing
LEAD102019,CUST10765,REP1012,Email,2026-01-09,72,Nurturing
LEAD102020,CUST10678,REP1010,Referral,2026-05-29,31,Low Priority
LEAD102021,CUST10329,REP1009,Event,2026-01-14,29,Low Priority
LEAD102022,CUST10167,REP1018,Website,2026-04-05,84,Qualified
LEAD102023,CUST11168,REP1005,Website,2026-03-17,89,Qualified
LEAD102024,CUST10352,REP1011,Event,2026-02-18,26,Low Priority
LEAD102025,CUST10132,REP1010,Website,2025-11-16,67,Nurturing
LEAD102026,CUST10368,REP1002,Event,2026-04-29,60,Nurturing
LEAD102027,CUST11083,REP1023,Referral,2026-09-27,48,New
LEAD102028,CUST10314,REP1001,Referral,2026-05-23,72,Nurturing
LEAD102029,CUST11185,REP1029,Website,2026-06-30,94,Qualified
LEAD102030,CUST10553,REP1003,Event,2026-07-21,86,Qualified
LEAD102031,CUST11035,REP1011,Referral,2025-10-14,32,Low Priority
LEAD102032,CUST10784,REP1003,Website,2026-07-17,57,New
LEAD102033,CUST10053,REP1012,Partner,2025-12-28,95,Qualified
LEAD102034,CUST10612,REP1019,Website,2026-05-31,39,Low Priority
LEAD102035,CUST10501,REP1003,Email,2026-09-25,89,Qualified
LEAD102036,CUST10242,REP1016,Website,2026-08-23,59,New
LEAD102037,CUST10660,REP1024,Partner,2026-03-01,62,Nurturing
LEAD102038,CUST10124,REP1014,Referral,2026-08-02,40,New
LEAD102039,CUST10838,REP1004,Website,2026-05-14,94,Qualified
LEAD102040,CUST10987,REP1021,Website,2025-11-18,62,Nurturing
LEAD102041,CUST10112,REP1006,Partner,2025-12-27,66,Nurturing
LEAD102042,CUST10576,REP1001,Referral,2026-09-15,57,New
LEAD102043,CUST10787,REP1014,Website,2026-08-31,27,Low Priority
LEAD102044,CUST10075,REP1009,Website,2026-08-22,83,Qualified
LEAD102045,CUST10468,REP1001,Event,2026-02-18,46,New
LEAD102046,CUST10310,REP1024,Email,2026-01-26,39,Low Priority
LEAD102047,CUST10048,REP1018,Email,2026-07-22,83,Qualified
LEAD102048,CUST10965,REP1028,Event,2025-10-08,36,Low Priority
LEAD102049,CUST10534,REP1015,Website,2026-08-24,75,Nurturing
LEAD102050,CUST10903,REP1014,Email,2026-05-09,58,New
LEAD102051,CUST10705,REP1026,Email,2026-05-19,84,Qualified
LEAD102052,CUST11051,REP1003,Referral,2026-03-10,24,Low Priority
LEAD102053,CUST11197,REP1011,Partner,2026-09-23,82,Qualified
LEAD102054,CUST10723,REP1024,Email,2026-07-01,38,Low Priority
LEAD102055,CUST10423,REP1009,Email,2025-10-20,90,Qualified
LEAD102056,CUST10508,REP1027,Referral,2026-04-10,48,New
LEAD102057,CUST10991,REP1009,Email,2026-08-10,20,Low Priority
LEAD102058,CUST10512,REP1013,Email,2025-10-28,59,New
LEAD102059,CUST10624,REP1027,Website,2026-06-26,24,Low Priority
LEAD102060,CUST10233,REP1008,Partner,2025-12-29,41,New
LEAD102061,CUST11189,REP1030,Partner,2026-04-03,78,Nurturing
LEAD102062,CUST10781,REP1002,Referral,2026-08-19,65,Nurturing
LEAD102063,CUST10397,REP1008,Website,2026-03-29,77,Nurturing
LEAD102064,CUST10703,REP1018,Website,2025-10-14,91,Qualified
LEAD102065,CUST10482,REP1018,Email,2025-10-08,57,New
LEAD102066,CUST10186,REP1028,Event,2026-06-26,64,Nurturing
LEAD102067,CUST11050,REP1029,Partner,2026-09-05,24,Low Priority
LEAD102068,CUST11063,REP1021,Event,2026-01-15,43,New
LEAD102069,CUST11002,REP1020,Event,2026-09-07,78,Nurturing
LEAD102070,CUST10443,REP1010,Email,2026-03-15,25,Low Priority
LEAD102071,CUST10308,REP1025,Partner,2025-10-22,49,New
LEAD102072,CUST10060,REP1020,Event,2026-04-12,31,Low Priority
LEAD102073,CUST10878,REP1001,Email,2026-09-21,89,Qualified
LEAD102074,CUST10394,REP1025,Event,2025-12-31,65,Nurturing
LEAD102075,CUST11071,REP1011,Event,2026-09-16,72,Nurturing
LEAD102076,CUST11044,REP1015,Website,2026-05-26,75,Nurturing
LEAD102077,CUST10154,REP1015,Email,2026-02-22,38,Low Priority
LEAD102078,CUST11101,REP1025,Email,2026-06-11,24,Low Priority
LEAD102079,CUST10169,REP1009,Event,2026-02-24,52,New
LEAD102080,CUST10589,REP1012,Referral,2025-11-01,35,Low Priority
LEAD102081,CUST10569,REP1002,Event,2026-08-14,46,New
LEAD102082,CUST11148,REP1011,Partner,2026-02-14,45,New
LEAD102083,CUST10789,REP1003,Referral,2026-04-25,83,Qualified
LEAD102084,CUST11051,REP1018,Website,2026-06-29,45,New
LEAD102085,CUST10715,REP1027,Referral,2025-10-31,32,Low Priority
LEAD102086,CUST10991,REP1014,Event,2026-06-21,97,Qualified
LEAD102087,CUST11023,REP1028,Email,2026-02-11,23,Low Priority
LEAD102088,CUST11032,REP1030,Email,2026-04-17,36,Low Priority
LEAD102089,CUST10494,REP1002,Event,2026-03-16,48,New
LEAD102090,CUST10459,REP1016,Referral,2026-07-11,25,Low Priority
LEAD102091,CUST11182,REP1016,Email,2025-12-08,92,Qualified
LEAD102092,CUST10908,REP1012,Referral,2025-11-09,48,New
LEAD102093,CUST11101,REP1025,Event,2026-02-27,83,Qualified
LEAD102094,CUST10693,REP1012,Partner,2025-11-13,30,Low Priority
LEAD102095,CUST11115,REP1002,Event,2025-12-28,62,Nurturing
LEAD102096,CUST10864,REP1017,Email,2026-05-28,30,Low Priority
LEAD102097,CUST10892,REP1007,Email,2026-07-26,38,Low Priority
LEAD102098,CUST10214,REP1011,Event,2026-06-11,53,New
LEAD102099,CUST10681,REP1016,Email,2026-01-24,89,Qualified
LEAD102100,CUST10878,REP1022,Referral,2026-07-25,44,New
LEAD102101,CUST10914,REP1009,Partner,2026-02-26,81,Qualified
LEAD102102,CUST11150,REP1012,Partner,2025-12-06,27,Low Priority
LEAD102103,CUST10393,REP1003,Website,2026-07-04,40,New
LEAD102104,CUST10364,REP1012,Partner,2026-04-07,68,Nurturing
LEAD102105,CUST11164,REP1018,Partner,2026-02-13,57,New
LEAD102106,CUST11184,REP1019,Referral,2026-05-30,60,Nurturing
LEAD102107,CUST10216,REP1009,Website,2026-06-22,74,Nurturing
LEAD102108,CUST10455,REP1002,Partner,2025-12-21,26,Low Priority
LEAD102109,CUST11138,REP1018,Partner,2025-11-12,76,Nurturing
LEAD102110,CUST10240,REP1020,Website,2026-04-07,89,Qualified
LEAD102111,CUST10940,REP1003,Email,2025-10-19,82,Qualified
LEAD102112,CUST10135,REP1016,Website,2026-05-22,43,New
LEAD102113,CUST10214,REP1003,Website,2026-03-10,48,New
LEAD102114,CUST10942,REP1014,Partner,2025-12-18,97,Qualified
LEAD102115,CUST10729,REP1020,Referral,2026-05-07,83,Qualified
LEAD102116,CUST10666,REP1022,Event,2026-02-15,95,Qualified
LEAD102117,CUST11028,REP1022,Website,2026-02-19,93,Qualified
LEAD102118,CUST10369,REP1023,Referral,2025-12-18,55,New
LEAD102119,CUST10604,REP1008,Email,2026-06-04,30,Low Priority
LEAD102120,CUST10731,REP1026,Referral,2026-08-26,38,Low Priority
LEAD102121,CUST10888,REP1011,Event,2026-05-14,43,New
LEAD102122,CUST10399,REP1012,Email,2025-12-26,87,Qualified
LEAD102123,CUST10761,REP1024,Event,2026-08-01,42,New
LEAD102124,CUST10539,REP1010,Event,2025-11-14,49,New
LEAD102125,CUST10651,REP1003,Website,2026-01-14,88,Qualified
LEAD102126,CUST11036,REP1022,Partner,2025-10-13,33,Low Priority
LEAD102127,CUST10473,REP1020,Email,2026-08-06,73,Nurturing
LEAD102128,CUST10802,REP1018,Website,2025-10-17,64,Nurturing
LEAD102129,CUST11131,REP1005,Partner,2026-04-18,99,Qualified
LEAD102130,CUST10915,REP1019,Email,2025-12-09,59,New
LEAD102131,CUST11187,REP1006,Email,2025-12-17,62,Nurturing
LEAD102132,CUST10701,REP1017,Partner,2026-05-10,88,Qualified
LEAD102133,CUST10339,REP1016,Event,2026-07-21,100,Qualified
LEAD102134,CUST11190,REP1024,Email,2025-10-07,79,Nurturing
LEAD102135,CUST10774,REP1030,Website,2025-11-27,76,Nurturing
LEAD102136,CUST10290,REP1006,Referral,2026-01-13,90,Qualified
LEAD102137,CUST10381,REP1004,Event,2026-09-10,99,Qualified
LEAD102138,CUST10315,REP1017,Website,2025-10-22,79,Nurturing
LEAD102139,CUST11001,REP1029,Website,2025-12-05,43,New
LEAD102140,CUST10112,REP1005,Referral,2026-02-25,72,Nurturing
LEAD102141,CUST10888,REP1015,Event,2026-01-27,39,Low Priority
LEAD102142,CUST10665,REP1013,Email,2025-10-18,60,Nurturing
LEAD102143,CUST10089,REP1010,Website,2026-04-16,56,New
LEAD102144,CUST10737,REP1020,Referral,2026-05-10,99,Qualified
LEAD102145,CUST10904,REP1009,Event,2025-12-04,64,Nurturing
LEAD102146,CUST10872,REP1015,Referral,2026-06-09,97,Qualified
LEAD102147,CUST10635,REP1026,Partner,2025-10-21,85,Qualified
LEAD102148,CUST10403,REP1012,Partner,2026-06-24,88,Qualified
LEAD102149,CUST10197,REP1001,Email,2026-01-03,33,Low Priority
LEAD102150,CUST10015,REP1027,Email,2025-12-21,82,Qualified
LEAD102151,CUST10432,REP1009,Event,2025-12-11,40,New
LEAD102152,CUST10759,REP1024,Website,2026-08-14,66,Nurturing
LEAD102153,CUST10046,REP1023,Partner,2026-04-02,59,New
LEAD102154,CUST11199,REP1016,Email,2026-06-09,41,New
LEAD102155,CUST10704,REP1003,Partner,2025-12-14,99,Qualified
LEAD102156,CUST10354,REP1029,Email,2025-10-21,90,Qualified
LEAD102157,CUST11155,REP1021,Email,2025-10-14,66,Nurturing
LEAD102158,CUST10221,REP1013,Referral,2026-03-10,20,Low Priority
LEAD102159,CUST11150,REP1026,Website,2026-01-28,34,Low Priority
LEAD102160,CUST10339,REP1024,Event,2026-07-08,38,Low Priority
LEAD102161,CUST10456,REP1023,Event,2026-07-15,98,Qualified
LEAD102162,CUST10511,REP1006,Event,2026-01-22,52,New
LEAD102163,CUST11194,REP1019,Referral,2026-03-08,23,Low Priority
LEAD102164,CUST10302,REP1009,Referral,2026-02-17,67,Nurturing
LEAD102165,CUST11168,REP1003,Referral,2026-06-04,96,Qualified
LEAD102166,CUST10417,REP1011,Website,2026-05-18,65,Nurturing
LEAD102167,CUST10343,REP1004,Website,2026-05-26,55,New
LEAD102168,CUST10766,REP1004,Referral,2025-10-21,34,Low Priority
LEAD102169,CUST10833,REP1022,Event,2026-02-01,91,Qualified
LEAD102170,CUST10415,REP1016,Referral,2026-09-18,28,Low Priority
LEAD102171,CUST10161,REP1012,Partner,2026-02-02,95,Qualified
LEAD102172,CUST10476,REP1006,Partner,2025-12-03,38,Low Priority
LEAD102173,CUST10649,REP1024,Referral,2025-12-12,31,Low Priority
LEAD102174,CUST10049,REP1020,Event,2025-10-10,48,New
LEAD102175,CUST10095,REP1018,Website,2026-07-12,20,Low Priority
LEAD102176,CUST11102,REP1006,Event,2025-10-02,21,Low Priority
LEAD102177,CUST10044,REP1004,Email,2026-05-06,35,Low Priority
LEAD102178,CUST10489,REP1004,Referral,2026-02-23,76,Nurturing
LEAD102179,CUST10917,REP1001,Email,2025-11-04,85,Qualified
LEAD102180,CUST10394,REP1030,Partner,2026-08-19,40,New
LEAD102181,CUST10594,REP1012,Event,2026-06-28,72,Nurturing
LEAD102182,CUST10104,REP1020,Website,2026-07-27,48,New
LEAD102183,CUST10954,REP1030,Website,2026-09-07,55,New
LEAD102184,CUST10762,REP1029,Partner,2026-08-29,47,New
LEAD102185,CUST11022,REP1010,Event,2026-06-13,92,Qualified
LEAD102186,CUST11037,REP1015,Website,2026-04-13,61,Nurturing
LEAD102187,CUST10421,REP1014,Email,2026-06-12,61,Nurturing
LEAD102188,CUST10050,REP1002,Event,2026-03-13,89,Qualified
LEAD102189,CUST10416,REP1024,Partner,2025-12-06,73,Nurturing
LEAD102190,CUST10175,REP1018,Event,2026-02-18,32,Low Priority
LEAD102191,CUST10640,REP1012,Email,2026-03-20,35,Low Priority
LEAD102192,CUST10176,REP1017,Referral,2025-10-17,47,New
LEAD102193,CUST11107,REP1023,Event,2026-08-06,27,Low Priority
LEAD102194,CUST10723,REP1001,Email,2026-08-28,76,Nurturing
LEAD102195,CUST10304,REP1020,Website,2026-03-03,60,Nurturing
LEAD102196,CUST11106,REP1026,Partner,2026-03-31,23,Low Priority
LEAD102197,CUST10924,REP1022,Email,2026-08-03,52,New
LEAD102198,CUST10526,REP1019,Event,2026-03-16,87,Qualified
LEAD102199,CUST10176,REP1003,Email,2026-06-09,93,Qualified
LEAD102200,CUST10413,REP1023,Partner,2026-04-07,97,Qualified
LEAD102201,CUST10701,REP1023,Referral,2026-01-07,94,Qualified
LEAD102202,CUST10920,REP1015,Website,2026-07-17,69,Nurturing
LEAD102203,CUST10315,REP1018,Website,2025-12-10,95,Qualified
LEAD102204,CUST10892,REP1019,Email,2025-12-21,97,Qualified
LEAD102205,CUST10340,REP1004,Event,2026-06-10,71,Nurturing
LEAD102206,CUST10297,REP1008,Website,2026-06-17,53,New
LEAD102207,CUST10537,REP1024,Email,2026-09-14,98,Qualified
LEAD102208,CUST10193,REP1030,Partner,2026-06-17,53,New
LEAD102209,CUST10486,REP1009,Website,2025-10-10,33,Low Priority
LEAD102210,CUST10430,REP1013,Referral,2026-08-07,28,Low Priority
LEAD102211,CUST10337,REP1028,Referral,2026-03-01,65,Nurturing
LEAD102212,CUST10931,REP1005,Email,2025-10-04,22,Low Priority
LEAD102213,CUST10399,REP1008,Referral,2026-04-30,29,Low Priority
LEAD102214,CUST10835,REP1002,Event,2025-12-02,39,Low Priority
LEAD102215,CUST10865,REP1008,Referral,2026-03-01,62,Nurturing
LEAD102216,CUST10800,REP1020,Website,2026-03-21,58,New
LEAD102217,CUST10324,REP1011,Website,2025-10-28,61,Nurturing
LEAD102218,CUST10996,REP1030,Partner,2026-08-07,61,Nurturing
LEAD102219,CUST10284,REP1027,Partner,2026-04-05,100,Qualified
LEAD102220,CUST10333,REP1027,Email,2026-09-18,37,Low Priority
LEAD102221,CUST11050,REP1022,Partner,2026-03-19,58,New
LEAD102222,CUST10408,REP1022,Website,2026-05-06,69,Nurturing
LEAD102223,CUST10837,REP1016,Referral,2026-07-24,42,New
LEAD102224,CUST10051,REP1030,Partner,2025-12-17,34,Low Priority
LEAD102225,CUST10738,REP1003,Referral,2026-08-28,23,Low Priority
LEAD102226,CUST11043,REP1022,Email,2025-12-07,46,New
LEAD102227,CUST10851,REP1005,Event,2026-09-29,40,New
LEAD102228,CUST10699,REP1011,Referral,2026-05-22,35,Low Priority
LEAD102229,CUST11019,REP1008,Partner,2026-04-08,41,New
LEAD102230,CUST10358,REP1019,Event,2025-12-16,76,Nurturing
LEAD102231,CUST10453,REP1024,Referral,2026-04-26,87,Qualified
LEAD102232,CUST10084,REP1003,Partner,2026-04-20,61,Nurturing
LEAD102233,CUST10839,REP1019,Referral,2026-09-25,25,Low Priority
LEAD102234,CUST10869,REP1007,Email,2026-08-01,79,Nurturing
LEAD102235,CUST10902,REP1003,Email,2026-03-26,32,Low Priority
LEAD102236,CUST10899,REP1013,Website,2026-02-20,24,Low Priority
LEAD102237,CUST10153,REP1018,Website,2026-02-19,66,Nurturing
LEAD102238,CUST10800,REP1007,Website,2026-02-16,54,New
LEAD102239,CUST10916,REP1012,Website,2025-10-05,45,New
LEAD102240,CUST10245,REP1029,Website,2025-10-14,98,Qualified
LEAD102241,CUST10572,REP1011,Email,2026-07-02,27,Low Priority
LEAD102242,CUST11096,REP1030,Event,2026-01-01,24,Low Priority
LEAD102243,CUST10498,REP1026,Partner,2026-02-28,67,Nurturing
LEAD102244,CUST10904,REP1012,Event,2026-06-12,53,New
LEAD102245,CUST10637,REP1018,Email,2026-05-10,84,Qualified
LEAD102246,CUST10790,REP1022,Event,2026-02-09,23,Low Priority
LEAD102247,CUST10752,REP1014,Email,2026-07-02,53,New
LEAD102248,CUST10782,REP1013,Website,2025-11-27,31,Low Priority
LEAD102249,CUST10936,REP1010,Partner,2026-03-22,23,Low Priority
LEAD102250,CUST11086,REP1005,Partner,2025-11-08,57,New
LEAD102251,CUST10355,REP1001,Email,2026-04-13,79,Nurturing
LEAD102252,CUST11114,REP1011,Email,2025-11-04,32,Low Priority
LEAD102253,CUST10754,REP1024,Website,2026-09-09,88,Qualified
LEAD102254,CUST10715,REP1008,Email,2026-05-29,62,Nurturing
LEAD102255,CUST10394,REP1006,Event,2025-12-29,58,New
LEAD102256,CUST10501,REP1010,Website,2026-05-12,94,Qualified
LEAD102257,CUST10782,REP1018,Partner,2026-02-05,46,New
LEAD102258,CUST10437,REP1007,Event,2026-04-08,36,Low Priority
LEAD102259,CUST10345,REP1007,Website,2025-12-01,83,Qualified
LEAD102260,CUST10983,REP1004,Website,2026-04-01,28,Low Priority
LEAD102261,CUST10499,REP1010,Event,2025-11-08,90,Qualified
LEAD102262,CUST10774,REP1007,Website,2025-11-25,86,Qualified
LEAD102263,CUST10038,REP1025,Email,2026-05-02,99,Qualified
LEAD102264,CUST10093,REP1028,Event,2026-04-01,57,New
LEAD102265,CUST11018,REP1012,Partner,2026-01-16,70,Nurturing
LEAD102266,CUST10171,REP1003,Partner,2025-10-22,91,Qualified
LEAD102267,CUST10955,REP1003,Partner,2026-03-04,30,Low Priority
LEAD102268,CUST11081,REP1010,Referral,2026-09-03,44,New
LEAD102269,CUST10578,REP1014,Referral,2026-06-16,58,New
LEAD102270,CUST11062,REP1016,Partner,2025-10-22,70,Nurturing
LEAD102271,CUST10513,REP1010,Event,2026-09-08,75,Nurturing
LEAD102272,CUST11143,REP1011,Event,2026-03-04,94,Qualified
LEAD102273,CUST10285,REP1009,Event,2026-04-29,59,New
LEAD102274,CUST10514,REP1016,Website,2025-10-01,33,Low Priority
LEAD102275,CUST10467,REP1021,Referral,2026-01-22,35,Low Priority
LEAD102276,CUST10941,REP1002,Email,2026-07-14,84,Qualified
LEAD102277,CUST10053,REP1015,Partner,2026-01-29,57,New
LEAD102278,CUST10994,REP1020,Referral,2025-11-30,71,Nurturing
LEAD102279,CUST10029,REP1021,Referral,2025-11-03,65,Nurturing
LEAD102280,CUST10379,REP1017,Website,2026-09-03,85,Qualified
LEAD102281,CUST10716,REP1016,Referral,2026-07-24,37,Low Priority
LEAD102282,CUST10175,REP1021,Partner,2025-10-17,33,Low Priority
LEAD102283,CUST10589,REP1012,Partner,2026-09-03,79,Nurturing
LEAD102284,CUST11197,REP1018,Partner,2026-07-27,55,New
LEAD102285,CUST10988,REP1010,Referral,2026-02-09,86,Qualified
LEAD102286,CUST10037,REP1014,Referral,2026-05-28,30,Low Priority
LEAD102287,CUST10711,REP1004,Event,2026-01-03,42,New
LEAD102288,CUST10717,REP1011,Partner,2025-12-31,97,Qualified
LEAD102289,CUST10082,REP1005,Referral,2026-06-18,88,Qualified
LEAD102290,CUST10781,REP1007,Email,2025-12-13,25,Low Priority
LEAD102291,CUST10626,REP1013,Partner,2026-02-07,86,Qualified
LEAD102292,CUST10819,REP1016,Partner,2026-02-08,25,Low Priority
LEAD102293,CUST10358,REP1029,Referral,2025-11-24,29,Low Priority
LEAD102294,CUST10307,REP1001,Email,2026-07-30,92,Qualified
LEAD102295,CUST10884,REP1027,Website,2026-06-03,30,Low Priority
LEAD102296,CUST10866,REP1010,Event,2026-08-11,44,New
LEAD102297,CUST10195,REP1022,Partner,2026-04-10,30,Low Priority
LEAD102298,CUST10260,REP1021,Partner,2025-12-03,68,Nurturing
LEAD102299,CUST10704,REP1030,Referral,2026-01-11,24,Low Priority
LEAD102300,CUST10995,REP1004,Partner,2026-02-07,43,New
LEAD102301,CUST10243,REP1030,Email,2026-09-09,46,New
LEAD102302,CUST10263,REP1002,Partner,2025-12-26,72,Nurturing
LEAD102303,CUST10970,REP1027,Website,2026-06-10,60,Nurturing
LEAD102304,CUST10837,REP1020,Partner,2025-11-14,35,Low Priority
LEAD102305,CUST11083,REP1015,Referral,2026-09-14,57,New
LEAD102306,CUST10941,REP1012,Website,2026-05-24,57,New
LEAD102307,CUST11144,REP1003,Event,2026-03-07,48,New
LEAD102308,CUST10227,REP1025,Referral,2026-02-04,63,Nurturing
LEAD102309,CUST10327,REP1022,Partner,2026-02-07,46,New
LEAD102310,CUST10286,REP1029,Website,2025-12-22,47,New
LEAD102311,CUST10067,REP1022,Referral,2026-05-07,83,Qualified
LEAD102312,CUST10935,REP1029,Referral,2026-08-13,40,New
LEAD102313,CUST10795,REP1027,Website,2025-12-28,46,New
LEAD102314,CUST10104,REP1013,Event,2026-07-01,31,Low Priority
LEAD102315,CUST10238,REP1022,Referral,2026-04-25,76,Nurturing
LEAD102316,CUST10229,REP1008,Partner,2026-07-10,77,Nurturing
LEAD102317,CUST10484,REP1024,Partner,2026-07-08,74,Nurturing
LEAD102318,CUST10547,REP1019,Partner,2025-10-15,33,Low Priority
LEAD102319,CUST10347,REP1014,Partner,2025-10-08,56,New
LEAD102320,CUST11117,REP1019,Partner,2026-08-31,43,New
LEAD102321,CUST10256,REP1009,Website,2025-11-26,81,Qualified
LEAD102322,CUST10675,REP1019,Email,2026-04-28,47,New
LEAD102323,CUST10526,REP1015,Website,2026-07-02,53,New
LEAD102324,CUST10466,REP1010,Partner,2026-04-02,56,New
LEAD102325,CUST10991,REP1030,Referral,2025-10-03,81,Qualified
LEAD102326,CUST11175,REP1002,Partner,2025-10-04,76,Nurturing
LEAD102327,CUST10008,REP1023,Website,2026-06-02,86,Qualified
LEAD102328,CUST10557,REP1007,Email,2026-08-24,54,New
LEAD102329,CUST10143,REP1007,Partner,2026-02-03,86,Qualified
LEAD102330,CUST10521,REP1005,Website,2026-04-17,90,Qualified
LEAD102331,CUST10741,REP1004,Website,2026-09-06,62,Nurturing
LEAD102332,CUST10494,REP1004,Partner,2026-07-29,75,Nurturing
LEAD102333,CUST10371,REP1025,Email,2026-04-16,93,Qualified
LEAD102334,CUST10375,REP1028,Partner,2026-05-28,87,Qualified
LEAD102335,CUST10360,REP1018,Email,2026-09-16,42,New
LEAD102336,CUST10391,REP1001,Email,2026-07-18,78,Nurturing
LEAD102337,CUST10449,REP1026,Event,2026-03-01,56,New
LEAD102338,CUST10826,REP1019,Event,2026-06-10,32,Low Priority
LEAD102339,CUST10116,REP1016,Event,2026-01-29,50,New
LEAD102340,CUST10050,REP1029,Email,2026-09-02,99,Qualified
LEAD102341,CUST10621,REP1013,Partner,2025-11-04,97,Qualified
LEAD102342,CUST10819,REP1011,Partner,2025-12-22,83,Qualified
LEAD102343,CUST10311,REP1024,Email,2026-02-04,100,Qualified
LEAD102344,CUST10242,REP1016,Website,2025-12-13,66,Nurturing
LEAD102345,CUST10750,REP1022,Email,2026-05-06,81,Qualified
LEAD102346,CUST10462,REP1021,Partner,2026-06-18,33,Low Priority
LEAD102347,CUST10884,REP1026,Partner,2026-08-22,44,New
LEAD102348,CUST10176,REP1010,Event,2026-04-02,33,Low Priority
LEAD102349,CUST10146,REP1003,Email,2026-05-15,95,Qualified
LEAD102350,CUST10664,REP1015,Event,2026-05-07,69,Nurturing
LEAD102351,CUST10471,REP1020,Event,2025-10-02,95,Qualified
LEAD102352,CUST10876,REP1025,Event,2026-06-16,53,New
LEAD102353,CUST10608,REP1009,Referral,2025-10-09,52,New
LEAD102354,CUST10426,REP1023,Website,2026-04-18,74,Nurturing
LEAD102355,CUST10192,REP1025,Referral,2026-09-30,66,Nurturing
LEAD102356,CUST10197,REP1025,Email,2026-07-15,50,New
LEAD102357,CUST10908,REP1025,Event,2026-04-03,45,New
LEAD102358,CUST10272,REP1030,Event,2026-01-25,61,Nurturing
LEAD102359,CUST10603,REP1020,Email,2026-08-02,26,Low Priority
LEAD102360,CUST10982,REP1012,Email,2026-08-10,35,Low Priority
LEAD102361,CUST11078,REP1014,Event,2026-02-12,23,Low Priority
LEAD102362,CUST10322,REP1023,Email,2025-11-09,32,Low Priority
LEAD102363,CUST10132,REP1008,Website,2026-05-01,36,Low Priority
LEAD102364,CUST10930,REP1019,Partner,2026-05-20,26,Low Priority
LEAD102365,CUST10825,REP1018,Referral,2026-09-06,24,Low Priority
LEAD102366,CUST10398,REP1020,Email,2026-08-21,86,Qualified
LEAD102367,CUST10713,REP1013,Email,2025-12-23,34,Low Priority
LEAD102368,CUST10227,REP1023,Referral,2026-01-01,64,Nurturing
LEAD102369,CUST10841,REP1003,Referral,2026-09-29,27,Low Priority
LEAD102370,CUST10873,REP1023,Website,2026-01-28,96,Qualified
LEAD102371,CUST10360,REP1025,Referral,2026-03-17,39,Low Priority
LEAD102372,CUST10563,REP1027,Event,2026-01-20,80,Qualified
LEAD102373,CUST10401,REP1028,Email,2026-02-21,71,Nurturing
LEAD102374,CUST10038,REP1011,Event,2026-04-24,82,Qualified
LEAD102375,CUST10153,REP1002,Event,2026-01-15,70,Nurturing
LEAD102376,CUST11152,REP1020,Event,2026-02-28,61,Nurturing
LEAD102377,CUST10548,REP1003,Website,2026-02-06,82,Qualified
LEAD102378,CUST10178,REP1009,Referral,2025-11-09,86,Qualified
LEAD102379,CUST10054,REP1022,Website,2026-07-15,50,New
LEAD102380,CUST10425,REP1018,Website,2026-08-22,96,Qualified
LEAD102381,CUST11180,REP1019,Referral,2026-03-29,99,Qualified
LEAD102382,CUST10462,REP1023,Referral,2025-12-14,78,Nurturing
LEAD102383,CUST11200,REP1005,Website,2026-05-23,95,Qualified
LEAD102384,CUST10588,REP1024,Event,2026-04-13,28,Low Priority
LEAD102385,CUST10917,REP1018,Partner,2026-04-20,63,Nurturing
LEAD102386,CUST10943,REP1013,Email,2026-05-06,72,Nurturing
LEAD102387,CUST10034,REP1014,Email,2026-06-20,95,Qualified
LEAD102388,CUST10008,REP1016,Event,2025-10-15,29,Low Priority
LEAD102389,CUST11107,REP1017,Website,2025-11-06,85,Qualified
LEAD102390,CUST11119,REP1011,Referral,2025-11-04,26,Low Priority
LEAD102391,CUST10160,REP1007,Referral,2025-11-26,49,New
LEAD102392,CUST10776,REP1006,Partner,2026-09-20,76,Nurturing
LEAD102393,CUST11109,REP1011,Partner,2026-06-24,43,New
LEAD102394,CUST11141,REP1008,Email,2026-05-31,87,Qualified
LEAD102395,CUST10356,REP1016,Partner,2026-06-13,95,Qualified
LEAD102396,CUST10981,REP1028,Referral,2025-10-13,32,Low Priority
LEAD102397,CUST10776,REP1004,Partner,2025-12-17,40,New
LEAD102398,CUST11114,REP1010,Event,2026-07-17,26,Low Priority
LEAD102399,CUST10177,REP1002,Partner,2026-03-18,77,Nurturing
LEAD102400,CUST10722,REP1030,Partner,2026-04-04,91,Qualified
LEAD102401,CUST10030,REP1022,Website,2026-07-01,68,Nurturing
LEAD102402,CUST10429,REP1008,Website,2025-10-28,30,Low Priority
LEAD102403,CUST10014,REP1013,Referral,2026-07-19,34,Low Priority
LEAD102404,CUST10532,REP1022,Website,2026-06-06,22,Low Priority
LEAD102405,CUST10974,REP1029,Partner,2026-02-25,59,New
LEAD102406,CUST10790,REP1018,Event,2026-04-01,78,Nurturing
LEAD102407,CUST10381,REP1009,Partner,2025-10-28,32,Low Priority
LEAD102408,CUST10513,REP1021,Email,2025-12-14,88,Qualified
LEAD102409,CUST10441,REP1021,Event,2025-12-29,40,New
LEAD102410,CUST10879,REP1020,Email,2026-08-17,61,Nurturing
LEAD102411,CUST10320,REP1002,Email,2025-11-11,74,Nurturing
LEAD102412,CUST10111,REP1022,Email,2026-01-15,63,Nurturing
LEAD102413,CUST10609,REP1001,Referral,2025-11-18,58,New
LEAD102414,CUST10996,REP1028,Partner,2026-01-12,47,New
LEAD102415,CUST10573,REP1027,Referral,2025-10-04,54,New
LEAD102416,CUST10246,REP1017,Email,2026-01-08,39,Low Priority
LEAD102417,CUST10056,REP1020,Partner,2026-06-22,43,New
LEAD102418,CUST11133,REP1003,Event,2026-07-08,81,Qualified
LEAD102419,CUST10913,REP1027,Website,2026-02-16,91,Qualified
LEAD102420,CUST10187,REP1009,Website,2026-06-15,88,Qualified
LEAD102421,CUST10089,REP1008,Email,2026-05-14,46,New
LEAD102422,CUST10155,REP1022,Email,2026-08-26,46,New
LEAD102423,CUST10452,REP1029,Email,2026-07-21,24,Low Priority
LEAD102424,CUST10975,REP1015,Referral,2025-12-23,42,New
LEAD102425,CUST10192,REP1016,Website,2026-05-03,67,Nurturing
LEAD102426,CUST10983,REP1017,Referral,2026-07-15,41,New
LEAD102427,CUST10003,REP1009,Partner,2026-01-20,79,Nurturing
LEAD102428,CUST10887,REP1018,Partner,2026-04-28,24,Low Priority
LEAD102429,CUST10339,REP1029,Event,2026-02-24,53,New
LEAD102430,CUST11153,REP1012,Event,2026-01-21,42,New
LEAD102431,CUST10572,REP1024,Email,2025-12-12,60,Nurturing
LEAD102432,CUST10325,REP1024,Website,2025-10-13,22,Low Priority
LEAD102433,CUST10292,REP1026,Website,2026-07-01,53,New
LEAD102434,CUST10992,REP1022,Partner,2026-07-26,83,Qualified
LEAD102435,CUST10484,REP1028,Email,2026-05-26,89,Qualified
LEAD102436,CUST10423,REP1022,Email,2025-12-27,40,New
LEAD102437,CUST10883,REP1030,Referral,2025-10-07,54,New
LEAD102438,CUST10645,REP1022,Website,2026-05-19,75,Nurturing
LEAD102439,CUST10797,REP1026,Referral,2025-12-12,57,New
LEAD102440,CUST10535,REP1027,Email,2026-04-19,63,Nurturing
LEAD102441,CUST10077,REP1030,Event,2026-09-20,47,New
LEAD102442,CUST10008,REP1018,Event,2025-10-02,87,Qualified
LEAD102443,CUST10047,REP1022,Partner,2026-04-29,71,Nurturing
LEAD102444,CUST10690,REP1030,Website,2026-09-28,97,Qualified
LEAD102445,CUST10617,REP1012,Event,2026-01-31,83,Qualified
LEAD102446,CUST10898,REP1004,Website,2026-07-25,49,New
LEAD102447,CUST11074,REP1027,Referral,2026-07-30,46,New
LEAD102448,CUST10210,REP1019,Event,2026-03-27,27,Low Priority
LEAD102449,CUST11149,REP1013,Partner,2026-01-21,70,Nurturing
LEAD102450,CUST11118,REP1022,Website,2026-06-06,80,Qualified
LEAD102451,CUST10740,REP1001,Partner,2026-05-15,48,New
LEAD102452,CUST10637,REP1015,Website,2026-03-23,21,Low Priority
LEAD102453,CUST10212,REP1008,Referral,2025-12-10,86,Qualified
LEAD102454,CUST10214,REP1009,Event,2026-06-29,38,Low Priority
LEAD102455,CUST10023,REP1030,Referral,2025-12-17,67,Nurturing
LEAD102456,CUST10776,REP1017,Event,2025-11-19,24,Low Priority
LEAD102457,CUST10520,REP1005,Partner,2025-10-25,25,Low Priority
LEAD102458,CUST10231,REP1011,Email,2026-03-12,92,Qualified
LEAD102459,CUST10161,REP1008,Email,2025-11-13,74,Nurturing
LEAD102460,CUST10077,REP1028,Partner,2026-01-31,20,Low Priority
LEAD102461,CUST10770,REP1009,Website,2025-12-28,28,Low Priority
LEAD102462,CUST10823,REP1011,Event,2026-03-17,59,New
LEAD102463,CUST10758,REP1011,Partner,2026-07-11,75,Nurturing
LEAD102464,CUST10133,REP1006,Email,2026-03-14,54,New
LEAD102465,CUST10050,REP1024,Partner,2026-04-22,90,Qualified
LEAD102466,CUST10128,REP1018,Email,2025-11-22,72,Nurturing
LEAD102467,CUST10902,REP1014,Referral,2025-11-11,69,Nurturing
LEAD102468,CUST10888,REP1012,Event,2026-09-22,43,New
LEAD102469,CUST10354,REP1021,Referral,2026-05-15,75,Nurturing
LEAD102470,CUST10067,REP1003,Email,2025-10-06,90,Qualified
LEAD102471,CUST10384,REP1028,Partner,2026-04-25,23,Low Priority
LEAD102472,CUST10972,REP1017,Partner,2025-10-04,79,Nurturing
LEAD102473,CUST10173,REP1007,Website,2025-10-29,91,Qualified
LEAD102474,CUST10956,REP1017,Referral,2026-02-14,55,New
LEAD102475,CUST10557,REP1026,Website,2026-05-28,82,Qualified
LEAD102476,CUST10170,REP1006,Partner,2026-05-15,49,New
LEAD102477,CUST11121,REP1016,Email,2026-07-16,35,Low Priority
LEAD102478,CUST10623,REP1018,Partner,2025-12-05,86,Qualified
LEAD102479,CUST10806,REP1025,Email,2025-12-09,45,New
LEAD102480,CUST10116,REP1018,Referral,2026-04-13,81,Qualified
LEAD102481,CUST10446,REP1023,Referral,2026-08-14,45,New
LEAD102482,CUST10760,REP1024,Partner,2026-06-21,52,New
LEAD102483,CUST10775,REP1027,Referral,2026-06-02,75,Nurturing
LEAD102484,CUST10076,REP1011,Event,2025-11-04,47,New
LEAD102485,CUST10726,REP1022,Event,2026-08-17,85,Qualified
LEAD102486,CUST11134,REP1008,Partner,2026-09-25,23,Low Priority
LEAD102487,CUST10944,REP1026,Email,2026-05-01,20,Low Priority
LEAD102488,CUST10250,REP1029,Website,2026-01-31,26,Low Priority
LEAD102489,CUST11096,REP1009,Website,2026-05-30,40,New
LEAD102490,CUST10820,REP1017,Referral,2026-05-23,24,Low Priority
LEAD102491,CUST10069,REP1025,Referral,2026-09-05,50,New
LEAD102492,CUST10154,REP1001,Referral,2025-11-10,21,Low Priority
LEAD102493,CUST11106,REP1022,Partner,2026-04-07,81,Qualified
LEAD102494,CUST10252,REP1025,Email,2026-06-16,32,Low Priority
LEAD102495,CUST10117,REP1027,Partner,2026-02-05,98,Qualified
LEAD102496,CUST10542,REP1006,Partner,2026-08-03,89,Qualified
LEAD102497,CUST10631,REP1023,Website,2025-10-24,76,Nurturing
LEAD102498,CUST10688,REP1024,Referral,2025-11-08,84,Qualified
LEAD102499,CUST10791,REP1001,Event,2026-07-16,82,Qualified
LEAD102500,CUST11199,REP1022,Event,2025-11-15,88,Qualified
LEAD102501,CUST10912,REP1019,Website,2026-03-02,64,Nurturing
LEAD102502,CUST10032,REP1030,Website,2026-01-11,70,Nurturing
LEAD102503,CUST10107,REP1002,Event,2026-06-09,57,New
LEAD102504,CUST10001,REP1029,Website,2025-10-05,70,Nurturing
LEAD102505,CUST10475,REP1018,Partner,2026-02-08,50,New
LEAD102506,CUST10421,REP1009,Event,2026-09-25,30,Low Priority
LEAD102507,CUST11121,REP1012,Email,2026-02-12,95,Qualified
LEAD102508,CUST10440,REP1023,Partner,2026-05-07,76,Nurturing
LEAD102509,CUST10037,REP1030,Referral,2026-09-26,77,Nurturing
LEAD102510,CUST11061,REP1010,Email,2026-05-10,42,New
LEAD102511,CUST10313,REP1030,Email,2026-07-03,82,Qualified
LEAD102512,CUST11096,REP1019,Event,2026-09-16,62,Nurturing
LEAD102513,CUST10930,REP1006,Partner,2026-05-14,26,Low Priority
LEAD102514,CUST11057,REP1018,Event,2026-07-31,97,Qualified
LEAD102515,CUST10984,REP1025,Email,2026-04-04,100,Qualified
LEAD102516,CUST10172,REP1002,Website,2026-07-25,90,Qualified
LEAD102517,CUST10752,REP1003,Referral,2026-05-23,58,New
LEAD102518,CUST10495,REP1001,Email,2026-02-01,38,Low Priority
LEAD102519,CUST10755,REP1018,Website,2026-04-22,20,Low Priority
LEAD102520,CUST10896,REP1002,Email,2026-01-31,79,Nurturing
LEAD102521,CUST10602,REP1028,Referral,2026-02-22,92,Qualified
LEAD102522,CUST10376,REP1004,Referral,2026-01-15,28,Low Priority
LEAD102523,CUST11100,REP1003,Partner,2026-03-29,75,Nurturing
LEAD102524,CUST10796,REP1008,Event,2026-02-04,22,Low Priority
LEAD102525,CUST11063,REP1023,Event,2026-05-17,82,Qualified
LEAD102526,CUST10285,REP1028,Partner,2026-02-12,22,Low Priority
LEAD102527,CUST11006,REP1008,Website,2026-03-29,99,Qualified
LEAD102528,CUST10389,REP1016,Event,2025-11-21,33,Low Priority
LEAD102529,CUST10553,REP1024,Event,2026-02-19,52,New
LEAD102530,CUST11033,REP1024,Email,2026-02-07,76,Nurturing
LEAD102531,CUST10426,REP1005,Email,2026-09-16,88,Qualified
LEAD102532,CUST10301,REP1026,Partner,2026-03-13,49,New
LEAD102533,CUST11099,REP1027,Website,2025-10-08,99,Qualified
LEAD102534,CUST11158,REP1023,Website,2026-01-21,21,Low Priority
LEAD102535,CUST10374,REP1016,Website,2026-06-24,58,New
LEAD102536,CUST10368,REP1012,Event,2025-11-30,100,Qualified
LEAD102537,CUST10274,REP1027,Website,2025-11-29,42,New
LEAD102538,CUST10029,REP1026,Partner,2026-02-14,63,Nurturing
LEAD102539,CUST10664,REP1016,Referral,2026-02-08,56,New
LEAD102540,CUST10306,REP1023,Website,2026-03-25,51,New
LEAD102541,CUST11019,REP1012,Event,2025-10-13,82,Qualified
LEAD102542,CUST10206,REP1023,Website,2026-06-21,62,Nurturing
LEAD102543,CUST10763,REP1003,Event,2025-12-18,77,Nurturing
LEAD102544,CUST10609,REP1028,Email,2026-06-17,62,Nurturing
LEAD102545,CUST10735,REP1016,Email,2026-04-25,100,Qualified
LEAD102546,CUST10136,REP1018,Website,2025-12-13,58,New
LEAD102547,CUST10560,REP1006,Event,2026-03-21,84,Qualified
LEAD102548,CUST10752,REP1016,Partner,2025-10-14,69,Nurturing
LEAD102549,CUST10410,REP1001,Partner,2026-06-14,84,Qualified
LEAD102550,CUST11050,REP1027,Email,2026-01-19,91,Qualified
LEAD102551,CUST10636,REP1023,Referral,2026-02-17,38,Low Priority
LEAD102552,CUST10436,REP1014,Referral,2025-11-27,44,New
LEAD102553,CUST10037,REP1026,Referral,2026-02-11,44,New
LEAD102554,CUST10203,REP1025,Partner,2026-02-22,59,New
LEAD102555,CUST10572,REP1004,Email,2025-12-22,59,New
LEAD102556,CUST10481,REP1002,Referral,2026-09-23,20,Low Priority
LEAD102557,CUST11046,REP1008,Referral,2026-01-11,92,Qualified
LEAD102558,CUST10944,REP1001,Event,2025-12-06,89,Qualified
LEAD102559,CUST10191,REP1018,Partner,2026-04-19,68,Nurturing
LEAD102560,CUST10710,REP1016,Event,2026-01-25,44,New
LEAD102561,CUST10546,REP1017,Referral,2026-03-15,86,Qualified
LEAD102562,CUST10122,REP1003,Referral,2026-06-22,41,New
LEAD102563,CUST10800,REP1028,Referral,2025-10-29,44,New
LEAD102564,CUST10645,REP1030,Partner,2026-04-04,100,Qualified
LEAD102565,CUST10105,REP1018,Email,2025-10-08,94,Qualified
LEAD102566,CUST10562,REP1001,Partner,2025-10-17,67,Nurturing
LEAD102567,CUST10879,REP1012,Referral,2025-11-03,33,Low Priority
LEAD102568,CUST10393,REP1022,Event,2025-11-29,29,Low Priority
LEAD102569,CUST10429,REP1023,Partner,2026-02-05,98,Qualified
LEAD102570,CUST10133,REP1008,Referral,2026-09-07,41,New
LEAD102571,CUST10246,REP1025,Website,2026-08-27,75,Nurturing
LEAD102572,CUST11178,REP1030,Partner,2025-11-07,48,New
LEAD102573,CUST10745,REP1016,Email,2026-09-27,60,Nurturing
LEAD102574,CUST10212,REP1012,Event,2026-05-20,99,Qualified
LEAD102575,CUST10580,REP1016,Referral,2026-04-21,68,Nurturing
LEAD102576,CUST10232,REP1001,Website,2026-07-17,54,New
LEAD102577,CUST10532,REP1016,Event,2026-03-26,53,New
LEAD102578,CUST10175,REP1001,Partner,2026-01-05,38,Low Priority
LEAD102579,CUST10743,REP1002,Website,2026-04-12,65,Nurturing
LEAD102580,CUST10685,REP1017,Website,2026-06-22,66,Nurturing
LEAD102581,CUST10761,REP1016,Partner,2026-06-07,27,Low Priority
LEAD102582,CUST10533,REP1030,Email,2025-12-02,52,New
LEAD102583,CUST10344,REP1016,Referral,2026-09-08,72,Nurturing
LEAD102584,CUST10300,REP1030,Referral,2026-01-12,24,Low Priority
LEAD102585,CUST10259,REP1025,Email,2026-07-27,99,Qualified
LEAD102586,CUST10516,REP1011,Event,2026-01-22,89,Qualified
LEAD102587,CUST10542,REP1028,Partner,2025-10-24,71,Nurturing
LEAD102588,CUST10809,REP1015,Partner,2026-09-29,21,Low Priority
LEAD102589,CUST10063,REP1018,Referral,2026-05-03,61,Nurturing
LEAD102590,CUST10339,REP1004,Website,2025-12-18,92,Qualified
LEAD102591,CUST11024,REP1007,Website,2025-10-01,21,Low Priority
LEAD102592,CUST11099,REP1016,Event,2025-11-17,84,Qualified
LEAD102593,CUST11118,REP1009,Website,2025-12-02,87,Qualified
LEAD102594,CUST10368,REP1018,Event,2026-09-03,26,Low Priority
LEAD102595,CUST10165,REP1003,Referral,2025-12-04,38,Low Priority
LEAD102596,CUST10238,REP1008,Email,2025-11-29,78,Nurturing
LEAD102597,CUST10159,REP1020,Event,2026-08-02,93,Qualified
LEAD102598,CUST11146,REP1019,Email,2026-08-17,82,Qualified
LEAD102599,CUST11061,REP1030,Email,2025-12-16,62,Nurturing
LEAD102600,CUST10973,REP1027,Referral,2026-05-26,68,Nurturing
LEAD102601,CUST10876,REP1025,Partner,2026-04-14,62,Nurturing
LEAD102602,CUST10412,REP1001,Email,2026-04-29,66,Nurturing
LEAD102603,CUST10571,REP1019,Partner,2026-01-22,82,Qualified
LEAD102604,CUST11010,REP1007,Website,2026-07-02,24,Low Priority
LEAD102605,CUST10978,REP1009,Event,2026-08-18,36,Low Priority
LEAD102606,CUST10623,REP1007,Website,2026-06-22,24,Low Priority
LEAD102607,CUST11006,REP1014,Event,2026-08-26,84,Qualified
LEAD102608,CUST10417,REP1004,Event,2025-11-10,78,Nurturing
LEAD102609,CUST10497,REP1016,Website,2026-05-28,24,Low Priority
LEAD102610,CUST11008,REP1005,Email,2026-09-30,28,Low Priority
LEAD102611,CUST10452,REP1016,Email,2026-04-14,41,New
LEAD102612,CUST10903,REP1019,Referral,2026-09-09,39,Low Priority
LEAD102613,CUST10544,REP1006,Event,2026-02-05,62,Nurturing
LEAD102614,CUST10358,REP1004,Website,2026-08-24,60,Nurturing
LEAD102615,CUST10263,REP1025,Referral,2026-09-08,48,New
LEAD102616,CUST10729,REP1023,Event,2026-05-16,33,Low Priority
LEAD102617,CUST10576,REP1008,Email,2026-06-15,72,Nurturing
LEAD102618,CUST10444,REP1027,Website,2026-04-09,83,Qualified
LEAD102619,CUST10892,REP1007,Website,2026-01-24,71,Nurturing
LEAD102620,CUST10002,REP1028,Referral,2026-04-14,85,Qualified
LEAD102621,CUST10111,REP1004,Website,2026-09-17,94,Qualified
LEAD102622,CUST11155,REP1020,Website,2025-10-06,88,Qualified
LEAD102623,CUST10797,REP1001,Partner,2025-12-14,72,Nurturing
LEAD102624,CUST10660,REP1006,Website,2026-04-01,24,Low Priority
LEAD102625,CUST10018,REP1013,Referral,2026-02-01,47,New
LEAD102626,CUST10719,REP1003,Referral,2026-05-16,54,New
LEAD102627,CUST10522,REP1014,Event,2026-02-09,77,Nurturing
LEAD102628,CUST10720,REP1007,Event,2026-05-29,88,Qualified
LEAD102629,CUST10050,REP1003,Event,2025-11-08,71,Nurturing
LEAD102630,CUST10661,REP1029,Referral,2026-01-30,49,New
LEAD102631,CUST10694,REP1030,Partner,2026-06-10,83,Qualified
LEAD102632,CUST10349,REP1029,Partner,2026-03-22,76,Nurturing
LEAD102633,CUST10066,REP1005,Event,2026-06-18,84,Qualified
LEAD102634,CUST11166,REP1012,Email,2026-05-21,67,Nurturing
LEAD102635,CUST10852,REP1010,Event,2026-01-28,72,Nurturing
LEAD102636,CUST10747,REP1010,Partner,2026-03-06,48,New
LEAD102637,CUST10921,REP1013,Event,2026-09-18,52,New
LEAD102638,CUST10806,REP1016,Email,2026-09-17,42,New
LEAD102639,CUST10162,REP1015,Email,2025-10-13,40,New
LEAD102640,CUST10546,REP1009,Email,2026-06-15,72,Nurturing
LEAD102641,CUST11067,REP1030,Referral,2026-03-29,51,New
LEAD102642,CUST10346,REP1030,Email,2025-10-01,30,Low Priority
LEAD102643,CUST11167,REP1010,Referral,2026-05-20,22,Low Priority
LEAD102644,CUST10078,REP1007,Email,2025-10-09,89,Qualified
LEAD102645,CUST10397,REP1016,Referral,2026-01-25,55,New
LEAD102646,CUST10421,REP1012,Email,2026-06-09,66,Nurturing
LEAD102647,CUST10741,REP1030,Partner,2026-07-24,93,Qualified
LEAD102648,CUST10212,REP1013,Email,2026-02-28,29,Low Priority
LEAD102649,CUST10275,REP1002,Referral,2026-07-23,95,Qualified
LEAD102650,CUST10795,REP1004,Email,2026-08-03,76,Nurturing
LEAD102651,CUST10342,REP1003,Event,2026-03-13,71,Nurturing
LEAD102652,CUST11055,REP1012,Website,2025-12-03,54,New
LEAD102653,CUST11045,REP1010,Referral,2026-05-29,77,Nurturing
LEAD102654,CUST10364,REP1026,Email,2025-10-06,36,Low Priority
LEAD102655,CUST10672,REP1027,Event,2026-08-23,44,New
LEAD102656,CUST10400,REP1005,Email,2026-02-19,97,Qualified
LEAD102657,CUST10414,REP1029,Partner,2026-07-05,42,New
LEAD102658,CUST10805,REP1018,Referral,2026-06-26,78,Nurturing
LEAD102659,CUST10352,REP1010,Event,2026-03-22,95,Qualified
LEAD102660,CUST10180,REP1013,Event,2026-09-20,68,Nurturing
LEAD102661,CUST10311,REP1014,Event,2026-07-18,44,New
LEAD102662,CUST11116,REP1006,Referral,2026-08-19,88,Qualified
LEAD102663,CUST10312,REP1027,Partner,2025-11-04,86,Qualified
LEAD102664,CUST10437,REP1001,Referral,2026-03-26,64,Nurturing
LEAD102665,CUST10755,REP1003,Event,2026-09-13,29,Low Priority
LEAD102666,CUST10122,REP1009,Event,2026-07-24,55,New
LEAD102667,CUST10323,REP1005,Website,2026-03-15,54,New
LEAD102668,CUST10210,REP1002,Referral,2025-10-26,35,Low Priority
LEAD102669,CUST11110,REP1012,Partner,2026-01-12,52,New
LEAD102670,CUST11120,REP1012,Partner,2026-04-27,32,Low Priority
LEAD102671,CUST10907,REP1004,Partner,2026-05-23,76,Nurturing
LEAD102672,CUST10297,REP1025,Referral,2026-09-03,54,New
LEAD102673,CUST10740,REP1027,Email,2025-11-03,79,Nurturing
LEAD102674,CUST10795,REP1022,Event,2026-02-22,56,New
LEAD102675,CUST11044,REP1016,Event,2026-01-08,77,Nurturing
LEAD102676,CUST10188,REP1029,Partner,2026-09-16,79,Nurturing
LEAD102677,CUST10884,REP1011,Event,2025-11-30,32,Low Priority
LEAD102678,CUST10233,REP1013,Email,2025-12-20,55,New
LEAD102679,CUST10683,REP1001,Website,2026-01-17,80,Qualified
LEAD102680,CUST11056,REP1022,Email,2025-11-08,68,Nurturing
LEAD102681,CUST10075,REP1003,Referral,2026-05-23,37,Low Priority
LEAD102682,CUST10178,REP1020,Email,2026-04-10,87,Qualified
LEAD102683,CUST10976,REP1024,Email,2026-04-22,36,Low Priority
LEAD102684,CUST10023,REP1007,Event,2026-08-28,100,Qualified
LEAD102685,CUST10823,REP1019,Event,2026-03-08,77,Nurturing
LEAD102686,CUST10602,REP1010,Event,2026-01-22,46,New
LEAD102687,CUST10416,REP1012,Partner,2026-02-15,35,Low Priority
LEAD102688,CUST11036,REP1016,Partner,2026-07-20,93,Qualified
LEAD102689,CUST11019,REP1008,Partner,2026-04-11,62,Nurturing
LEAD102690,CUST10392,REP1024,Event,2025-12-01,85,Qualified
LEAD102691,CUST10006,REP1012,Referral,2026-06-09,87,Qualified
LEAD102692,CUST10154,REP1014,Partner,2026-06-30,25,Low Priority
LEAD102693,CUST10129,REP1025,Email,2025-12-31,75,Nurturing
LEAD102694,CUST11179,REP1007,Website,2026-04-22,47,New
LEAD102695,CUST10717,REP1014,Email,2026-04-24,93,Qualified
LEAD102696,CUST10813,REP1030,Referral,2025-12-03,37,Low Priority
LEAD102697,CUST10278,REP1012,Referral,2025-10-04,22,Low Priority
LEAD102698,CUST11021,REP1004,Email,2026-06-20,73,Nurturing
LEAD102699,CUST10868,REP1009,Website,2026-05-13,64,Nurturing
LEAD102700,CUST10903,REP1029,Website,2026-06-18,64,Nurturing
LEAD102701,CUST10562,REP1023,Partner,2026-02-15,41,New
LEAD102702,CUST10838,REP1025,Partner,2026-04-07,60,Nurturing
LEAD102703,CUST10653,REP1008,Website,2026-09-24,98,Qualified
LEAD102704,CUST10462,REP1026,Referral,2025-12-22,81,Qualified
LEAD102705,CUST10714,REP1012,Referral,2026-05-27,99,Qualified
LEAD102706,CUST10390,REP1024,Partner,2025-11-18,46,New
LEAD102707,CUST11144,REP1027,Referral,2025-10-24,90,Qualified
LEAD102708,CUST10861,REP1007,Website,2026-09-15,51,New
LEAD102709,CUST10887,REP1029,Partner,2025-11-17,95,Qualified
LEAD102710,CUST10861,REP1019,Event,2026-05-28,90,Qualified
LEAD102711,CUST10539,REP1022,Partner,2026-04-06,33,Low Priority
LEAD102712,CUST11141,REP1023,Referral,2026-07-23,98,Qualified
LEAD102713,CUST10250,REP1006,Partner,2026-04-18,69,Nurturing
LEAD102714,CUST10683,REP1023,Website,2026-06-12,82,Qualified
LEAD102715,CUST10084,REP1007,Referral,2026-08-23,66,Nurturing
LEAD102716,CUST10354,REP1009,Partner,2026-07-30,37,Low Priority
LEAD102717,CUST10690,REP1004,Partner,2026-06-21,99,Qualified
LEAD102718,CUST10588,REP1006,Partner,2025-11-29,29,Low Priority
LEAD102719,CUST11130,REP1030,Event,2025-12-01,85,Qualified
LEAD102720,CUST10737,REP1010,Email,2026-03-31,36,Low Priority
LEAD102721,CUST10494,REP1012,Website,2026-05-29,83,Qualified
LEAD102722,CUST10513,REP1015,Partner,2026-06-01,54,New
LEAD102723,CUST10734,REP1022,Partner,2026-07-15,39,Low Priority
LEAD102724,CUST10950,REP1018,Website,2025-11-07,39,Low Priority
LEAD102725,CUST10332,REP1017,Referral,2025-12-03,45,New
LEAD102726,CUST10702,REP1026,Event,2025-11-24,92,Qualified
LEAD102727,CUST10690,REP1015,Referral,2026-04-16,82,Qualified
LEAD102728,CUST10012,REP1024,Partner,2026-05-20,74,Nurturing
LEAD102729,CUST11096,REP1028,Referral,2025-11-12,71,Nurturing
LEAD102730,CUST10684,REP1021,Website,2026-08-14,53,New
LEAD102731,CUST10291,REP1002,Referral,2026-01-19,93,Qualified
LEAD102732,CUST10761,REP1008,Email,2026-05-30,42,New
LEAD102733,CUST10814,REP1019,Event,2026-07-02,96,Qualified
LEAD102734,CUST11099,REP1015,Email,2025-10-14,50,New
LEAD102735,CUST10041,REP1009,Event,2026-08-12,47,New
LEAD102736,CUST10497,REP1011,Email,2026-09-20,58,New
LEAD102737,CUST10217,REP1003,Email,2026-09-15,80,Qualified
LEAD102738,CUST10690,REP1008,Partner,2025-11-20,77,Nurturing
LEAD102739,CUST10602,REP1024,Website,2026-02-21,82,Qualified
LEAD102740,CUST10570,REP1001,Partner,2025-12-24,27,Low Priority
LEAD102741,CUST11179,REP1026,Event,2026-03-14,33,Low Priority
LEAD102742,CUST10638,REP1011,Partner,2026-09-21,88,Qualified
LEAD102743,CUST10494,REP1025,Email,2026-07-06,99,Qualified
LEAD102744,CUST10081,REP1008,Website,2026-07-09,30,Low Priority
LEAD102745,CUST10348,REP1025,Referral,2026-03-04,93,Qualified
LEAD102746,CUST11077,REP1018,Referral,2026-09-07,41,New
LEAD102747,CUST10543,REP1026,Referral,2026-09-01,99,Qualified
LEAD102748,CUST11093,REP1002,Event,2026-07-22,100,Qualified
LEAD102749,CUST10640,REP1024,Partner,2026-07-25,71,Nurturing
LEAD102750,CUST10658,REP1009,Email,2026-05-26,35,Low Priority
LEAD102751,CUST10516,REP1011,Email,2025-11-04,83,Qualified
LEAD102752,CUST10668,REP1002,Partner,2026-01-12,28,Low Priority
LEAD102753,CUST10081,REP1029,Event,2026-07-08,47,New
LEAD102754,CUST10070,REP1020,Referral,2026-01-28,71,Nurturing
LEAD102755,CUST10571,REP1030,Website,2025-12-02,25,Low Priority
LEAD102756,CUST10718,REP1018,Email,2026-09-11,51,New
LEAD102757,CUST10662,REP1005,Email,2026-03-28,84,Qualified
LEAD102758,CUST10515,REP1011,Referral,2026-08-11,27,Low Priority
LEAD102759,CUST10353,REP1014,Event,2026-01-12,49,New
LEAD102760,CUST10851,REP1005,Website,2026-02-09,20,Low Priority
LEAD102761,CUST10726,REP1028,Referral,2026-02-03,73,Nurturing
LEAD102762,CUST10057,REP1029,Website,2026-02-14,26,Low Priority
LEAD102763,CUST10543,REP1017,Website,2026-03-09,42,New
LEAD102764,CUST10854,REP1018,Email,2026-01-17,62,Nurturing
LEAD102765,CUST10942,REP1022,Email,2026-07-25,37,Low Priority
LEAD102766,CUST10345,REP1021,Email,2026-01-28,38,Low Priority
LEAD102767,CUST11110,REP1002,Event,2026-03-11,87,Qualified
LEAD102768,CUST10783,REP1016,Website,2026-08-11,82,Qualified
LEAD102769,CUST10526,REP1024,Email,2026-03-09,26,Low Priority
LEAD102770,CUST10753,REP1025,Website,2025-10-04,89,Qualified
LEAD102771,CUST11046,REP1018,Event,2025-10-01,57,New
LEAD102772,CUST10273,REP1027,Email,2026-03-09,31,Low Priority
LEAD102773,CUST10181,REP1018,Email,2026-05-25,93,Qualified
LEAD102774,CUST10529,REP1012,Partner,2026-09-10,47,New
LEAD102775,CUST10101,REP1014,Referral,2025-11-17,46,New
LEAD102776,CUST11003,REP1021,Email,2026-04-17,31,Low Priority
LEAD102777,CUST11165,REP1027,Event,2026-01-14,91,Qualified
LEAD102778,CUST10727,REP1007,Website,2026-03-14,43,New
LEAD102779,CUST11176,REP1009,Event,2026-03-11,67,Nurturing
LEAD102780,CUST10083,REP1020,Email,2026-01-23,39,Low Priority
LEAD102781,CUST10760,REP1023,Website,2025-10-07,92,Qualified
LEAD102782,CUST10532,REP1012,Event,2025-10-27,83,Qualified
LEAD102783,CUST10333,REP1020,Website,2026-04-09,60,Nurturing
LEAD102784,CUST10375,REP1001,Email,2025-12-21,47,New
LEAD102785,CUST10655,REP1009,Website,2026-01-28,73,Nurturing
LEAD102786,CUST10770,REP1029,Website,2025-11-03,60,Nurturing
LEAD102787,CUST10197,REP1018,Email,2025-10-19,96,Qualified
LEAD102788,CUST10738,REP1027,Email,2025-11-16,74,Nurturing
LEAD102789,CUST11112,REP1007,Email,2026-02-15,22,Low Priority
LEAD102790,CUST10013,REP1009,Referral,2025-11-29,86,Qualified
LEAD102791,CUST11055,REP1030,Event,2025-12-24,35,Low Priority
LEAD102792,CUST10730,REP1030,Website,2026-01-19,44,New
LEAD102793,CUST10411,REP1027,Event,2026-01-15,55,New
LEAD102794,CUST10882,REP1010,Referral,2025-10-05,36,Low Priority
LEAD102795,CUST10742,REP1025,Email,2025-11-12,96,Qualified
LEAD102796,CUST10923,REP1014,Event,2026-09-12,99,Qualified
LEAD102797,CUST10098,REP1026,Referral,2026-06-01,32,Low Priority
LEAD102798,CUST10071,REP1026,Partner,2025-11-15,45,New
LEAD102799,CUST10771,REP1014,Event,2026-01-12,50,New
LEAD102800,CUST10365,REP1010,Event,2026-02-17,74,Nurturing
LEAD102801,CUST10286,REP1030,Referral,2026-08-27,68,Nurturing
LEAD102802,CUST10506,REP1014,Partner,2026-08-18,74,Nurturing
LEAD102803,CUST10871,REP1013,Referral,2026-07-09,22,Low Priority
LEAD102804,CUST10216,REP1020,Partner,2025-11-08,61,Nurturing
LEAD102805,CUST11168,REP1029,Referral,2026-03-29,37,Low Priority
LEAD102806,CUST10505,REP1004,Website,2026-03-26,38,Low Priority
LEAD102807,CUST10181,REP1030,Event,2026-05-21,82,Qualified
LEAD102808,CUST10086,REP1013,Email,2026-08-05,31,Low Priority
LEAD102809,CUST11029,REP1001,Partner,2026-01-26,22,Low Priority
LEAD102810,CUST10136,REP1010,Website,2026-04-22,59,New
LEAD102811,CUST10503,REP1014,Website,2026-01-05,79,Nurturing
LEAD102812,CUST10803,REP1021,Partner,2025-12-16,61,Nurturing
LEAD102813,CUST10616,REP1017,Email,2026-01-23,33,Low Priority
LEAD102814,CUST10316,REP1005,Referral,2026-06-26,82,Qualified
LEAD102815,CUST10130,REP1015,Email,2026-03-09,50,New
LEAD102816,CUST10854,REP1007,Referral,2026-06-06,77,Nurturing
LEAD102817,CUST10589,REP1009,Website,2026-06-10,36,Low Priority
LEAD102818,CUST10058,REP1022,Partner,2026-02-10,93,Qualified
LEAD102819,CUST10218,REP1025,Website,2026-09-14,42,New
LEAD102820,CUST10676,REP1005,Website,2025-10-17,98,Qualified
LEAD102821,CUST10203,REP1019,Website,2026-08-24,50,New
LEAD102822,CUST10470,REP1013,Referral,2025-10-03,78,Nurturing
LEAD102823,CUST10150,REP1011,Partner,2026-02-17,60,Nurturing
LEAD102824,CUST10957,REP1022,Event,2026-07-29,26,Low Priority
LEAD102825,CUST10757,REP1008,Referral,2026-06-07,27,Low Priority
LEAD102826,CUST10941,REP1023,Website,2026-01-26,52,New
LEAD102827,CUST10063,REP1013,Website,2026-08-20,35,Low Priority
LEAD102828,CUST10451,REP1003,Referral,2025-11-20,69,Nurturing
LEAD102829,CUST10322,REP1024,Referral,2026-06-02,31,Low Priority
LEAD102830,CUST10748,REP1026,Referral,2026-04-08,67,Nurturing
LEAD102831,CUST10986,REP1017,Event,2025-12-15,36,Low Priority
LEAD102832,CUST10274,REP1022,Referral,2026-09-02,34,Low Priority
LEAD102833,CUST10924,REP1005,Email,2026-07-07,49,New
LEAD102834,CUST10697,REP1011,Email,2025-10-04,67,Nurturing
LEAD102835,CUST10989,REP1011,Website,2025-11-01,52,New
LEAD102836,CUST10098,REP1023,Referral,2025-10-21,48,New
LEAD102837,CUST11190,REP1011,Partner,2026-03-01,47,New
LEAD102838,CUST10522,REP1022,Partner,2026-03-02,47,New
LEAD102839,CUST10337,REP1010,Website,2026-06-22,52,New
LEAD102840,CUST10220,REP1019,Email,2026-06-04,87,Qualified
LEAD102841,CUST11182,REP1007,Referral,2025-10-06,66,Nurturing
LEAD102842,CUST11061,REP1017,Referral,2026-03-23,54,New
LEAD102843,CUST10158,REP1003,Email,2026-07-14,80,Qualified
LEAD102844,CUST10534,REP1023,Event,2026-08-24,62,Nurturing
LEAD102845,CUST10881,REP1001,Event,2026-01-15,96,Qualified
LEAD102846,CUST10709,REP1030,Event,2025-10-17,65,Nurturing
LEAD102847,CUST10227,REP1026,Partner,2025-11-25,37,Low Priority
LEAD102848,CUST10433,REP1018,Website,2026-02-02,65,Nurturing
LEAD102849,CUST10442,REP1028,Referral,2026-03-11,82,Qualified
LEAD102850,CUST10347,REP1025,Referral,2026-02-06,37,Low Priority
LEAD102851,CUST11153,REP1005,Referral,2025-11-03,36,Low Priority
LEAD102852,CUST10244,REP1023,Referral,2026-02-02,68,Nurturing
LEAD102853,CUST10848,REP1012,Website,2026-01-14,91,Qualified
LEAD102854,CUST11095,REP1026,Website,2026-03-28,47,New
LEAD102855,CUST10954,REP1026,Email,2025-10-29,61,Nurturing
LEAD102856,CUST10960,REP1029,Partner,2026-07-16,73,Nurturing
LEAD102857,CUST10191,REP1014,Website,2026-03-02,73,Nurturing
LEAD102858,CUST10160,REP1006,Partner,2026-01-25,31,Low Priority
LEAD102859,CUST10940,REP1004,Event,2026-08-27,52,New
LEAD102860,CUST10897,REP1005,Partner,2026-06-29,100,Qualified
LEAD102861,CUST10891,REP1030,Referral,2025-11-19,91,Qualified
LEAD102862,CUST10503,REP1018,Referral,2025-11-23,82,Qualified
LEAD102863,CUST10629,REP1011,Referral,2025-10-01,21,Low Priority
LEAD102864,CUST10019,REP1014,Referral,2026-04-23,53,New
LEAD102865,CUST10350,REP1006,Event,2026-02-07,24,Low Priority
LEAD102866,CUST10635,REP1018,Event,2026-02-14,44,New
LEAD102867,CUST10151,REP1013,Referral,2026-04-04,90,Qualified
LEAD102868,CUST10157,REP1024,Event,2026-04-15,51,New
LEAD102869,CUST10055,REP1001,Event,2025-10-01,33,Low Priority
LEAD102870,CUST10252,REP1028,Website,2025-11-09,78,Nurturing
LEAD102871,CUST11192,REP1002,Partner,2026-07-16,81,Qualified
LEAD102872,CUST10836,REP1013,Email,2026-09-14,73,Nurturing
LEAD102873,CUST11138,REP1011,Partner,2026-08-02,85,Qualified
LEAD102874,CUST10309,REP1022,Partner,2026-08-27,76,Nurturing
LEAD102875,CUST10719,REP1020,Partner,2026-03-19,71,Nurturing
LEAD102876,CUST11071,REP1006,Email,2026-07-29,92,Qualified
LEAD102877,CUST10423,REP1015,Referral,2026-08-19,46,New
LEAD102878,CUST10789,REP1017,Partner,2026-08-22,56,New
LEAD102879,CUST10832,REP1014,Referral,2025-11-24,65,Nurturing
LEAD102880,CUST10999,REP1001,Event,2025-11-23,74,Nurturing
LEAD102881,CUST11164,REP1006,Website,2026-02-24,58,New
LEAD102882,CUST10739,REP1016,Website,2026-04-02,55,New
LEAD102883,CUST10700,REP1008,Website,2026-09-15,33,Low Priority
LEAD102884,CUST11043,REP1017,Referral,2026-01-25,71,Nurturing
LEAD102885,CUST10822,REP1005,Email,2026-07-31,30,Low Priority
LEAD102886,CUST10435,REP1023,Event,2026-08-20,58,New
LEAD102887,CUST10757,REP1006,Partner,2026-09-18,53,New
LEAD102888,CUST10659,REP1020,Website,2025-12-09,82,Qualified
LEAD102889,CUST10275,REP1026,Referral,2025-12-28,58,New
LEAD102890,CUST10620,REP1011,Website,2025-12-20,20,Low Priority
LEAD102891,CUST10749,REP1005,Partner,2026-06-26,60,Nurturing
LEAD102892,CUST11085,REP1001,Email,2026-06-08,37,Low Priority
LEAD102893,CUST10697,REP1011,Website,2026-02-26,50,New
LEAD102894,CUST10198,REP1004,Email,2025-11-02,44,New
LEAD102895,CUST11186,REP1027,Referral,2026-04-09,33,Low Priority
LEAD102896,CUST10694,REP1030,Email,2026-06-25,96,Qualified
LEAD102897,CUST10345,REP1030,Event,2026-03-23,40,New
LEAD102898,CUST10906,REP1028,Email,2026-01-06,61,Nurturing
LEAD102899,CUST10462,REP1018,Email,2026-05-05,87,Qualified
LEAD102900,CUST10445,REP1010,Email,2026-05-30,49,New
LEAD102901,CUST11008,REP1014,Website,2026-05-04,95,Qualified
LEAD102902,CUST11042,REP1008,Website,2026-08-15,52,New
LEAD102903,CUST10629,REP1026,Referral,2026-01-23,96,Qualified
LEAD102904,CUST10448,REP1014,Email,2026-05-11,56,New
LEAD102905,CUST11036,REP1012,Email,2026-08-09,21,Low Priority
LEAD102906,CUST10208,REP1021,Email,2025-12-17,90,Qualified
LEAD102907,CUST10897,REP1012,Referral,2026-01-11,89,Qualified
LEAD102908,CUST10701,REP1011,Event,2025-10-18,97,Qualified
LEAD102909,CUST11025,REP1007,Partner,2026-02-14,30,Low Priority
LEAD102910,CUST10505,REP1003,Referral,2025-10-17,88,Qualified
LEAD102911,CUST10999,REP1002,Email,2026-06-30,47,New
LEAD102912,CUST10019,REP1013,Website,2025-11-02,88,Qualified
LEAD102913,CUST10910,REP1030,Partner,2026-06-10,98,Qualified
LEAD102914,CUST10084,REP1008,Email,2026-04-30,36,Low Priority
LEAD102915,CUST10771,REP1020,Email,2026-09-26,50,New
LEAD102916,CUST10235,REP1010,Referral,2026-02-05,41,New
LEAD102917,CUST11157,REP1010,Website,2026-02-03,44,New
LEAD102918,CUST10924,REP1005,Website,2025-12-28,68,Nurturing
LEAD102919,CUST10126,REP1017,Website,2026-04-15,53,New
LEAD102920,CUST11071,REP1020,Event,2025-12-20,73,Nurturing
LEAD102921,CUST10303,REP1011,Email,2025-11-11,74,Nurturing
LEAD102922,CUST10655,REP1016,Partner,2026-09-12,36,Low Priority
LEAD102923,CUST10103,REP1015,Partner,2026-06-05,23,Low Priority
LEAD102924,CUST10127,REP1009,Referral,2025-11-13,80,Qualified
LEAD102925,CUST10290,REP1021,Website,2026-05-14,34,Low Priority
LEAD102926,CUST10642,REP1017,Website,2026-01-20,36,Low Priority
LEAD102927,CUST10652,REP1002,Email,2025-12-05,68,Nurturing
LEAD102928,CUST11027,REP1015,Website,2026-03-22,41,New
LEAD102929,CUST10199,REP1012,Website,2026-07-15,35,Low Priority
LEAD102930,CUST10900,REP1024,Email,2025-10-01,44,New
LEAD102931,CUST10008,REP1010,Partner,2026-02-07,62,Nurturing
LEAD102932,CUST10350,REP1029,Partner,2026-09-02,88,Qualified
LEAD102933,CUST10211,REP1019,Referral,2026-02-21,100,Qualified
LEAD102934,CUST10149,REP1004,Website,2025-11-06,79,Nurturing
LEAD102935,CUST10702,REP1013,Partner,2026-03-06,92,Qualified
LEAD102936,CUST11081,REP1027,Referral,2026-06-07,62,Nurturing
LEAD102937,CUST10801,REP1008,Partner,2026-09-29,53,New
LEAD102938,CUST11025,REP1022,Website,2026-05-18,86,Qualified
LEAD102939,CUST10710,REP1024,Referral,2025-10-19,44,New
LEAD102940,CUST10065,REP1021,Website,2026-07-23,85,Qualified
LEAD102941,CUST10416,REP1003,Partner,2026-07-12,100,Qualified
LEAD102942,CUST10989,REP1012,Referral,2026-05-26,51,New
LEAD102943,CUST10054,REP1011,Referral,2026-08-24,71,Nurturing
LEAD102944,CUST10117,REP1011,Partner,2026-07-08,83,Qualified
LEAD102945,CUST11001,REP1027,Partner,2025-12-24,83,Qualified
LEAD102946,CUST10076,REP1001,Referral,2026-03-03,36,Low Priority
LEAD102947,CUST11152,REP1017,Email,2026-04-04,97,Qualified
LEAD102948,CUST10911,REP1030,Referral,2026-03-28,60,Nurturing
LEAD102949,CUST10799,REP1027,Referral,2026-05-22,23,Low Priority
LEAD102950,CUST10644,REP1019,Partner,2026-06-14,29,Low Priority
LEAD102951,CUST10108,REP1030,Website,2025-11-07,78,Nurturing
LEAD102952,CUST10498,REP1013,Partner,2026-04-26,54,New
LEAD102953,CUST10970,REP1019,Partner,2025-10-15,28,Low Priority
LEAD102954,CUST11085,REP1017,Website,2026-04-05,62,Nurturing
LEAD102955,CUST10537,REP1002,Partner,2026-03-04,68,Nurturing
LEAD102956,CUST11008,REP1002,Website,2025-12-15,26,Low Priority
LEAD102957,CUST10932,REP1027,Email,2026-09-27,48,New
LEAD102958,CUST10070,REP1006,Website,2026-01-03,57,New
LEAD102959,CUST10745,REP1011,Website,2025-10-21,83,Qualified
LEAD102960,CUST10740,REP1019,Referral,2026-02-08,72,Nurturing
LEAD102961,CUST10652,REP1018,Email,2026-07-04,27,Low Priority
LEAD102962,CUST10927,REP1016,Email,2025-10-04,69,Nurturing
LEAD102963,CUST11068,REP1030,Partner,2026-03-29,93,Qualified
LEAD102964,CUST10661,REP1024,Website,2026-03-02,24,Low Priority
LEAD102965,CUST10385,REP1029,Referral,2026-08-13,99,Qualified
LEAD102966,CUST11180,REP1020,Email,2025-10-02,27,Low Priority
LEAD102967,CUST11157,REP1030,Website,2025-10-07,70,Nurturing
LEAD102968,CUST10824,REP1019,Email,2026-04-25,48,New
LEAD102969,CUST10769,REP1017,Referral,2025-12-05,79,Nurturing
LEAD102970,CUST10125,REP1025,Website,2026-06-14,88,Qualified
LEAD102971,CUST10482,REP1027,Email,2026-01-10,89,Qualified
LEAD102972,CUST10238,REP1003,Website,2026-04-24,90,Qualified
LEAD102973,CUST10618,REP1028,Referral,2025-10-14,86,Qualified
LEAD102974,CUST10992,REP1021,Website,2026-06-11,45,New
LEAD102975,CUST10270,REP1027,Partner,2026-04-08,57,New
LEAD102976,CUST11197,REP1022,Website,2025-10-01,78,Nurturing
LEAD102977,CUST10156,REP1028,Website,2026-01-06,33,Low Priority
LEAD102978,CUST10119,REP1009,Partner,2025-10-22,66,Nurturing
LEAD102979,CUST11170,REP1006,Event,2025-10-17,62,Nurturing
LEAD102980,CUST10121,REP1006,Website,2026-06-12,99,Qualified
LEAD102981,CUST10883,REP1008,Partner,2026-03-06,24,Low Priority
LEAD102982,CUST10917,REP1007,Event,2026-07-21,27,Low Priority
LEAD102983,CUST10397,REP1014,Referral,2026-01-03,22,Low Priority
LEAD102984,CUST10078,REP1006,Partner,2026-06-19,64,Nurturing
LEAD102985,CUST10371,REP1005,Event,2026-05-13,64,Nurturing
LEAD102986,CUST10083,REP1016,Email,2026-05-30,67,Nurturing
LEAD102987,CUST10807,REP1024,Referral,2026-07-30,39,Low Priority
LEAD102988,CUST11067,REP1005,Email,2026-06-16,44,New
LEAD102989,CUST11197,REP1016,Email,2026-06-30,53,New
LEAD102990,CUST10961,REP1020,Partner,2026-06-27,23,Low Priority
LEAD102991,CUST10930,REP1022,Partner,2026-03-13,80,Qualified
LEAD102992,CUST11058,REP1004,Event,2026-06-22,24,Low Priority
LEAD102993,CUST10924,REP1023,Event,2026-08-04,74,Nurturing
LEAD102994,CUST10781,REP1001,Event,2026-06-27,56,New
LEAD102995,CUST11196,REP1008,Email,2026-05-10,100,Qualified
LEAD102996,CUST10388,REP1010,Referral,2025-10-28,76,Nurturing
LEAD102997,CUST10496,REP1026,Website,2026-03-09,58,New
LEAD102998,CUST11088,REP1006,Website,2025-10-24,76,Nurturing
LEAD102999,CUST10374,REP1024,Event,2025-11-07,29,Low Priority
LEAD103000,CUST10359,REP1030,Referral,2026-02-09,34,Low Priority
