opportunity_id,customer_id,sales_rep_id,product_id,created_date,deal_size,stage,close_date
OPP200001,CUST10599,REP1022,P1002,2026-06-20,27605.18,Qualified,2026-08-07
OPP200002,CUST11030,REP1011,P1010,2026-01-02,50364.7,Lost,2026-02-15
OPP200003,CUST10985,REP1020,P1006,2026-04-16,23379.15,Qualified,2026-05-12
OPP200004,CUST10453,REP1022,P1001,2026-04-08,21352.49,Lost,2026-05-21
OPP200005,CUST10341,REP1024,P1005,2026-02-12,147791.69,Proposal,2026-05-13
OPP200006,CUST11158,REP1029,P1003,2026-05-10,17211.35,Prospecting,2026-06-22
OPP200007,CUST10679,REP1026,P1012,2025-11-05,27681.46,Proposal,2025-12-25
OPP200008,CUST10142,REP1014,P1011,2026-05-30,74921.01,Negotiation,2026-06-27
OPP200009,CUST10270,REP1007,P1002,2026-01-20,4859.98,Won,2026-02-13
OPP200010,CUST11004,REP1003,P1007,2025-10-13,6303.08,Proposal,2025-11-20
OPP200011,CUST11078,REP1018,P1001,2026-06-30,29184.56,Prospecting,2026-07-23
OPP200012,CUST11091,REP1020,P1006,2026-05-01,39171.07,Lost,2026-07-16
OPP200013,CUST10009,REP1021,P1002,2026-05-13,5659.04,Proposal,2026-06-22
OPP200014,CUST10988,REP1001,P1009,2025-11-10,21128.49,Qualified,2026-01-06
OPP200015,CUST10135,REP1022,P1001,2026-04-25,127578.61,Won,2026-06-11
OPP200016,CUST10971,REP1024,P1011,2026-04-11,10278.46,Prospecting,2026-05-06
OPP200017,CUST11058,REP1022,P1003,2026-06-06,18850.53,Prospecting,2026-07-08
OPP200018,CUST10434,REP1016,P1004,2026-01-11,115211.02,Proposal,2026-02-17
OPP200019,CUST10233,REP1001,P1011,2026-06-13,31167.16,Negotiation,2026-07-18
OPP200020,CUST10857,REP1015,P1011,2026-04-13,209263.88,Proposal,2026-06-01
OPP200021,CUST10083,REP1020,P1002,2025-12-09,4925.54,Lost,2025-12-25
OPP200022,CUST10696,REP1018,P1002,2025-11-28,5482.15,Qualified,2025-12-15
OPP200023,CUST10398,REP1018,P1011,2026-06-06,10540.7,Lost,2026-07-12
OPP200024,CUST10510,REP1016,P1012,2026-03-27,22378.17,Prospecting,2026-05-11
OPP200025,CUST10991,REP1017,P1006,2025-11-02,16539.19,Prospecting,2025-11-13
OPP200026,CUST11192,REP1010,P1002,2025-11-04,34529.27,Prospecting,2026-01-02
OPP200027,CUST10483,REP1019,P1002,2026-05-16,45708.84,Prospecting,2026-05-31
OPP200028,CUST10349,REP1009,P1004,2025-11-16,11697.68,Proposal,2025-12-13
OPP200029,CUST11002,REP1015,P1009,2025-11-30,87191.51,Won,2026-01-07
OPP200030,CUST10496,REP1013,P1002,2026-03-18,39481.54,Won,2026-05-15
OPP200031,CUST10240,REP1022,P1008,2026-05-26,57708.78,Won,2026-08-10
OPP200032,CUST11084,REP1027,P1010,2026-01-01,50692.16,Prospecting,2026-01-31
OPP200033,CUST11191,REP1019,P1002,2026-04-02,16246.46,Won,2026-05-18
OPP200034,CUST10347,REP1005,P1012,2026-04-12,11122.41,Proposal,2026-05-22
OPP200035,CUST10190,REP1021,P1012,2026-03-15,6671.2,Won,2026-03-30
OPP200036,CUST10184,REP1010,P1004,2026-04-07,175645.23,Won,2026-06-14
OPP200037,CUST10719,REP1002,P1002,2025-12-02,23055.5,Prospecting,2025-12-30
OPP200038,CUST10372,REP1006,P1004,2026-03-20,67317.35,Proposal,2026-05-06
OPP200039,CUST10748,REP1030,P1004,2025-10-01,279166.43,Lost,2025-12-04
OPP200040,CUST10912,REP1013,P1004,2026-04-19,57692.66,Qualified,2026-06-05
OPP200041,CUST10007,REP1007,P1012,2026-05-06,18933.15,Negotiation,2026-06-18
OPP200042,CUST11032,REP1005,P1002,2026-05-07,16345.78,Lost,2026-06-19
OPP200043,CUST10035,REP1020,P1004,2025-10-09,35005.31,Qualified,2025-10-19
OPP200044,CUST10138,REP1023,P1010,2026-06-08,34661.52,Proposal,2026-08-01
OPP200045,CUST10870,REP1011,P1001,2026-01-28,68159.1,Proposal,2026-02-19
OPP200046,CUST10747,REP1004,P1001,2025-10-23,26735.84,Won,2025-11-14
OPP200047,CUST11175,REP1011,P1004,2026-02-24,11854.43,Proposal,2026-03-22
OPP200048,CUST10681,REP1020,P1012,2026-03-07,56364.98,Proposal,2026-04-29
OPP200049,CUST10501,REP1004,P1011,2026-01-19,90713.86,Qualified,2026-03-28
OPP200050,CUST10803,REP1009,P1012,2026-04-24,45868.65,Lost,2026-06-04
OPP200051,CUST10915,REP1001,P1011,2026-02-27,46615.96,Won,2026-03-17
OPP200052,CUST10806,REP1015,P1002,2025-11-29,80625.67,Negotiation,2026-01-10
OPP200053,CUST10445,REP1006,P1005,2026-03-20,35972.66,Lost,2026-04-19
OPP200054,CUST11152,REP1006,P1007,2025-12-12,47322.65,Negotiation,2026-02-23
OPP200055,CUST10362,REP1004,P1002,2025-11-02,38885.73,Lost,2025-12-19
OPP200056,CUST10416,REP1022,P1012,2025-12-13,12670.93,Prospecting,2026-01-18
OPP200057,CUST10334,REP1015,P1008,2026-06-07,37520.89,Qualified,2026-07-23
OPP200058,CUST10360,REP1029,P1011,2026-03-07,219292.06,Won,2026-05-31
OPP200059,CUST10256,REP1012,P1004,2025-12-27,46340.72,Proposal,2026-02-07
OPP200060,CUST10698,REP1007,P1009,2026-01-09,6630.84,Qualified,2026-01-26
OPP200061,CUST10875,REP1007,P1002,2026-05-25,20406.48,Won,2026-06-12
OPP200062,CUST10516,REP1029,P1001,2026-04-02,68330.53,Negotiation,2026-04-18
OPP200063,CUST11108,REP1018,P1008,2026-05-01,14595.04,Qualified,2026-05-18
OPP200064,CUST10569,REP1010,P1001,2026-03-17,14880.46,Proposal,2026-04-12
OPP200065,CUST10561,REP1020,P1004,2026-06-30,50278.43,Proposal,2026-08-01
OPP200066,CUST10084,REP1017,P1010,2026-03-30,39721.67,Prospecting,2026-05-24
OPP200067,CUST11085,REP1004,P1006,2026-01-19,4118.72,Qualified,2026-02-18
OPP200068,CUST10178,REP1022,P1005,2025-12-09,231309.92,Proposal,2026-03-08
OPP200069,CUST10198,REP1004,P1004,2025-10-13,99202.45,Won,2025-12-15
OPP200070,CUST11123,REP1006,P1009,2026-04-30,9758.25,Proposal,2026-06-09
OPP200071,CUST10624,REP1022,P1012,2026-06-14,24314.02,Proposal,2026-08-04
OPP200072,CUST10082,REP1014,P1009,2026-04-01,13798.73,Negotiation,2026-04-27
OPP200073,CUST10531,REP1007,P1005,2026-02-11,190040.96,Prospecting,2026-05-05
OPP200074,CUST10709,REP1003,P1006,2025-11-05,36793.41,Proposal,2025-12-29
OPP200075,CUST10013,REP1018,P1002,2026-03-27,47988.85,Qualified,2026-04-24
OPP200076,CUST10906,REP1021,P1002,2025-11-25,39130.53,Negotiation,2025-12-19
OPP200077,CUST10803,REP1007,P1004,2026-03-21,289897.78,Prospecting,2026-04-27
OPP200078,CUST10015,REP1013,P1005,2025-12-22,18582.53,Proposal,2026-02-02
OPP200079,CUST10743,REP1011,P1012,2026-05-27,20048.76,Negotiation,2026-06-20
OPP200080,CUST10268,REP1027,P1011,2026-06-15,23189.96,Won,2026-07-14
OPP200081,CUST10882,REP1024,P1002,2025-12-04,5485.83,Won,2025-12-21
OPP200082,CUST10453,REP1009,P1004,2025-12-29,53653.51,Lost,2026-01-20
OPP200083,CUST10243,REP1016,P1001,2026-06-11,15603.38,Negotiation,2026-07-03
OPP200084,CUST10609,REP1028,P1001,2025-10-06,7895.93,Qualified,2025-11-04
OPP200085,CUST10532,REP1011,P1005,2026-02-20,34275.42,Qualified,2026-03-05
OPP200086,CUST10410,REP1005,P1012,2025-11-08,26914.97,Prospecting,2025-12-15
OPP200087,CUST11055,REP1009,P1003,2026-01-28,127838.26,Qualified,2026-03-22
OPP200088,CUST10779,REP1019,P1009,2025-10-09,14300.43,Prospecting,2025-11-03
OPP200089,CUST10585,REP1030,P1005,2025-11-08,36750.49,Qualified,2025-11-15
OPP200090,CUST10272,REP1010,P1007,2026-01-19,16772.6,Negotiation,2026-01-29
OPP200091,CUST10683,REP1002,P1011,2025-10-17,22542.89,Negotiation,2025-11-03
OPP200092,CUST10031,REP1006,P1010,2026-05-08,9814.04,Qualified,2026-06-12
OPP200093,CUST11062,REP1013,P1010,2026-03-08,110560.59,Proposal,2026-05-29
OPP200094,CUST10002,REP1003,P1005,2026-02-01,94431.16,Qualified,2026-03-31
OPP200095,CUST10839,REP1002,P1001,2026-02-07,56807.87,Proposal,2026-03-06
OPP200096,CUST10415,REP1020,P1012,2026-05-19,50368.5,Proposal,2026-07-26
OPP200097,CUST10863,REP1025,P1012,2026-05-21,26352.64,Qualified,2026-06-16
OPP200098,CUST10434,REP1007,P1011,2025-10-14,61628.21,Qualified,2025-11-03
OPP200099,CUST10032,REP1016,P1006,2026-04-07,28986.44,Lost,2026-05-16
OPP200100,CUST11139,REP1018,P1004,2026-02-07,115809.08,Proposal,2026-03-23
OPP200101,CUST10920,REP1021,P1003,2026-05-04,25240.19,Proposal,2026-06-09
OPP200102,CUST10054,REP1030,P1005,2026-05-05,40447.68,Prospecting,2026-05-24
OPP200103,CUST10040,REP1027,P1005,2026-04-13,10157.25,Prospecting,2026-05-19
OPP200104,CUST10637,REP1010,P1004,2026-04-04,26923.53,Qualified,2026-04-22
OPP200105,CUST11148,REP1030,P1012,2025-11-28,79315.14,Lost,2026-01-13
OPP200106,CUST10694,REP1002,P1008,2026-05-23,14780.51,Prospecting,2026-05-31
OPP200107,CUST10013,REP1029,P1003,2026-04-11,17266.23,Qualified,2026-05-04
OPP200108,CUST10840,REP1005,P1008,2025-12-15,34939.77,Lost,2026-01-20
OPP200109,CUST10514,REP1004,P1009,2025-12-03,61435.49,Proposal,2026-01-13
OPP200110,CUST10767,REP1004,P1007,2026-02-15,15016.07,Qualified,2026-03-16
OPP200111,CUST10421,REP1004,P1012,2026-01-03,18488.41,Negotiation,2026-01-30
OPP200112,CUST10010,REP1014,P1012,2026-04-05,19004.11,Proposal,2026-04-15
OPP200113,CUST10023,REP1020,P1006,2026-01-20,35088.87,Lost,2026-04-13
OPP200114,CUST10759,REP1023,P1006,2025-11-16,49241.0,Prospecting,2026-01-03
OPP200115,CUST10763,REP1001,P1003,2026-01-17,38350.59,Won,2026-03-07
OPP200116,CUST10387,REP1009,P1010,2026-05-13,4322.17,Qualified,2026-06-14
OPP200117,CUST10099,REP1004,P1012,2026-05-17,42619.33,Won,2026-07-05
OPP200118,CUST10928,REP1005,P1008,2025-12-25,12220.36,Won,2026-01-12
OPP200119,CUST10182,REP1023,P1003,2026-05-07,7291.47,Won,2026-05-20
OPP200120,CUST10227,REP1020,P1007,2025-10-26,5630.07,Won,2025-11-07
OPP200121,CUST10543,REP1007,P1010,2026-06-28,12909.48,Negotiation,2026-07-13
OPP200122,CUST10860,REP1010,P1001,2026-04-29,14429.49,Prospecting,2026-05-27
OPP200123,CUST11195,REP1028,P1008,2025-10-12,15475.13,Prospecting,2025-11-24
OPP200124,CUST10751,REP1018,P1008,2026-04-12,50961.72,Qualified,2026-06-26
OPP200125,CUST11153,REP1008,P1007,2026-02-13,6024.5,Proposal,2026-03-29
OPP200126,CUST10783,REP1029,P1008,2026-06-01,84967.4,Qualified,2026-08-20
OPP200127,CUST11018,REP1006,P1011,2025-12-05,253235.11,Won,2026-01-25
OPP200128,CUST10212,REP1009,P1002,2026-06-03,84043.33,Won,2026-07-31
OPP200129,CUST10068,REP1021,P1007,2026-05-28,83662.58,Lost,2026-08-24
OPP200130,CUST10804,REP1016,P1010,2025-12-16,21864.67,Proposal,2026-02-01
OPP200131,CUST11171,REP1003,P1010,2026-01-27,8949.1,Won,2026-02-19
OPP200132,CUST10885,REP1025,P1006,2026-03-26,42046.87,Won,2026-05-18
OPP200133,CUST10412,REP1007,P1012,2025-12-06,18612.61,Lost,2025-12-26
OPP200134,CUST10588,REP1021,P1004,2026-07-02,107176.57,Won,2026-08-16
OPP200135,CUST10135,REP1011,P1006,2025-11-22,52611.35,Qualified,2026-02-17
OPP200136,CUST10409,REP1023,P1010,2025-12-07,8639.02,Prospecting,2026-01-03
OPP200137,CUST10820,REP1027,P1006,2026-02-15,17393.42,Lost,2026-03-17
OPP200138,CUST10200,REP1024,P1005,2026-02-08,37404.5,Negotiation,2026-02-17
OPP200139,CUST10578,REP1028,P1007,2025-10-14,22686.88,Won,2025-11-13
OPP200140,CUST10348,REP1017,P1008,2026-06-08,15478.97,Won,2026-07-05
OPP200141,CUST10589,REP1002,P1012,2025-12-06,110431.87,Won,2026-03-06
OPP200142,CUST10917,REP1017,P1008,2025-10-29,7867.94,Won,2025-11-17
OPP200143,CUST11062,REP1014,P1003,2026-02-20,73590.97,Lost,2026-04-10
OPP200144,CUST10492,REP1022,P1001,2026-06-13,107242.0,Lost,2026-08-06
OPP200145,CUST10993,REP1008,P1012,2025-10-01,17785.14,Qualified,2025-11-16
OPP200146,CUST10844,REP1021,P1006,2026-02-12,48383.56,Prospecting,2026-05-11
OPP200147,CUST11107,REP1014,P1003,2026-06-08,43665.74,Prospecting,2026-07-08
OPP200148,CUST10889,REP1021,P1003,2026-06-03,53925.93,Proposal,2026-06-26
OPP200149,CUST10661,REP1013,P1002,2025-11-16,20313.84,Won,2026-01-04
OPP200150,CUST10810,REP1012,P1003,2026-03-20,45392.61,Won,2026-04-28
OPP200151,CUST10382,REP1007,P1010,2026-05-18,20939.52,Proposal,2026-06-11
OPP200152,CUST10809,REP1025,P1008,2026-04-03,14777.7,Qualified,2026-05-18
OPP200153,CUST10851,REP1003,P1008,2026-03-30,75974.78,Proposal,2026-05-29
OPP200154,CUST10733,REP1008,P1001,2026-05-01,28064.96,Won,2026-06-13
OPP200155,CUST10124,REP1013,P1009,2026-02-02,27853.74,Negotiation,2026-04-03
OPP200156,CUST10623,REP1005,P1012,2025-10-19,25149.98,Prospecting,2025-11-11
OPP200157,CUST10854,REP1028,P1012,2026-03-25,59239.94,Qualified,2026-06-18
OPP200158,CUST10238,REP1011,P1005,2026-03-22,51453.67,Proposal,2026-05-20
OPP200159,CUST10945,REP1008,P1008,2026-05-23,7881.46,Proposal,2026-06-17
OPP200160,CUST11012,REP1008,P1004,2026-06-12,12725.29,Won,2026-07-02
OPP200161,CUST10647,REP1006,P1011,2026-01-01,11356.71,Lost,2026-01-14
OPP200162,CUST11158,REP1020,P1012,2026-06-20,65378.23,Prospecting,2026-07-06
OPP200163,CUST11030,REP1015,P1003,2025-10-03,55956.62,Qualified,2025-12-02
OPP200164,CUST10560,REP1007,P1006,2026-06-24,99767.42,Proposal,2026-08-19
OPP200165,CUST11062,REP1027,P1003,2025-11-07,49926.47,Qualified,2026-01-16
OPP200166,CUST11120,REP1020,P1008,2026-03-27,82750.08,Proposal,2026-05-10
OPP200167,CUST10130,REP1013,P1004,2026-04-06,25075.23,Prospecting,2026-04-25
OPP200168,CUST11198,REP1016,P1009,2026-03-24,10109.49,Prospecting,2026-05-01
OPP200169,CUST10006,REP1020,P1012,2026-06-30,12352.44,Won,2026-08-01
OPP200170,CUST10584,REP1005,P1011,2026-03-01,10769.45,Prospecting,2026-03-16
OPP200171,CUST11126,REP1025,P1003,2025-11-06,88390.59,Won,2025-12-06
OPP200172,CUST10870,REP1008,P1002,2026-03-17,14218.03,Qualified,2026-05-08
OPP200173,CUST10321,REP1001,P1010,2025-12-19,20246.58,Qualified,2025-12-29
OPP200174,CUST10773,REP1016,P1001,2026-03-18,41273.28,Prospecting,2026-04-02
OPP200175,CUST10258,REP1027,P1005,2026-01-13,37328.87,Prospecting,2026-01-31
OPP200176,CUST10285,REP1022,P1012,2025-10-12,49760.32,Qualified,2025-12-08
OPP200177,CUST11094,REP1010,P1006,2026-03-25,4246.8,Won,2026-04-26
OPP200178,CUST10057,REP1012,P1001,2025-10-25,29917.5,Lost,2025-11-09
OPP200179,CUST11155,REP1018,P1012,2025-12-30,6442.54,Prospecting,2026-02-10
OPP200180,CUST10545,REP1007,P1009,2026-03-20,9316.44,Prospecting,2026-05-17
OPP200181,CUST10078,REP1025,P1004,2026-05-31,47469.1,Prospecting,2026-07-04
OPP200182,CUST10945,REP1009,P1008,2025-12-26,12071.39,Won,2026-01-04
OPP200183,CUST10058,REP1007,P1008,2025-12-22,22305.8,Qualified,2026-01-05
OPP200184,CUST10391,REP1003,P1007,2025-12-22,6299.32,Qualified,2026-02-01
OPP200185,CUST10289,REP1021,P1012,2026-03-08,114067.11,Won,2026-05-27
OPP200186,CUST10942,REP1001,P1010,2025-11-23,14721.03,Won,2026-01-01
OPP200187,CUST10477,REP1025,P1004,2026-02-22,53776.77,Negotiation,2026-03-30
OPP200188,CUST10786,REP1030,P1012,2026-05-09,52222.26,Prospecting,2026-07-14
OPP200189,CUST10087,REP1004,P1012,2025-10-23,12083.61,Proposal,2025-11-05
OPP200190,CUST10835,REP1003,P1001,2026-06-23,20105.11,Qualified,2026-07-01
OPP200191,CUST10854,REP1029,P1004,2026-02-24,316855.96,Negotiation,2026-04-08
OPP200192,CUST10343,REP1004,P1008,2026-03-22,7987.16,Won,2026-04-22
OPP200193,CUST11058,REP1013,P1011,2026-03-19,30651.75,Prospecting,2026-04-20
OPP200194,CUST10565,REP1027,P1009,2026-06-17,13210.73,Won,2026-07-18
OPP200195,CUST10801,REP1005,P1007,2026-04-01,86822.41,Proposal,2026-05-27
OPP200196,CUST10219,REP1020,P1004,2026-06-01,242905.68,Won,2026-08-03
OPP200197,CUST11120,REP1012,P1002,2025-12-18,41890.66,Prospecting,2026-03-16
OPP200198,CUST10296,REP1014,P1011,2025-11-29,27748.2,Qualified,2026-01-11
OPP200199,CUST10752,REP1028,P1007,2026-03-26,5347.69,Prospecting,2026-05-09
OPP200200,CUST10108,REP1020,P1006,2025-11-12,33855.85,Negotiation,2026-01-10
OPP200201,CUST10054,REP1010,P1012,2025-10-31,27246.55,Prospecting,2025-12-13
OPP200202,CUST10153,REP1029,P1002,2025-11-28,19930.33,Qualified,2026-01-12
OPP200203,CUST11132,REP1018,P1004,2025-12-14,54386.48,Won,2025-12-30
OPP200204,CUST10253,REP1003,P1011,2025-10-27,212799.61,Won,2025-12-27
OPP200205,CUST11056,REP1012,P1004,2026-04-19,117647.86,Negotiation,2026-05-06
OPP200206,CUST10697,REP1008,P1012,2026-03-10,63006.42,Negotiation,2026-03-28
OPP200207,CUST10107,REP1020,P1011,2025-11-25,89285.5,Negotiation,2025-12-15
OPP200208,CUST10530,REP1026,P1002,2025-12-17,22846.34,Negotiation,2025-12-29
OPP200209,CUST10576,REP1002,P1006,2026-06-13,31102.76,Qualified,2026-07-16
OPP200210,CUST10321,REP1024,P1010,2026-06-09,4644.69,Prospecting,2026-07-14
OPP200211,CUST10725,REP1028,P1006,2025-11-03,4238.4,Proposal,2025-12-18
OPP200212,CUST11034,REP1030,P1003,2026-03-18,103263.21,Prospecting,2026-06-15
OPP200213,CUST11061,REP1020,P1001,2025-12-28,38565.62,Proposal,2026-01-19
OPP200214,CUST10631,REP1010,P1001,2026-01-07,15397.1,Proposal,2026-01-31
OPP200215,CUST11073,REP1005,P1003,2026-03-14,17575.04,Prospecting,2026-04-17
OPP200216,CUST11108,REP1029,P1004,2026-06-28,39346.99,Won,2026-07-08
OPP200217,CUST10106,REP1013,P1004,2026-03-10,207944.76,Negotiation,2026-04-11
OPP200218,CUST10762,REP1011,P1011,2026-06-20,39139.17,Proposal,2026-07-10
OPP200219,CUST10928,REP1023,P1007,2026-05-14,21390.31,Lost,2026-06-23
OPP200220,CUST10019,REP1022,P1002,2026-05-03,35574.43,Qualified,2026-06-04
OPP200221,CUST10725,REP1025,P1001,2026-05-06,30441.25,Qualified,2026-05-27
OPP200222,CUST11097,REP1027,P1002,2026-05-06,23341.99,Prospecting,2026-07-05
OPP200223,CUST10322,REP1027,P1004,2025-12-10,118569.03,Proposal,2026-01-10
OPP200224,CUST11029,REP1006,P1009,2026-06-26,13196.89,Qualified,2026-07-29
OPP200225,CUST11121,REP1006,P1001,2026-06-10,6642.65,Won,2026-07-25
OPP200226,CUST10763,REP1007,P1005,2026-03-15,82620.59,Qualified,2026-04-03
OPP200227,CUST10756,REP1019,P1006,2026-04-14,77070.48,Proposal,2026-06-14
OPP200228,CUST10642,REP1018,P1002,2026-05-31,24076.64,Proposal,2026-06-29
OPP200229,CUST10491,REP1026,P1001,2025-11-11,43947.69,Qualified,2025-11-30
OPP200230,CUST10544,REP1026,P1003,2025-10-18,158489.35,Won,2025-11-19
OPP200231,CUST10627,REP1025,P1002,2026-07-01,49523.22,Negotiation,2026-08-14
OPP200232,CUST10579,REP1003,P1010,2026-03-02,10275.11,Won,2026-04-03
OPP200233,CUST10992,REP1021,P1012,2026-04-17,32113.2,Negotiation,2026-05-27
OPP200234,CUST10924,REP1026,P1008,2026-02-16,10463.69,Proposal,2026-03-21
OPP200235,CUST10418,REP1030,P1010,2026-02-20,38822.06,Proposal,2026-04-08
OPP200236,CUST10616,REP1011,P1010,2025-10-11,28279.37,Negotiation,2025-10-27
OPP200237,CUST10259,REP1024,P1011,2025-12-19,159072.37,Qualified,2026-01-20
OPP200238,CUST10212,REP1013,P1002,2025-10-24,142882.92,Proposal,2025-12-13
OPP200239,CUST10443,REP1005,P1012,2026-01-27,11896.14,Prospecting,2026-02-25
OPP200240,CUST10070,REP1011,P1006,2025-10-07,8443.7,Negotiation,2025-11-18
OPP200241,CUST11026,REP1008,P1007,2026-05-09,11278.42,Prospecting,2026-06-23
OPP200242,CUST10152,REP1028,P1010,2025-12-20,62119.33,Lost,2026-03-10
OPP200243,CUST10392,REP1006,P1006,2026-04-22,12502.32,Prospecting,2026-05-10
OPP200244,CUST10302,REP1004,P1004,2025-10-15,257406.09,Proposal,2025-12-19
OPP200245,CUST10249,REP1018,P1001,2025-10-10,20451.2,Qualified,2025-10-29
OPP200246,CUST10442,REP1018,P1003,2026-01-25,28021.8,Qualified,2026-02-19
OPP200247,CUST10864,REP1017,P1002,2026-05-05,11229.87,Qualified,2026-05-15
OPP200248,CUST11071,REP1005,P1005,2026-05-12,26288.14,Negotiation,2026-07-11
OPP200249,CUST10227,REP1015,P1010,2026-02-27,14969.36,Prospecting,2026-03-23
OPP200250,CUST10287,REP1028,P1005,2026-03-18,93645.37,Qualified,2026-05-31
OPP200251,CUST10564,REP1003,P1008,2026-04-08,16251.44,Prospecting,2026-04-19
OPP200252,CUST10384,REP1024,P1003,2026-04-04,28237.98,Qualified,2026-05-18
OPP200253,CUST10960,REP1004,P1008,2026-04-22,11626.94,Lost,2026-05-19
OPP200254,CUST10268,REP1008,P1012,2025-10-09,23100.05,Proposal,2025-10-18
OPP200255,CUST10483,REP1027,P1004,2026-01-26,78771.21,Won,2026-02-26
OPP200256,CUST10655,REP1009,P1006,2026-05-19,69394.52,Proposal,2026-06-30
OPP200257,CUST10458,REP1016,P1012,2026-01-29,116117.53,Proposal,2026-03-04
OPP200258,CUST10741,REP1012,P1008,2025-11-10,8390.34,Won,2025-11-18
OPP200259,CUST10960,REP1019,P1005,2026-04-01,37420.92,Prospecting,2026-05-05
OPP200260,CUST10639,REP1013,P1002,2025-12-23,29018.88,Won,2026-02-15
OPP200261,CUST10549,REP1014,P1012,2026-02-18,12143.31,Proposal,2026-03-22
OPP200262,CUST11143,REP1025,P1008,2026-02-20,29457.48,Qualified,2026-04-07
OPP200263,CUST11179,REP1017,P1001,2026-04-10,7295.98,Lost,2026-04-18
OPP200264,CUST11195,REP1017,P1007,2026-06-13,42156.46,Qualified,2026-07-05
OPP200265,CUST10020,REP1025,P1012,2026-04-09,22568.21,Lost,2026-04-17
OPP200266,CUST11005,REP1013,P1012,2026-07-02,23283.41,Lost,2026-08-15
OPP200267,CUST11079,REP1025,P1003,2025-10-06,85523.0,Qualified,2025-12-20
OPP200268,CUST10967,REP1022,P1005,2026-05-04,81521.29,Qualified,2026-07-31
OPP200269,CUST10900,REP1027,P1012,2026-01-23,6714.7,Won,2026-03-06
OPP200270,CUST10440,REP1014,P1010,2026-04-19,38330.0,Prospecting,2026-05-13
OPP200271,CUST10872,REP1017,P1007,2025-10-24,12349.41,Won,2025-11-19
OPP200272,CUST10696,REP1004,P1004,2026-02-23,11913.86,Prospecting,2026-03-27
OPP200273,CUST10998,REP1004,P1010,2025-10-09,31119.5,Qualified,2025-11-26
OPP200274,CUST10422,REP1004,P1007,2026-04-02,59738.42,Proposal,2026-05-17
OPP200275,CUST10892,REP1019,P1007,2025-11-29,70627.06,Won,2026-01-25
OPP200276,CUST10942,REP1010,P1012,2025-11-09,6479.76,Won,2025-11-16
OPP200277,CUST11001,REP1009,P1005,2025-10-22,8943.4,Negotiation,2025-12-04
OPP200278,CUST10207,REP1019,P1008,2025-12-14,37116.4,Qualified,2026-02-24
OPP200279,CUST11037,REP1012,P1001,2026-06-21,7295.51,Proposal,2026-07-30
OPP200280,CUST10261,REP1005,P1009,2026-06-28,12959.79,Qualified,2026-07-22
OPP200281,CUST11125,REP1017,P1007,2025-10-23,16572.7,Qualified,2025-11-03
OPP200282,CUST10047,REP1017,P1011,2026-06-27,41996.13,Qualified,2026-08-22
OPP200283,CUST10269,REP1005,P1004,2026-03-11,86760.85,Negotiation,2026-05-01
OPP200284,CUST10731,REP1009,P1012,2025-12-28,36395.13,Qualified,2026-02-19
OPP200285,CUST10653,REP1008,P1007,2026-06-17,37705.26,Prospecting,2026-07-21
OPP200286,CUST10827,REP1021,P1003,2025-12-06,47847.09,Negotiation,2026-01-31
OPP200287,CUST10485,REP1008,P1002,2025-11-19,16078.03,Prospecting,2025-12-04
OPP200288,CUST10005,REP1001,P1003,2025-12-03,26722.24,Lost,2026-01-08
OPP200289,CUST10742,REP1009,P1004,2025-11-10,12709.83,Qualified,2025-12-06
OPP200290,CUST10613,REP1015,P1007,2026-02-11,42137.1,Prospecting,2026-03-04
OPP200291,CUST10611,REP1024,P1011,2025-11-08,22745.2,Won,2025-12-12
OPP200292,CUST10453,REP1002,P1012,2025-12-01,17119.0,Negotiation,2025-12-22
OPP200293,CUST11069,REP1027,P1009,2026-01-11,9948.05,Won,2026-02-01
OPP200294,CUST10951,REP1010,P1006,2026-03-28,17078.16,Proposal,2026-05-14
OPP200295,CUST10218,REP1011,P1008,2026-05-24,37664.86,Qualified,2026-07-13
OPP200296,CUST10047,REP1001,P1004,2025-10-21,108247.66,Negotiation,2025-11-19
OPP200297,CUST10218,REP1009,P1003,2026-03-23,35175.52,Proposal,2026-05-21
OPP200298,CUST10059,REP1015,P1007,2025-10-29,14980.69,Proposal,2025-12-15
OPP200299,CUST10852,REP1019,P1010,2026-06-30,13065.95,Qualified,2026-07-07
OPP200300,CUST10745,REP1024,P1001,2025-12-16,80989.63,Qualified,2026-02-04
OPP200301,CUST10556,REP1016,P1002,2026-05-24,22648.52,Prospecting,2026-07-22
OPP200302,CUST10710,REP1004,P1003,2026-05-02,50837.78,Won,2026-06-11
OPP200303,CUST10971,REP1012,P1003,2025-12-29,14078.68,Qualified,2026-02-11
OPP200304,CUST10998,REP1023,P1002,2025-12-28,24100.92,Lost,2026-02-04
OPP200305,CUST10522,REP1020,P1002,2025-12-27,5051.2,Qualified,2026-01-29
OPP200306,CUST10711,REP1018,P1001,2026-02-07,20220.46,Proposal,2026-03-12
OPP200307,CUST10693,REP1016,P1005,2026-01-30,90729.63,Qualified,2026-03-09
OPP200308,CUST11140,REP1016,P1009,2026-03-30,3567.98,Negotiation,2026-04-26
OPP200309,CUST10914,REP1030,P1002,2026-02-05,14581.86,Won,2026-03-17
OPP200310,CUST10378,REP1018,P1004,2026-05-05,96775.06,Proposal,2026-07-13
OPP200311,CUST11065,REP1018,P1012,2026-02-06,47387.53,Qualified,2026-03-26
OPP200312,CUST10478,REP1011,P1003,2025-12-24,26518.28,Won,2026-01-17
OPP200313,CUST10910,REP1015,P1012,2025-12-29,11854.13,Prospecting,2026-01-21
OPP200314,CUST11174,REP1022,P1007,2026-04-20,6235.03,Negotiation,2026-05-27
OPP200315,CUST10971,REP1026,P1009,2025-11-08,3598.37,Won,2025-12-14
OPP200316,CUST10130,REP1024,P1004,2025-12-18,38225.55,Qualified,2026-01-19
OPP200317,CUST10247,REP1020,P1004,2025-12-25,176646.83,Negotiation,2026-02-21
OPP200318,CUST10956,REP1024,P1005,2026-03-27,134281.98,Won,2026-05-31
OPP200319,CUST10149,REP1001,P1002,2025-11-05,4974.12,Prospecting,2025-12-04
OPP200320,CUST10014,REP1009,P1004,2026-02-01,50778.03,Qualified,2026-02-24
OPP200321,CUST10310,REP1008,P1011,2026-04-04,56753.17,Proposal,2026-04-26
OPP200322,CUST10584,REP1020,P1001,2026-06-12,22204.75,Won,2026-07-09
OPP200323,CUST10155,REP1023,P1007,2026-01-29,125185.36,Proposal,2026-03-27
OPP200324,CUST10185,REP1005,P1009,2026-06-28,29863.08,Proposal,2026-07-31
OPP200325,CUST10407,REP1006,P1002,2026-03-17,69560.27,Qualified,2026-06-13
OPP200326,CUST10719,REP1015,P1002,2026-05-01,47769.18,Prospecting,2026-06-15
OPP200327,CUST10654,REP1030,P1007,2025-12-06,53824.44,Prospecting,2025-12-25
OPP200328,CUST10958,REP1001,P1003,2026-06-09,13344.05,Qualified,2026-06-23
OPP200329,CUST11177,REP1027,P1012,2025-12-11,59945.65,Prospecting,2026-02-13
OPP200330,CUST10040,REP1006,P1003,2025-11-07,11972.1,Prospecting,2025-12-17
OPP200331,CUST10826,REP1009,P1002,2025-10-22,22154.2,Negotiation,2025-11-16
OPP200332,CUST10197,REP1019,P1004,2026-03-29,104927.88,Negotiation,2026-05-20
OPP200333,CUST10433,REP1022,P1004,2026-03-22,32875.92,Prospecting,2026-04-11
OPP200334,CUST10412,REP1027,P1002,2025-11-24,44718.89,Negotiation,2026-01-01
OPP200335,CUST10841,REP1001,P1008,2026-05-30,4190.06,Prospecting,2026-07-08
OPP200336,CUST10307,REP1002,P1005,2025-12-16,41014.03,Qualified,2026-02-07
OPP200337,CUST11074,REP1015,P1007,2026-03-17,88702.91,Lost,2026-04-30
OPP200338,CUST10460,REP1017,P1003,2026-02-21,13297.91,Proposal,2026-03-26
OPP200339,CUST10979,REP1008,P1002,2026-03-12,17080.25,Prospecting,2026-03-20
OPP200340,CUST11143,REP1020,P1001,2026-04-23,18581.31,Qualified,2026-05-13
OPP200341,CUST10613,REP1008,P1001,2026-06-13,73369.11,Negotiation,2026-08-08
OPP200342,CUST10122,REP1028,P1011,2026-04-17,33285.62,Qualified,2026-05-22
OPP200343,CUST10842,REP1006,P1004,2026-06-07,56203.33,Lost,2026-06-30
OPP200344,CUST10508,REP1020,P1004,2026-05-28,47431.74,Proposal,2026-07-12
OPP200345,CUST10407,REP1016,P1007,2026-01-07,102954.58,Prospecting,2026-04-07
OPP200346,CUST10549,REP1004,P1002,2026-03-03,10165.35,Proposal,2026-03-11
OPP200347,CUST10360,REP1019,P1008,2025-11-24,28675.97,Negotiation,2025-12-25
OPP200348,CUST10337,REP1005,P1007,2026-06-12,52358.72,Proposal,2026-07-07
OPP200349,CUST11188,REP1017,P1010,2026-06-23,18878.45,Lost,2026-07-30
OPP200350,CUST10335,REP1020,P1002,2026-06-02,4785.14,Lost,2026-07-02
OPP200351,CUST10551,REP1003,P1001,2026-04-23,75392.01,Prospecting,2026-05-31
OPP200352,CUST10858,REP1007,P1010,2026-05-22,20433.06,Prospecting,2026-06-14
OPP200353,CUST10266,REP1009,P1005,2026-05-07,47661.22,Qualified,2026-06-12
OPP200354,CUST10742,REP1028,P1001,2025-12-03,30691.88,Negotiation,2026-01-03
OPP200355,CUST11075,REP1007,P1007,2025-12-12,117407.44,Negotiation,2026-01-14
OPP200356,CUST10976,REP1028,P1006,2026-02-24,33923.4,Qualified,2026-04-06
OPP200357,CUST10035,REP1017,P1012,2026-01-24,6395.36,Lost,2026-02-08
OPP200358,CUST10487,REP1029,P1012,2026-04-21,19004.87,Qualified,2026-06-11
OPP200359,CUST10001,REP1025,P1007,2026-04-21,43224.49,Won,2026-05-14
OPP200360,CUST10729,REP1009,P1002,2026-06-26,10551.29,Won,2026-07-05
OPP200361,CUST10391,REP1017,P1009,2026-05-05,14280.55,Prospecting,2026-05-28
OPP200362,CUST11073,REP1022,P1003,2025-10-04,19498.5,Qualified,2025-11-07
OPP200363,CUST10211,REP1003,P1011,2026-01-02,209669.76,Qualified,2026-03-04
OPP200364,CUST11022,REP1020,P1008,2025-12-29,10842.31,Lost,2026-02-07
OPP200365,CUST10411,REP1014,P1005,2026-03-24,37493.83,Qualified,2026-04-27
OPP200366,CUST11105,REP1002,P1012,2026-01-03,23858.16,Won,2026-01-24
OPP200367,CUST10240,REP1027,P1007,2026-06-27,126435.47,Proposal,2026-09-09
OPP200368,CUST10323,REP1008,P1005,2025-12-19,126070.07,Proposal,2026-02-17
OPP200369,CUST10422,REP1027,P1003,2026-01-29,60038.25,Lost,2026-02-22
OPP200370,CUST11183,REP1007,P1008,2026-05-13,3981.84,Proposal,2026-05-20
OPP200371,CUST10881,REP1017,P1004,2026-01-09,24639.74,Won,2026-01-16
OPP200372,CUST10980,REP1012,P1002,2025-10-13,61684.43,Proposal,2025-11-25
OPP200373,CUST10664,REP1027,P1002,2025-12-31,20660.01,Prospecting,2026-02-21
OPP200374,CUST10954,REP1029,P1008,2026-01-07,24907.57,Prospecting,2026-02-11
OPP200375,CUST10753,REP1024,P1012,2026-03-18,17713.65,Qualified,2026-04-22
OPP200376,CUST10802,REP1026,P1004,2026-04-14,35257.45,Won,2026-05-06
OPP200377,CUST11005,REP1024,P1003,2026-02-28,14480.48,Qualified,2026-03-16
OPP200378,CUST11180,REP1009,P1008,2026-01-20,15484.4,Proposal,2026-03-08
OPP200379,CUST10691,REP1028,P1002,2026-02-16,14310.59,Prospecting,2026-02-23
OPP200380,CUST10530,REP1016,P1002,2025-11-09,22578.07,Negotiation,2025-12-09
OPP200381,CUST10784,REP1011,P1008,2025-11-19,11171.11,Won,2026-01-01
OPP200382,CUST10890,REP1006,P1007,2026-03-17,5598.47,Negotiation,2026-04-27
OPP200383,CUST11184,REP1022,P1001,2026-05-26,20021.72,Lost,2026-06-16
OPP200384,CUST10839,REP1009,P1003,2026-02-21,48301.55,Prospecting,2026-04-16
OPP200385,CUST11146,REP1020,P1003,2025-10-17,19328.28,Prospecting,2025-11-02
OPP200386,CUST10879,REP1002,P1009,2026-06-28,7058.29,Proposal,2026-07-14
OPP200387,CUST11143,REP1020,P1008,2025-12-29,11082.14,Qualified,2026-01-28
OPP200388,CUST10902,REP1020,P1009,2026-04-24,3566.88,Negotiation,2026-05-01
OPP200389,CUST11062,REP1016,P1002,2026-06-04,66695.75,Won,2026-07-20
OPP200390,CUST10229,REP1020,P1011,2026-06-29,79189.17,Prospecting,2026-08-22
OPP200391,CUST11192,REP1030,P1003,2025-11-02,58367.53,Lost,2025-12-21
OPP200392,CUST10419,REP1026,P1012,2025-11-21,125057.33,Prospecting,2026-01-10
OPP200393,CUST10958,REP1014,P1011,2026-03-27,22051.86,Negotiation,2026-04-15
OPP200394,CUST10471,REP1027,P1006,2026-04-28,9129.27,Proposal,2026-05-18
OPP200395,CUST10550,REP1029,P1010,2026-05-18,4290.38,Negotiation,2026-05-29
OPP200396,CUST10898,REP1005,P1009,2026-03-01,13786.79,Prospecting,2026-03-14
OPP200397,CUST10649,REP1011,P1010,2025-11-13,9067.15,Lost,2025-12-28
OPP200398,CUST10860,REP1023,P1001,2026-04-14,21856.3,Lost,2026-05-18
OPP200399,CUST10095,REP1016,P1002,2026-04-02,9720.69,Proposal,2026-05-05
OPP200400,CUST11001,REP1005,P1011,2026-02-06,19222.85,Proposal,2026-02-23
OPP200401,CUST10491,REP1015,P1010,2026-03-25,18204.96,Negotiation,2026-05-18
OPP200402,CUST10947,REP1012,P1008,2025-11-28,14254.08,Negotiation,2025-12-11
OPP200403,CUST10343,REP1023,P1004,2026-05-11,11525.73,Proposal,2026-06-24
OPP200404,CUST10716,REP1016,P1006,2025-10-13,16380.16,Negotiation,2025-11-08
OPP200405,CUST10706,REP1005,P1005,2026-05-19,9460.65,Won,2026-06-07
OPP200406,CUST10168,REP1002,P1006,2026-05-19,4331.84,Negotiation,2026-06-24
OPP200407,CUST10570,REP1009,P1008,2026-04-08,103586.14,Prospecting,2026-06-02
OPP200408,CUST10763,REP1005,P1010,2026-05-13,49944.2,Lost,2026-06-08
OPP200409,CUST11004,REP1027,P1005,2026-06-09,34757.88,Qualified,2026-07-12
OPP200410,CUST11065,REP1009,P1011,2025-11-14,88502.21,Prospecting,2025-12-31
OPP200411,CUST10462,REP1020,P1002,2026-02-27,29349.14,Lost,2026-04-10
OPP200412,CUST10772,REP1004,P1010,2026-03-27,38119.0,Qualified,2026-05-24
OPP200413,CUST10210,REP1014,P1009,2026-06-17,23379.36,Prospecting,2026-07-16
OPP200414,CUST11075,REP1029,P1007,2026-04-21,98434.41,Proposal,2026-06-14
OPP200415,CUST11042,REP1020,P1005,2026-03-13,28840.39,Won,2026-04-23
OPP200416,CUST11199,REP1009,P1005,2026-03-03,9082.78,Prospecting,2026-03-24
OPP200417,CUST10584,REP1023,P1005,2025-11-09,9733.44,Proposal,2025-12-23
OPP200418,CUST10432,REP1016,P1012,2025-12-27,108625.53,Prospecting,2026-02-03
OPP200419,CUST10910,REP1008,P1001,2026-01-28,30839.0,Proposal,2026-02-10
OPP200420,CUST10868,REP1030,P1008,2026-05-31,103276.63,Qualified,2026-07-20
OPP200421,CUST10255,REP1029,P1012,2026-05-26,17606.27,Prospecting,2026-06-02
OPP200422,CUST10648,REP1017,P1007,2026-03-26,34498.45,Lost,2026-05-20
OPP200423,CUST10773,REP1001,P1008,2025-10-30,22954.0,Negotiation,2025-11-28
OPP200424,CUST10546,REP1013,P1008,2026-04-17,26950.12,Won,2026-05-05
OPP200425,CUST10446,REP1016,P1007,2026-02-04,15910.31,Lost,2026-03-07
OPP200426,CUST10288,REP1028,P1008,2026-03-29,4043.93,Lost,2026-05-12
OPP200427,CUST10494,REP1022,P1011,2026-01-28,58889.74,Won,2026-03-29
OPP200428,CUST10296,REP1007,P1009,2026-04-17,22033.77,Qualified,2026-05-06
OPP200429,CUST10361,REP1016,P1011,2025-11-29,246720.04,Won,2026-02-15
OPP200430,CUST10222,REP1006,P1007,2025-11-09,22828.4,Proposal,2025-11-30
OPP200431,CUST10452,REP1015,P1010,2025-11-30,17469.48,Qualified,2026-01-08
OPP200432,CUST10758,REP1017,P1011,2026-06-11,11652.81,Proposal,2026-07-11
OPP200433,CUST10454,REP1016,P1003,2025-10-21,12582.84,Qualified,2025-11-25
OPP200434,CUST10171,REP1013,P1011,2025-12-18,31944.9,Proposal,2026-01-26
OPP200435,CUST10962,REP1014,P1009,2026-01-03,13703.65,Won,2026-02-13
OPP200436,CUST10518,REP1024,P1006,2026-05-19,23038.53,Proposal,2026-06-08
OPP200437,CUST10701,REP1016,P1010,2026-01-07,49292.37,Qualified,2026-02-24
OPP200438,CUST10628,REP1002,P1003,2026-06-03,20479.89,Prospecting,2026-06-15
OPP200439,CUST10608,REP1023,P1009,2026-06-29,9932.57,Won,2026-08-11
OPP200440,CUST10526,REP1019,P1007,2026-03-29,17438.25,Proposal,2026-04-29
OPP200441,CUST10907,REP1021,P1011,2026-01-03,98186.31,Proposal,2026-01-26
OPP200442,CUST11026,REP1022,P1008,2026-03-14,12418.01,Won,2026-04-01
OPP200443,CUST11085,REP1006,P1007,2026-04-03,15994.36,Won,2026-05-14
OPP200444,CUST10532,REP1030,P1007,2025-10-30,11256.55,Proposal,2025-12-01
OPP200445,CUST10410,REP1030,P1007,2026-05-18,11598.78,Negotiation,2026-06-02
OPP200446,CUST10100,REP1005,P1011,2026-01-28,34552.35,Qualified,2026-03-08
OPP200447,CUST10532,REP1007,P1010,2026-05-21,20245.47,Lost,2026-06-25
OPP200448,CUST11191,REP1008,P1002,2026-03-18,36355.43,Proposal,2026-04-04
OPP200449,CUST10313,REP1029,P1007,2026-05-25,61532.07,Negotiation,2026-06-21
OPP200450,CUST11014,REP1028,P1004,2025-10-23,37317.91,Prospecting,2025-12-01
OPP200451,CUST10908,REP1008,P1002,2025-10-12,72474.42,Negotiation,2025-12-02
OPP200452,CUST10793,REP1019,P1011,2025-10-31,32575.57,Qualified,2025-11-08
OPP200453,CUST10679,REP1008,P1011,2026-05-29,72838.53,Proposal,2026-07-10
OPP200454,CUST10908,REP1002,P1012,2026-07-01,141993.14,Negotiation,2026-09-23
OPP200455,CUST10119,REP1007,P1005,2026-07-02,38884.7,Won,2026-08-11
OPP200456,CUST10154,REP1003,P1006,2025-12-31,4681.46,Qualified,2026-02-14
OPP200457,CUST10235,REP1026,P1010,2025-12-12,5192.5,Won,2025-12-23
OPP200458,CUST10920,REP1024,P1003,2026-01-05,6325.43,Qualified,2026-02-07
OPP200459,CUST10519,REP1006,P1001,2026-05-13,61322.52,Proposal,2026-06-26
OPP200460,CUST10250,REP1018,P1006,2025-12-09,18473.59,Prospecting,2026-01-23
OPP200461,CUST10054,REP1007,P1008,2026-02-28,25156.0,Qualified,2026-04-07
OPP200462,CUST10587,REP1017,P1006,2026-03-27,4681.58,Won,2026-05-05
OPP200463,CUST10479,REP1027,P1003,2026-01-08,97135.59,Prospecting,2026-02-15
OPP200464,CUST10214,REP1027,P1007,2026-02-08,132796.59,Lost,2026-03-12
OPP200465,CUST10028,REP1025,P1012,2026-04-01,6570.71,Qualified,2026-05-05
OPP200466,CUST10905,REP1008,P1004,2026-05-06,88680.62,Negotiation,2026-05-20
OPP200467,CUST10936,REP1006,P1005,2025-11-22,49385.1,Prospecting,2026-01-16
OPP200468,CUST10296,REP1005,P1004,2026-02-18,118323.99,Negotiation,2026-03-04
OPP200469,CUST10593,REP1004,P1004,2025-11-12,40434.12,Lost,2025-12-15
OPP200470,CUST10304,REP1019,P1008,2025-10-05,12474.97,Proposal,2025-10-29
OPP200471,CUST10491,REP1020,P1005,2026-03-27,77271.48,Qualified,2026-05-10
OPP200472,CUST10132,REP1027,P1008,2026-02-10,14011.21,Won,2026-03-13
OPP200473,CUST11136,REP1003,P1001,2025-12-11,46928.4,Negotiation,2026-01-14
OPP200474,CUST10865,REP1008,P1008,2025-10-16,11829.53,Prospecting,2025-11-10
OPP200475,CUST11082,REP1022,P1002,2026-06-18,20535.09,Negotiation,2026-07-14
OPP200476,CUST10356,REP1021,P1005,2026-05-16,65024.94,Negotiation,2026-06-30
OPP200477,CUST11048,REP1013,P1011,2026-06-15,87066.85,Won,2026-08-01
OPP200478,CUST10622,REP1005,P1005,2025-11-01,18571.11,Qualified,2025-11-25
OPP200479,CUST10238,REP1015,P1009,2025-10-04,19257.45,Proposal,2025-11-03
OPP200480,CUST10399,REP1006,P1005,2025-11-29,26617.21,Lost,2025-12-15
OPP200481,CUST10974,REP1017,P1011,2025-10-28,29734.54,Proposal,2025-12-04
OPP200482,CUST10930,REP1028,P1012,2026-02-04,12218.67,Proposal,2026-02-19
OPP200483,CUST10865,REP1006,P1011,2026-03-27,42165.21,Lost,2026-04-19
OPP200484,CUST10272,REP1004,P1005,2025-11-23,37742.11,Qualified,2026-01-07
OPP200485,CUST10778,REP1023,P1004,2026-01-18,266266.19,Proposal,2026-04-05
OPP200486,CUST11130,REP1001,P1008,2026-02-26,7119.9,Won,2026-03-18
OPP200487,CUST10059,REP1030,P1010,2025-12-27,33803.24,Negotiation,2026-02-01
OPP200488,CUST10386,REP1024,P1007,2026-02-04,113655.35,Lost,2026-03-25
OPP200489,CUST10097,REP1013,P1009,2026-03-12,10201.64,Negotiation,2026-04-12
OPP200490,CUST10125,REP1011,P1011,2026-06-19,31063.79,Qualified,2026-07-01
OPP200491,CUST11198,REP1012,P1010,2025-12-25,8988.28,Proposal,2026-02-07
OPP200492,CUST10289,REP1012,P1005,2025-10-25,119112.72,Prospecting,2026-01-23
OPP200493,CUST10216,REP1026,P1003,2026-05-27,45806.98,Lost,2026-06-24
OPP200494,CUST10089,REP1024,P1006,2026-03-08,16469.32,Prospecting,2026-03-23
OPP200495,CUST11178,REP1007,P1007,2026-02-07,25991.93,Proposal,2026-03-18
OPP200496,CUST10563,REP1006,P1011,2026-04-17,10479.99,Proposal,2026-05-19
OPP200497,CUST10950,REP1017,P1004,2026-06-27,13808.43,Prospecting,2026-07-29
OPP200498,CUST10301,REP1020,P1002,2025-11-05,34918.9,Qualified,2025-11-20
OPP200499,CUST10770,REP1022,P1004,2026-05-25,58064.58,Negotiation,2026-07-11
OPP200500,CUST11064,REP1010,P1008,2026-03-25,8133.34,Prospecting,2026-04-03
OPP200501,CUST10806,REP1015,P1003,2026-03-10,150824.28,Lost,2026-04-29
OPP200502,CUST10621,REP1004,P1005,2026-05-26,77487.89,Lost,2026-08-07
OPP200503,CUST10253,REP1014,P1004,2025-12-23,135284.18,Prospecting,2026-03-17
OPP200504,CUST10281,REP1021,P1012,2026-05-05,6114.47,Won,2026-06-05
OPP200505,CUST10717,REP1010,P1007,2026-03-06,31923.64,Qualified,2026-03-27
OPP200506,CUST10542,REP1010,P1009,2026-06-15,10827.8,Prospecting,2026-07-18
OPP200507,CUST10056,REP1014,P1007,2026-02-06,61889.77,Qualified,2026-03-10
OPP200508,CUST10236,REP1026,P1001,2026-04-17,65043.85,Won,2026-05-31
OPP200509,CUST10519,REP1019,P1004,2026-02-14,38492.86,Negotiation,2026-03-05
OPP200510,CUST10215,REP1028,P1011,2026-01-17,45195.62,Qualified,2026-03-03
OPP200511,CUST10665,REP1002,P1007,2026-01-12,17056.46,Negotiation,2026-02-12
OPP200512,CUST10361,REP1026,P1009,2026-06-11,63219.58,Negotiation,2026-08-14
OPP200513,CUST10350,REP1002,P1010,2026-05-19,15384.88,Won,2026-06-25
OPP200514,CUST10130,REP1010,P1007,2025-12-01,5911.1,Proposal,2026-01-14
OPP200515,CUST10604,REP1013,P1007,2026-05-27,37334.35,Won,2026-07-26
OPP200516,CUST10227,REP1008,P1003,2026-03-10,13478.96,Negotiation,2026-03-23
OPP200517,CUST10757,REP1030,P1003,2025-10-29,43082.54,Prospecting,2025-11-30
OPP200518,CUST11126,REP1027,P1002,2026-04-29,59124.92,Won,2026-06-22
OPP200519,CUST11095,REP1018,P1004,2025-11-14,39372.02,Qualified,2025-12-22
OPP200520,CUST10801,REP1014,P1008,2026-05-28,87589.07,Negotiation,2026-07-17
OPP200521,CUST10969,REP1023,P1012,2026-02-02,5750.13,Negotiation,2026-02-18
OPP200522,CUST11106,REP1022,P1006,2026-06-10,13301.81,Qualified,2026-07-16
OPP200523,CUST10819,REP1015,P1008,2026-02-10,26149.67,Prospecting,2026-03-19
OPP200524,CUST10309,REP1025,P1011,2025-10-24,10997.7,Negotiation,2025-11-29
OPP200525,CUST10602,REP1006,P1009,2026-04-29,28666.37,Won,2026-05-30
OPP200526,CUST11029,REP1009,P1004,2026-04-18,38244.7,Won,2026-05-13
OPP200527,CUST10802,REP1001,P1004,2025-12-23,24238.98,Negotiation,2025-12-30
OPP200528,CUST10435,REP1004,P1008,2025-11-26,63324.36,Qualified,2025-12-26
OPP200529,CUST10203,REP1006,P1004,2026-05-26,260489.09,Qualified,2026-06-25
OPP200530,CUST10174,REP1019,P1003,2026-05-03,50087.85,Won,2026-05-25
OPP200531,CUST10453,REP1026,P1008,2025-12-21,16506.67,Proposal,2026-01-10
OPP200532,CUST10966,REP1018,P1008,2026-04-11,4023.33,Won,2026-04-19
OPP200533,CUST10664,REP1014,P1004,2025-12-06,104104.22,Qualified,2025-12-27
OPP200534,CUST10072,REP1009,P1001,2025-11-19,6557.54,Prospecting,2025-12-29
OPP200535,CUST11103,REP1004,P1010,2026-04-01,15494.76,Negotiation,2026-05-11
OPP200536,CUST10486,REP1018,P1005,2026-05-18,20540.13,Negotiation,2026-06-05
OPP200537,CUST10469,REP1005,P1008,2026-06-10,3539.67,Negotiation,2026-07-23
OPP200538,CUST10984,REP1024,P1003,2026-02-04,20628.38,Qualified,2026-02-15
OPP200539,CUST10453,REP1013,P1004,2025-11-09,37677.37,Won,2025-11-17
OPP200540,CUST10741,REP1011,P1008,2026-02-27,10668.35,Proposal,2026-03-19
OPP200541,CUST11106,REP1001,P1002,2026-04-06,11590.0,Won,2026-04-23
OPP200542,CUST10622,REP1008,P1004,2026-06-25,27709.47,Negotiation,2026-07-05
OPP200543,CUST10737,REP1001,P1009,2025-10-31,10904.91,Proposal,2025-12-10
OPP200544,CUST10425,REP1022,P1010,2026-03-30,4420.99,Negotiation,2026-05-14
OPP200545,CUST11069,REP1015,P1005,2026-02-18,79072.08,Proposal,2026-03-16
OPP200546,CUST10091,REP1024,P1002,2026-03-11,17061.44,Proposal,2026-03-30
OPP200547,CUST10332,REP1017,P1001,2025-10-26,29912.42,Negotiation,2025-11-30
OPP200548,CUST11190,REP1029,P1007,2025-10-05,5704.4,Prospecting,2025-11-17
OPP200549,CUST10581,REP1024,P1009,2026-03-16,9978.2,Lost,2026-04-03
OPP200550,CUST10210,REP1005,P1008,2025-11-24,24508.45,Qualified,2026-01-09
OPP200551,CUST10497,REP1004,P1005,2026-03-18,38234.15,Qualified,2026-03-25
OPP200552,CUST10307,REP1027,P1001,2025-10-08,43735.28,Won,2025-11-17
OPP200553,CUST10631,REP1009,P1003,2026-05-09,23882.82,Qualified,2026-06-23
OPP200554,CUST10284,REP1023,P1001,2025-12-31,6733.65,Lost,2026-01-25
OPP200555,CUST10480,REP1019,P1006,2026-02-02,43837.16,Proposal,2026-03-18
OPP200556,CUST11090,REP1022,P1004,2026-01-03,38716.38,Qualified,2026-02-05
OPP200557,CUST10099,REP1009,P1001,2026-01-24,69163.07,Prospecting,2026-03-08
OPP200558,CUST10917,REP1010,P1008,2026-02-23,3463.87,Prospecting,2026-03-28
OPP200559,CUST10094,REP1017,P1005,2026-03-27,19611.06,Prospecting,2026-05-07
OPP200560,CUST10549,REP1001,P1012,2026-04-08,17416.02,Prospecting,2026-04-15
OPP200561,CUST10802,REP1010,P1006,2026-06-30,13643.42,Qualified,2026-08-10
OPP200562,CUST11147,REP1016,P1002,2025-11-19,54891.74,Qualified,2026-02-12
OPP200563,CUST10301,REP1007,P1009,2026-05-28,23076.32,Proposal,2026-07-23
OPP200564,CUST10064,REP1009,P1009,2026-03-15,48637.72,Qualified,2026-05-06
OPP200565,CUST10902,REP1030,P1012,2025-12-25,6358.73,Prospecting,2026-01-23
OPP200566,CUST11073,REP1009,P1009,2026-06-10,23738.1,Prospecting,2026-07-10
OPP200567,CUST10679,REP1028,P1005,2026-04-13,80111.2,Prospecting,2026-06-05
OPP200568,CUST10073,REP1028,P1009,2025-11-20,3272.62,Qualified,2025-12-12
OPP200569,CUST10601,REP1021,P1010,2025-11-18,46381.76,Prospecting,2025-12-16
OPP200570,CUST10470,REP1005,P1007,2026-03-31,106906.49,Qualified,2026-06-10
OPP200571,CUST10542,REP1007,P1010,2026-04-19,9428.76,Lost,2026-04-27
OPP200572,CUST10065,REP1029,P1012,2025-10-13,51207.81,Qualified,2025-11-13
OPP200573,CUST10381,REP1001,P1010,2026-03-22,101555.58,Prospecting,2026-05-03
OPP200574,CUST11199,REP1016,P1007,2026-02-24,24159.65,Negotiation,2026-03-17
OPP200575,CUST10055,REP1018,P1006,2026-06-24,16382.12,Proposal,2026-07-18
OPP200576,CUST11098,REP1026,P1011,2026-04-22,11493.51,Prospecting,2026-05-01
OPP200577,CUST10622,REP1027,P1011,2026-06-08,10890.3,Won,2026-07-18
OPP200578,CUST10702,REP1009,P1004,2025-10-10,11599.7,Negotiation,2025-11-02
OPP200579,CUST11121,REP1016,P1001,2026-04-29,29819.01,Lost,2026-05-19
OPP200580,CUST10262,REP1020,P1010,2025-12-31,19601.63,Lost,2026-01-21
OPP200581,CUST11182,REP1029,P1003,2026-03-02,14399.74,Negotiation,2026-04-16
OPP200582,CUST10333,REP1017,P1012,2026-05-30,65754.77,Negotiation,2026-07-23
OPP200583,CUST10419,REP1004,P1001,2026-05-28,79520.68,Proposal,2026-07-26
OPP200584,CUST10540,REP1028,P1011,2025-12-02,60814.19,Won,2025-12-31
OPP200585,CUST10722,REP1016,P1009,2025-12-06,7185.83,Proposal,2025-12-31
OPP200586,CUST10388,REP1006,P1004,2026-04-17,55617.93,Qualified,2026-06-15
OPP200587,CUST10952,REP1006,P1001,2026-05-30,23301.18,Prospecting,2026-06-14
OPP200588,CUST10026,REP1007,P1011,2026-03-18,203877.33,Negotiation,2026-05-28
OPP200589,CUST10800,REP1022,P1002,2025-10-16,24124.26,Proposal,2025-12-11
OPP200590,CUST10788,REP1029,P1002,2025-11-15,15360.89,Won,2026-01-03
OPP200591,CUST10642,REP1014,P1010,2026-04-25,32278.0,Prospecting,2026-06-18
OPP200592,CUST10737,REP1003,P1009,2026-04-22,10935.15,Won,2026-06-04
OPP200593,CUST10898,REP1027,P1002,2026-06-04,16400.93,Prospecting,2026-06-13
OPP200594,CUST11086,REP1020,P1005,2026-02-24,20227.48,Negotiation,2026-03-12
OPP200595,CUST10263,REP1018,P1008,2026-01-26,13787.09,Proposal,2026-02-07
OPP200596,CUST10573,REP1002,P1008,2025-10-31,27282.63,Qualified,2025-12-10
OPP200597,CUST10675,REP1030,P1005,2026-05-04,200682.51,Proposal,2026-06-27
OPP200598,CUST10414,REP1003,P1005,2026-06-19,25322.06,Qualified,2026-06-27
OPP200599,CUST11169,REP1019,P1001,2025-10-13,15208.8,Prospecting,2025-11-10
OPP200600,CUST10614,REP1018,P1001,2026-02-13,14887.69,Won,2026-02-23
OPP200601,CUST10712,REP1016,P1012,2026-01-06,17532.92,Qualified,2026-01-28
OPP200602,CUST10234,REP1017,P1003,2026-04-23,20641.62,Won,2026-05-14
OPP200603,CUST10499,REP1012,P1012,2026-04-28,105028.84,Negotiation,2026-07-21
OPP200604,CUST10751,REP1018,P1001,2025-11-29,126712.09,Prospecting,2026-02-08
OPP200605,CUST10515,REP1011,P1012,2026-06-19,13136.52,Won,2026-07-20
OPP200606,CUST10925,REP1015,P1006,2025-11-07,4407.16,Won,2025-12-16
OPP200607,CUST10165,REP1021,P1010,2026-05-03,9534.17,Won,2026-05-17
OPP200608,CUST10185,REP1023,P1011,2026-04-22,235911.37,Won,2026-06-06
OPP200609,CUST10407,REP1005,P1005,2025-11-14,186545.36,Negotiation,2026-01-28
OPP200610,CUST10383,REP1030,P1009,2026-04-04,14248.93,Lost,2026-05-10
OPP200611,CUST10979,REP1003,P1005,2025-12-14,26955.34,Prospecting,2025-12-21
OPP200612,CUST11042,REP1009,P1010,2025-12-15,18670.05,Prospecting,2025-12-30
OPP200613,CUST10567,REP1011,P1012,2025-10-24,72574.73,Negotiation,2025-12-06
OPP200614,CUST10607,REP1010,P1010,2026-04-24,14727.57,Qualified,2026-05-01
OPP200615,CUST10354,REP1011,P1009,2026-05-11,3523.33,Negotiation,2026-06-12
OPP200616,CUST10639,REP1010,P1005,2026-02-16,36941.54,Proposal,2026-03-04
OPP200617,CUST10848,REP1014,P1002,2026-05-02,14150.11,Qualified,2026-06-24
OPP200618,CUST10867,REP1023,P1007,2026-01-04,30055.62,Won,2026-02-14
OPP200619,CUST11163,REP1025,P1002,2026-03-05,4911.83,Prospecting,2026-04-10
OPP200620,CUST10694,REP1011,P1007,2026-05-05,11344.71,Prospecting,2026-05-31
OPP200621,CUST10409,REP1008,P1011,2026-01-27,11211.24,Negotiation,2026-03-12
OPP200622,CUST10084,REP1021,P1002,2026-03-19,15003.85,Won,2026-04-14
OPP200623,CUST10826,REP1002,P1011,2025-11-09,19351.42,Won,2025-12-07
OPP200624,CUST10965,REP1014,P1008,2026-02-17,56504.08,Qualified,2026-03-19
OPP200625,CUST10663,REP1007,P1001,2026-05-22,110274.71,Won,2026-08-10
OPP200626,CUST11108,REP1019,P1009,2026-05-01,6488.74,Negotiation,2026-05-30
OPP200627,CUST10381,REP1003,P1001,2025-12-22,98814.89,Won,2026-01-31
OPP200628,CUST10064,REP1025,P1008,2026-02-27,33162.81,Prospecting,2026-05-17
OPP200629,CUST10760,REP1009,P1007,2026-03-20,29532.06,Qualified,2026-05-19
OPP200630,CUST10146,REP1016,P1009,2026-06-16,34827.75,Proposal,2026-07-03
OPP200631,CUST10101,REP1018,P1005,2026-05-16,9918.97,Proposal,2026-06-24
OPP200632,CUST10843,REP1015,P1002,2026-05-13,16034.65,Prospecting,2026-06-30
OPP200633,CUST10522,REP1014,P1005,2026-04-26,34329.31,Proposal,2026-05-16
OPP200634,CUST10726,REP1009,P1010,2026-01-07,13159.76,Negotiation,2026-02-07
OPP200635,CUST10898,REP1024,P1012,2026-01-12,13152.5,Qualified,2026-02-18
OPP200636,CUST10460,REP1016,P1003,2026-02-05,26388.79,Proposal,2026-03-02
OPP200637,CUST10734,REP1007,P1005,2026-01-26,38747.32,Qualified,2026-03-12
OPP200638,CUST10648,REP1008,P1011,2026-06-21,76099.4,Won,2026-07-07
OPP200639,CUST10697,REP1014,P1004,2026-05-29,82054.5,Negotiation,2026-07-25
OPP200640,CUST10845,REP1026,P1003,2026-06-04,70211.73,Proposal,2026-08-29
OPP200641,CUST10457,REP1029,P1010,2026-03-17,20734.88,Lost,2026-04-01
OPP200642,CUST10606,REP1012,P1006,2025-11-22,32296.49,Negotiation,2025-12-28
OPP200643,CUST10710,REP1012,P1007,2025-11-09,59077.97,Qualified,2025-12-23
OPP200644,CUST10169,REP1004,P1006,2025-12-15,19309.68,Negotiation,2026-01-06
OPP200645,CUST10254,REP1017,P1008,2026-03-29,73547.22,Lost,2026-05-14
OPP200646,CUST10108,REP1008,P1004,2026-01-09,114835.4,Prospecting,2026-03-04
OPP200647,CUST10238,REP1025,P1009,2026-03-30,29034.98,Negotiation,2026-05-15
OPP200648,CUST10527,REP1017,P1005,2026-05-30,17053.26,Prospecting,2026-07-08
OPP200649,CUST11126,REP1007,P1007,2025-12-31,137294.49,Won,2026-03-19
OPP200650,CUST11108,REP1028,P1003,2026-06-13,6783.4,Negotiation,2026-07-18
OPP200651,CUST10916,REP1025,P1001,2026-02-18,98202.7,Lost,2026-03-30
OPP200652,CUST10670,REP1010,P1007,2026-05-09,97208.01,Negotiation,2026-07-28
OPP200653,CUST10244,REP1004,P1002,2025-10-17,16182.97,Prospecting,2025-11-23
OPP200654,CUST10430,REP1008,P1011,2025-12-15,10169.95,Proposal,2025-12-26
OPP200655,CUST10920,REP1012,P1012,2026-06-13,6160.35,Lost,2026-06-23
OPP200656,CUST11091,REP1013,P1004,2026-06-01,274956.16,Qualified,2026-08-16
OPP200657,CUST11156,REP1025,P1004,2026-03-07,130698.01,Prospecting,2026-04-08
OPP200658,CUST10467,REP1030,P1007,2025-10-10,128417.69,Negotiation,2025-11-29
OPP200659,CUST10584,REP1023,P1003,2025-10-17,18245.35,Proposal,2025-11-08
OPP200660,CUST10611,REP1026,P1011,2026-01-25,44933.71,Prospecting,2026-03-06
OPP200661,CUST10068,REP1004,P1002,2026-06-04,60622.36,Qualified,2026-07-26
OPP200662,CUST10140,REP1005,P1006,2026-01-12,17076.79,Qualified,2026-02-02
OPP200663,CUST10055,REP1028,P1003,2026-06-01,6440.87,Negotiation,2026-06-23
OPP200664,CUST10885,REP1019,P1010,2026-02-25,31626.4,Proposal,2026-03-13
OPP200665,CUST10270,REP1008,P1002,2025-11-07,9644.59,Proposal,2025-11-15
OPP200666,CUST10841,REP1024,P1006,2026-03-04,18629.37,Won,2026-03-27
OPP200667,CUST10451,REP1006,P1011,2026-01-09,11248.96,Qualified,2026-01-16
OPP200668,CUST10954,REP1024,P1006,2025-12-01,34300.24,Negotiation,2026-01-19
OPP200669,CUST10139,REP1027,P1003,2026-04-04,74182.35,Qualified,2026-05-29
OPP200670,CUST10391,REP1015,P1002,2025-11-26,5201.11,Proposal,2025-12-22
OPP200671,CUST10246,REP1020,P1008,2026-06-07,20016.24,Proposal,2026-07-06
OPP200672,CUST10524,REP1022,P1002,2026-05-09,40271.53,Negotiation,2026-06-27
OPP200673,CUST10675,REP1027,P1005,2026-05-04,116228.06,Lost,2026-06-29
OPP200674,CUST10203,REP1018,P1008,2025-10-21,84428.92,Qualified,2025-11-22
OPP200675,CUST10801,REP1009,P1005,2026-06-22,165207.86,Prospecting,2026-08-20
OPP200676,CUST11158,REP1007,P1010,2026-02-13,44207.64,Proposal,2026-03-07
OPP200677,CUST10052,REP1011,P1009,2026-04-20,6549.05,Proposal,2026-05-20
OPP200678,CUST10104,REP1002,P1002,2025-11-22,5684.78,Qualified,2025-12-20
OPP200679,CUST11143,REP1021,P1010,2026-04-30,46585.35,Won,2026-06-05
OPP200680,CUST10779,REP1012,P1011,2025-12-27,47004.42,Won,2026-01-28
OPP200681,CUST11104,REP1022,P1003,2026-04-13,6580.31,Proposal,2026-05-13
OPP200682,CUST10847,REP1002,P1005,2025-12-16,36449.73,Proposal,2026-01-18
OPP200683,CUST10861,REP1010,P1005,2026-06-14,209247.63,Prospecting,2026-09-05
OPP200684,CUST10190,REP1012,P1006,2026-04-13,4657.27,Proposal,2026-05-27
OPP200685,CUST10615,REP1003,P1006,2026-02-02,105193.21,Negotiation,2026-03-09
OPP200686,CUST10439,REP1025,P1011,2026-02-03,31439.96,Won,2026-03-07
OPP200687,CUST11001,REP1018,P1008,2025-10-01,7294.45,Proposal,2025-10-11
OPP200688,CUST10052,REP1026,P1011,2025-12-22,29574.43,Prospecting,2026-01-14
OPP200689,CUST10022,REP1025,P1005,2026-05-06,8417.56,Prospecting,2026-06-10
OPP200690,CUST10668,REP1002,P1007,2026-05-17,5332.93,Prospecting,2026-06-14
OPP200691,CUST11165,REP1026,P1002,2026-07-02,13882.01,Lost,2026-08-22
OPP200692,CUST11194,REP1003,P1004,2025-10-24,13234.34,Won,2025-12-05
OPP200693,CUST10713,REP1027,P1008,2025-12-08,75381.46,Won,2026-03-07
OPP200694,CUST10516,REP1021,P1003,2026-04-29,58821.37,Won,2026-06-13
OPP200695,CUST10328,REP1025,P1012,2026-01-08,12786.47,Prospecting,2026-02-10
OPP200696,CUST11189,REP1015,P1004,2025-12-08,39559.11,Negotiation,2026-01-28
OPP200697,CUST10220,REP1005,P1002,2025-12-17,82976.86,Negotiation,2026-01-30
OPP200698,CUST10152,REP1005,P1010,2026-06-10,93469.41,Qualified,2026-07-28
OPP200699,CUST10611,REP1004,P1002,2026-05-24,19583.74,Proposal,2026-06-13
OPP200700,CUST10471,REP1025,P1004,2025-10-02,35597.73,Negotiation,2025-11-07
OPP200701,CUST10595,REP1017,P1003,2026-05-20,103110.04,Won,2026-07-10
OPP200702,CUST11083,REP1007,P1009,2026-03-03,9154.07,Prospecting,2026-03-15
OPP200703,CUST10324,REP1004,P1011,2026-05-21,29040.87,Won,2026-07-11
OPP200704,CUST11053,REP1003,P1003,2026-03-21,13340.48,Lost,2026-04-26
OPP200705,CUST10255,REP1008,P1005,2026-04-08,28686.46,Lost,2026-05-08
OPP200706,CUST10389,REP1023,P1006,2026-03-08,4504.63,Prospecting,2026-04-18
OPP200707,CUST10006,REP1027,P1009,2026-04-21,3504.89,Qualified,2026-05-28
OPP200708,CUST10815,REP1019,P1005,2026-05-13,37936.27,Negotiation,2026-06-24
OPP200709,CUST11031,REP1030,P1007,2026-02-17,6185.81,Qualified,2026-03-06
OPP200710,CUST11064,REP1012,P1007,2025-10-31,5299.83,Prospecting,2025-11-11
OPP200711,CUST10201,REP1010,P1001,2025-10-26,23231.12,Won,2025-11-15
OPP200712,CUST10921,REP1021,P1007,2026-01-23,11768.09,Prospecting,2026-03-03
OPP200713,CUST10170,REP1005,P1007,2026-02-08,21838.84,Proposal,2026-03-23
OPP200714,CUST10755,REP1028,P1012,2026-05-26,165646.95,Lost,2026-07-01
OPP200715,CUST10843,REP1024,P1007,2025-10-10,53265.88,Proposal,2025-12-03
OPP200716,CUST10184,REP1002,P1011,2026-06-02,140325.3,Lost,2026-07-31
OPP200717,CUST10133,REP1006,P1005,2025-10-16,100006.3,Proposal,2025-12-07
OPP200718,CUST10088,REP1019,P1009,2026-02-15,6473.72,Qualified,2026-03-20
OPP200719,CUST10851,REP1023,P1011,2026-01-25,124104.88,Prospecting,2026-02-27
OPP200720,CUST10738,REP1007,P1002,2026-03-03,48777.13,Qualified,2026-04-08
OPP200721,CUST10144,REP1023,P1007,2025-10-12,52619.86,Qualified,2025-10-30
OPP200722,CUST10601,REP1015,P1012,2026-04-29,18408.84,Won,2026-05-28
OPP200723,CUST10955,REP1021,P1007,2025-11-06,62614.24,Lost,2025-12-25
OPP200724,CUST10286,REP1013,P1011,2026-05-03,11365.04,Prospecting,2026-06-05
OPP200725,CUST10727,REP1014,P1006,2026-03-05,13611.03,Prospecting,2026-04-08
OPP200726,CUST10352,REP1012,P1011,2026-06-02,19729.7,Negotiation,2026-07-04
OPP200727,CUST10314,REP1005,P1008,2026-06-27,10076.07,Proposal,2026-07-11
OPP200728,CUST10471,REP1006,P1006,2026-05-21,17587.0,Qualified,2026-06-19
OPP200729,CUST10423,REP1006,P1003,2026-02-02,59167.88,Qualified,2026-03-10
OPP200730,CUST10595,REP1025,P1003,2026-01-22,140338.46,Qualified,2026-03-25
OPP200731,CUST10247,REP1013,P1004,2026-04-01,255883.2,Proposal,2026-05-13
OPP200732,CUST10469,REP1012,P1010,2026-03-28,19739.88,Prospecting,2026-05-01
OPP200733,CUST10747,REP1026,P1006,2026-05-06,17016.32,Won,2026-06-05
OPP200734,CUST10465,REP1027,P1005,2026-02-10,248822.09,Qualified,2026-04-05
OPP200735,CUST10788,REP1008,P1006,2026-02-05,31815.45,Proposal,2026-02-21
OPP200736,CUST10139,REP1011,P1005,2025-11-02,80590.64,Proposal,2025-12-06
OPP200737,CUST10166,REP1013,P1010,2025-11-16,26264.14,Qualified,2025-12-16
OPP200738,CUST11039,REP1026,P1005,2026-05-14,27452.82,Won,2026-06-10
OPP200739,CUST10555,REP1021,P1006,2026-06-30,3989.15,Negotiation,2026-08-14
OPP200740,CUST10731,REP1017,P1007,2026-03-15,16443.71,Won,2026-05-02
OPP200741,CUST10888,REP1008,P1008,2026-01-03,8049.02,Proposal,2026-01-28
OPP200742,CUST10176,REP1012,P1005,2025-10-16,40906.81,Proposal,2025-11-03
OPP200743,CUST11167,REP1001,P1001,2025-10-12,15583.54,Qualified,2025-10-25
OPP200744,CUST10509,REP1022,P1009,2026-04-05,75134.91,Proposal,2026-05-13
OPP200745,CUST11068,REP1028,P1007,2026-03-26,53665.25,Negotiation,2026-04-12
OPP200746,CUST10501,REP1024,P1008,2025-12-17,43937.59,Proposal,2026-03-12
OPP200747,CUST10487,REP1010,P1007,2025-11-21,22233.3,Prospecting,2025-12-05
OPP200748,CUST10721,REP1015,P1007,2025-10-20,24271.05,Qualified,2025-11-29
OPP200749,CUST10230,REP1029,P1012,2026-04-06,26467.22,Prospecting,2026-05-05
OPP200750,CUST10731,REP1013,P1001,2026-03-16,55587.79,Qualified,2026-04-28
OPP200751,CUST11180,REP1026,P1002,2025-12-31,55464.95,Negotiation,2026-02-28
OPP200752,CUST10775,REP1018,P1012,2026-04-20,5758.81,Lost,2026-05-27
OPP200753,CUST10085,REP1015,P1011,2026-05-21,142528.84,Prospecting,2026-06-28
OPP200754,CUST10838,REP1018,P1005,2026-02-20,25575.81,Prospecting,2026-04-05
OPP200755,CUST10041,REP1007,P1007,2025-12-12,48380.35,Qualified,2026-01-21
OPP200756,CUST10125,REP1013,P1006,2025-10-02,17634.81,Prospecting,2025-10-31
OPP200757,CUST10342,REP1010,P1012,2026-05-07,16925.29,Negotiation,2026-06-07
OPP200758,CUST10366,REP1023,P1006,2026-03-08,8777.81,Prospecting,2026-03-24
OPP200759,CUST10005,REP1019,P1010,2026-01-04,4824.09,Lost,2026-02-04
OPP200760,CUST10021,REP1012,P1005,2025-10-02,9766.93,Won,2025-11-02
OPP200761,CUST10948,REP1025,P1005,2026-05-12,170276.95,Proposal,2026-08-09
OPP200762,CUST10546,REP1014,P1009,2026-06-12,31569.85,Lost,2026-08-07
OPP200763,CUST10240,REP1029,P1005,2026-02-10,79551.46,Negotiation,2026-04-05
OPP200764,CUST10516,REP1019,P1001,2025-12-13,42303.26,Lost,2026-01-28
OPP200765,CUST10832,REP1027,P1003,2026-03-20,44651.21,Qualified,2026-05-11
OPP200766,CUST10882,REP1030,P1011,2026-05-28,19209.25,Lost,2026-06-05
OPP200767,CUST10346,REP1010,P1005,2026-03-11,30550.32,Prospecting,2026-04-13
OPP200768,CUST10201,REP1008,P1002,2025-10-04,16617.22,Qualified,2025-11-15
OPP200769,CUST11152,REP1026,P1012,2025-11-23,142161.4,Lost,2025-12-30
OPP200770,CUST10758,REP1007,P1012,2025-10-27,18601.12,Qualified,2025-12-02
OPP200771,CUST11180,REP1023,P1006,2026-01-22,38150.97,Qualified,2026-02-07
OPP200772,CUST10369,REP1006,P1008,2026-02-02,7077.76,Prospecting,2026-02-24
OPP200773,CUST10134,REP1027,P1010,2026-02-25,45978.24,Prospecting,2026-05-15
OPP200774,CUST10459,REP1021,P1001,2026-04-27,7884.94,Qualified,2026-06-11
OPP200775,CUST10394,REP1016,P1004,2025-10-31,12770.43,Proposal,2025-12-05
OPP200776,CUST10864,REP1014,P1007,2026-06-17,21693.23,Proposal,2026-07-22
OPP200777,CUST10860,REP1020,P1007,2025-12-12,6124.0,Won,2025-12-29
OPP200778,CUST10086,REP1012,P1004,2026-02-21,208764.08,Prospecting,2026-05-12
OPP200779,CUST10706,REP1012,P1001,2025-11-27,22275.02,Won,2025-12-29
OPP200780,CUST10412,REP1007,P1012,2026-01-06,49740.5,Proposal,2026-03-05
OPP200781,CUST10738,REP1005,P1008,2026-05-17,9845.07,Won,2026-06-28
OPP200782,CUST10470,REP1027,P1010,2025-10-13,100576.2,Won,2025-11-14
OPP200783,CUST10645,REP1023,P1006,2026-02-10,9676.33,Lost,2026-03-08
OPP200784,CUST10859,REP1014,P1007,2026-03-10,5922.87,Prospecting,2026-04-16
OPP200785,CUST10353,REP1025,P1006,2026-03-06,4712.68,Proposal,2026-04-12
OPP200786,CUST10240,REP1019,P1006,2026-01-13,90520.82,Lost,2026-03-07
OPP200787,CUST10848,REP1018,P1009,2026-01-12,34499.31,Negotiation,2026-02-03
OPP200788,CUST11137,REP1004,P1012,2026-06-08,125620.79,Prospecting,2026-08-30
OPP200789,CUST10533,REP1017,P1010,2025-12-06,27768.7,Negotiation,2026-01-27
OPP200790,CUST11198,REP1004,P1009,2026-02-10,12883.96,Won,2026-03-23
OPP200791,CUST10222,REP1021,P1001,2026-01-09,14799.31,Qualified,2026-02-11
OPP200792,CUST10983,REP1003,P1007,2026-04-29,64768.65,Negotiation,2026-07-18
OPP200793,CUST11186,REP1016,P1012,2026-05-10,47128.66,Won,2026-06-11
OPP200794,CUST10360,REP1012,P1005,2026-05-22,122403.12,Proposal,2026-08-07
OPP200795,CUST10178,REP1004,P1007,2025-10-24,88049.82,Prospecting,2025-12-22
OPP200796,CUST10797,REP1015,P1004,2025-10-28,34531.98,Proposal,2025-12-04
OPP200797,CUST11044,REP1007,P1003,2026-01-12,7176.92,Negotiation,2026-01-24
OPP200798,CUST10100,REP1008,P1009,2026-01-30,12638.19,Proposal,2026-02-17
OPP200799,CUST10769,REP1027,P1004,2025-10-18,12960.07,Negotiation,2025-11-02
OPP200800,CUST11046,REP1011,P1008,2026-06-03,16337.09,Proposal,2026-06-25
OPP200801,CUST10039,REP1013,P1008,2026-06-04,8026.24,Won,2026-07-12
OPP200802,CUST10620,REP1001,P1011,2026-01-25,54559.53,Won,2026-02-13
OPP200803,CUST10093,REP1010,P1012,2026-04-30,26235.96,Won,2026-06-17
OPP200804,CUST10212,REP1011,P1007,2026-03-05,95995.83,Proposal,2026-05-24
OPP200805,CUST10584,REP1022,P1001,2026-03-30,7008.37,Prospecting,2026-05-02
OPP200806,CUST10393,REP1004,P1007,2026-05-29,62517.4,Won,2026-08-06
OPP200807,CUST10103,REP1028,P1011,2025-10-26,81960.08,Prospecting,2025-11-15
OPP200808,CUST10961,REP1004,P1006,2025-12-03,12324.34,Proposal,2026-01-02
OPP200809,CUST10244,REP1020,P1007,2026-01-26,21479.52,Prospecting,2026-02-10
OPP200810,CUST11045,REP1001,P1010,2026-06-04,19933.87,Proposal,2026-06-20
OPP200811,CUST10213,REP1025,P1006,2026-03-12,108204.45,Negotiation,2026-06-02
OPP200812,CUST10624,REP1021,P1005,2026-01-18,83876.27,Proposal,2026-03-01
OPP200813,CUST10873,REP1026,P1006,2025-10-08,16410.85,Proposal,2025-11-22
OPP200814,CUST10577,REP1028,P1011,2026-03-13,54478.29,Prospecting,2026-04-17
OPP200815,CUST10501,REP1026,P1006,2025-12-14,113522.88,Qualified,2026-02-03
OPP200816,CUST10901,REP1019,P1004,2025-12-30,138466.72,Proposal,2026-02-28
OPP200817,CUST10015,REP1026,P1008,2026-07-01,10545.06,Won,2026-08-01
OPP200818,CUST10992,REP1003,P1009,2026-02-22,10042.04,Won,2026-04-17
OPP200819,CUST10828,REP1020,P1011,2025-11-08,10381.24,Lost,2025-11-16
OPP200820,CUST10918,REP1030,P1011,2025-10-14,19196.36,Prospecting,2025-11-10
OPP200821,CUST10506,REP1012,P1010,2026-01-15,88376.78,Qualified,2026-04-04
OPP200822,CUST10462,REP1030,P1010,2025-10-18,32113.9,Proposal,2025-12-08
OPP200823,CUST10687,REP1016,P1006,2026-01-26,18363.87,Negotiation,2026-03-01
OPP200824,CUST10771,REP1015,P1005,2026-01-23,26859.73,Negotiation,2026-02-05
OPP200825,CUST11111,REP1010,P1007,2026-05-30,106708.02,Won,2026-08-01
OPP200826,CUST11029,REP1004,P1009,2026-01-01,12465.9,Proposal,2026-01-11
OPP200827,CUST10065,REP1027,P1007,2025-12-15,60868.23,Proposal,2026-02-04
OPP200828,CUST10183,REP1022,P1003,2026-03-19,50782.04,Lost,2026-05-01
OPP200829,CUST11136,REP1013,P1001,2026-03-25,50014.02,Qualified,2026-04-17
OPP200830,CUST10466,REP1029,P1001,2025-10-11,58891.67,Won,2025-12-24
OPP200831,CUST10697,REP1006,P1006,2025-10-24,34211.95,Negotiation,2025-12-10
OPP200832,CUST10068,REP1024,P1010,2025-11-16,45492.73,Prospecting,2025-12-19
OPP200833,CUST10126,REP1014,P1010,2026-05-02,72834.26,Lost,2026-06-06
OPP200834,CUST10491,REP1019,P1010,2025-11-27,34052.11,Won,2025-12-20
OPP200835,CUST10861,REP1002,P1009,2026-06-30,29378.81,Won,2026-08-03
OPP200836,CUST10927,REP1019,P1001,2026-01-30,20775.18,Prospecting,2026-02-26
OPP200837,CUST11074,REP1021,P1011,2026-06-14,125899.15,Prospecting,2026-09-05
OPP200838,CUST10237,REP1030,P1012,2025-12-07,17720.41,Negotiation,2025-12-16
OPP200839,CUST10243,REP1011,P1011,2026-01-25,19195.68,Prospecting,2026-02-24
OPP200840,CUST10651,REP1003,P1006,2025-11-07,8256.37,Prospecting,2025-11-30
OPP200841,CUST10657,REP1002,P1003,2026-05-21,14571.64,Proposal,2026-06-29
OPP200842,CUST10044,REP1005,P1011,2026-03-14,10091.52,Prospecting,2026-04-08
OPP200843,CUST10537,REP1009,P1003,2025-10-21,61696.87,Won,2025-12-30
OPP200844,CUST11078,REP1025,P1010,2026-04-23,18196.68,Proposal,2026-06-04
OPP200845,CUST10197,REP1006,P1012,2026-06-01,16963.4,Prospecting,2026-06-21
OPP200846,CUST10985,REP1005,P1011,2026-04-07,60573.45,Proposal,2026-05-05
OPP200847,CUST10537,REP1001,P1007,2026-05-11,54365.94,Prospecting,2026-06-26
OPP200848,CUST10630,REP1012,P1011,2025-12-15,33726.48,Prospecting,2025-12-28
OPP200849,CUST10770,REP1019,P1010,2026-01-27,35787.37,Proposal,2026-03-12
OPP200850,CUST10847,REP1009,P1012,2026-05-23,11537.82,Proposal,2026-05-30
OPP200851,CUST10765,REP1015,P1005,2026-03-17,83926.94,Qualified,2026-04-18
OPP200852,CUST10125,REP1008,P1008,2026-03-18,7437.98,Negotiation,2026-03-29
OPP200853,CUST10355,REP1025,P1010,2026-04-29,14060.4,Proposal,2026-05-29
OPP200854,CUST11015,REP1001,P1003,2026-03-19,89048.04,Negotiation,2026-06-02
OPP200855,CUST10049,REP1007,P1003,2025-11-04,117759.19,Qualified,2026-01-01
OPP200856,CUST10859,REP1017,P1005,2025-11-28,9116.46,Negotiation,2025-12-22
OPP200857,CUST10625,REP1026,P1005,2026-05-03,39505.83,Proposal,2026-06-07
OPP200858,CUST10144,REP1013,P1010,2025-12-06,38598.53,Prospecting,2025-12-29
OPP200859,CUST10148,REP1003,P1012,2026-04-02,24555.57,Negotiation,2026-04-23
OPP200860,CUST11177,REP1017,P1002,2026-02-08,67468.44,Won,2026-05-05
OPP200861,CUST10038,REP1009,P1004,2026-03-20,23422.61,Prospecting,2026-03-28
OPP200862,CUST10028,REP1010,P1012,2025-12-05,13267.77,Negotiation,2026-01-11
OPP200863,CUST10021,REP1028,P1008,2025-12-25,7984.88,Won,2026-01-07
OPP200864,CUST10755,REP1029,P1003,2026-04-08,150589.62,Prospecting,2026-05-14
OPP200865,CUST11112,REP1008,P1008,2025-11-17,12321.83,Lost,2025-12-05
OPP200866,CUST10207,REP1018,P1011,2025-12-24,160587.79,Proposal,2026-02-08
OPP200867,CUST10955,REP1017,P1005,2026-07-02,50826.62,Won,2026-07-30
OPP200868,CUST10864,REP1029,P1006,2025-11-11,13316.84,Won,2025-12-21
OPP200869,CUST10276,REP1029,P1008,2026-03-08,28944.71,Lost,2026-05-03
OPP200870,CUST10085,REP1011,P1011,2025-11-11,167461.35,Negotiation,2026-01-22
OPP200871,CUST10586,REP1001,P1007,2026-04-13,136547.57,Negotiation,2026-05-21
OPP200872,CUST10098,REP1001,P1012,2025-11-04,12608.57,Qualified,2025-12-17
OPP200873,CUST10137,REP1001,P1010,2026-03-07,10205.91,Qualified,2026-04-16
OPP200874,CUST10560,REP1024,P1006,2026-01-29,39953.85,Won,2026-03-04
OPP200875,CUST10979,REP1023,P1006,2026-04-09,8081.03,Proposal,2026-05-01
OPP200876,CUST11193,REP1025,P1009,2025-10-01,13269.61,Won,2025-11-07
OPP200877,CUST10754,REP1005,P1001,2026-02-19,191839.87,Prospecting,2026-03-26
OPP200878,CUST10332,REP1002,P1003,2026-02-27,11942.38,Qualified,2026-03-08
OPP200879,CUST10394,REP1006,P1003,2025-12-06,6546.77,Prospecting,2026-01-05
OPP200880,CUST10736,REP1019,P1010,2025-12-22,14520.47,Proposal,2026-01-11
OPP200881,CUST10208,REP1001,P1010,2026-04-13,14355.66,Prospecting,2026-05-07
OPP200882,CUST10623,REP1020,P1010,2026-03-01,49229.93,Qualified,2026-04-19
OPP200883,CUST10923,REP1027,P1002,2026-03-09,14436.18,Lost,2026-04-06
OPP200884,CUST11011,REP1005,P1004,2026-06-15,110993.75,Won,2026-08-27
OPP200885,CUST10071,REP1023,P1004,2026-01-20,301339.74,Won,2026-02-26
OPP200886,CUST10347,REP1017,P1001,2026-05-27,23080.53,Prospecting,2026-06-03
OPP200887,CUST10306,REP1029,P1004,2026-06-25,106260.94,Qualified,2026-07-20
OPP200888,CUST10666,REP1008,P1006,2026-03-08,41340.56,Negotiation,2026-04-19
OPP200889,CUST10223,REP1007,P1011,2025-11-28,23221.64,Prospecting,2025-12-17
OPP200890,CUST11141,REP1001,P1003,2026-01-23,14004.02,Proposal,2026-03-01
OPP200891,CUST11101,REP1022,P1011,2025-10-13,127255.17,Lost,2025-11-21
OPP200892,CUST10400,REP1027,P1010,2026-04-11,18164.26,Prospecting,2026-04-22
OPP200893,CUST10489,REP1001,P1002,2025-12-15,22717.13,Lost,2026-01-07
OPP200894,CUST10528,REP1015,P1004,2026-06-11,115233.19,Prospecting,2026-07-30
OPP200895,CUST10052,REP1022,P1006,2026-03-29,4234.51,Prospecting,2026-04-12
OPP200896,CUST11067,REP1024,P1012,2026-02-12,65902.29,Prospecting,2026-03-06
OPP200897,CUST10936,REP1028,P1010,2025-11-21,12984.08,Lost,2026-01-01
OPP200898,CUST10399,REP1022,P1012,2025-10-28,44963.4,Negotiation,2025-11-16
OPP200899,CUST10657,REP1028,P1004,2026-04-03,12448.42,Won,2026-04-16
OPP200900,CUST10457,REP1030,P1011,2026-04-29,19486.47,Qualified,2026-06-07
OPP200901,CUST10274,REP1028,P1012,2025-12-13,19961.69,Won,2025-12-20
OPP200902,CUST10365,REP1014,P1008,2025-10-03,10074.08,Negotiation,2025-10-19
OPP200903,CUST10129,REP1013,P1002,2025-12-27,5738.7,Negotiation,2026-01-05
OPP200904,CUST10972,REP1013,P1004,2026-04-29,35215.3,Won,2026-05-26
OPP200905,CUST10786,REP1029,P1002,2026-03-09,41377.1,Won,2026-05-20
OPP200906,CUST11117,REP1009,P1010,2025-10-24,10321.44,Negotiation,2025-11-27
OPP200907,CUST10008,REP1023,P1004,2025-11-01,39462.84,Prospecting,2025-12-04
OPP200908,CUST10758,REP1019,P1009,2025-10-30,3109.13,Won,2025-11-08
OPP200909,CUST10673,REP1002,P1004,2026-04-27,133667.45,Qualified,2026-06-17
OPP200910,CUST10749,REP1015,P1012,2026-05-03,11457.6,Lost,2026-06-03
OPP200911,CUST11188,REP1006,P1010,2026-01-21,15349.41,Proposal,2026-02-23
OPP200912,CUST10469,REP1022,P1005,2026-04-08,8508.18,Prospecting,2026-04-28
OPP200913,CUST10170,REP1014,P1006,2025-10-06,8892.65,Qualified,2025-11-15
OPP200914,CUST10015,REP1011,P1001,2026-03-04,26376.87,Proposal,2026-04-12
OPP200915,CUST10591,REP1002,P1002,2025-12-14,30920.78,Proposal,2026-02-01
OPP200916,CUST10209,REP1004,P1012,2026-05-14,82189.25,Won,2026-07-31
OPP200917,CUST10170,REP1023,P1010,2026-02-12,15225.53,Negotiation,2026-03-29
OPP200918,CUST10177,REP1026,P1011,2026-05-23,58460.73,Qualified,2026-07-13
OPP200919,CUST10333,REP1009,P1008,2026-03-04,20463.43,Proposal,2026-04-14
OPP200920,CUST10140,REP1025,P1003,2026-02-03,24509.93,Won,2026-02-25
OPP200921,CUST10584,REP1017,P1002,2026-06-18,5663.8,Won,2026-07-09
OPP200922,CUST10785,REP1011,P1009,2026-07-01,25727.51,Proposal,2026-08-22
OPP200923,CUST10348,REP1014,P1004,2026-02-03,73855.14,Lost,2026-03-02
OPP200924,CUST10164,REP1021,P1001,2026-01-07,28132.81,Prospecting,2026-02-07
OPP200925,CUST10687,REP1028,P1001,2026-03-27,23824.2,Negotiation,2026-04-22
OPP200926,CUST10103,REP1015,P1007,2025-11-17,57220.8,Won,2025-12-18
OPP200927,CUST10886,REP1011,P1011,2026-01-15,10728.68,Proposal,2026-02-08
OPP200928,CUST10460,REP1023,P1005,2026-05-21,10131.45,Prospecting,2026-05-31
OPP200929,CUST10492,REP1016,P1012,2026-06-04,165401.82,Negotiation,2026-08-16
OPP200930,CUST10299,REP1012,P1005,2026-01-23,19012.8,Qualified,2026-02-01
OPP200931,CUST10340,REP1014,P1009,2026-01-16,14045.47,Prospecting,2026-01-25
OPP200932,CUST10176,REP1017,P1003,2026-05-29,20426.1,Prospecting,2026-06-14
OPP200933,CUST10670,REP1005,P1008,2025-11-25,62085.25,Won,2026-01-26
OPP200934,CUST10176,REP1002,P1004,2025-10-17,11621.15,Prospecting,2025-11-04
OPP200935,CUST10817,REP1020,P1010,2025-10-21,4967.29,Proposal,2025-12-01
OPP200936,CUST10308,REP1006,P1006,2025-10-31,13791.1,Lost,2025-12-13
OPP200937,CUST10679,REP1016,P1001,2026-05-30,18836.15,Won,2026-07-01
OPP200938,CUST10645,REP1024,P1003,2025-10-12,6272.07,Proposal,2025-11-26
OPP200939,CUST10761,REP1007,P1005,2025-12-31,41438.46,Proposal,2026-01-18
OPP200940,CUST10910,REP1012,P1006,2026-03-15,16441.38,Prospecting,2026-03-27
OPP200941,CUST10673,REP1030,P1004,2026-03-17,245271.68,Proposal,2026-05-07
OPP200942,CUST11024,REP1002,P1007,2026-05-17,18095.94,Prospecting,2026-06-29
OPP200943,CUST10311,REP1023,P1012,2026-06-27,17821.48,Prospecting,2026-07-23
OPP200944,CUST10902,REP1006,P1009,2026-01-19,9464.02,Prospecting,2026-02-22
OPP200945,CUST10412,REP1028,P1004,2025-12-04,52628.83,Negotiation,2026-01-17
OPP200946,CUST10754,REP1013,P1009,2025-10-25,46429.62,Prospecting,2025-12-24
OPP200947,CUST10591,REP1001,P1012,2026-06-03,44124.65,Prospecting,2026-07-30
OPP200948,CUST11090,REP1022,P1003,2026-01-11,27813.37,Won,2026-02-24
OPP200949,CUST10326,REP1005,P1003,2026-06-05,28438.74,Prospecting,2026-06-29
OPP200950,CUST10624,REP1011,P1001,2026-01-04,55447.11,Negotiation,2026-02-20
OPP200951,CUST10198,REP1016,P1011,2026-04-26,251527.79,Proposal,2026-07-03
OPP200952,CUST10761,REP1023,P1010,2026-03-26,38821.6,Proposal,2026-05-06
OPP200953,CUST10045,REP1013,P1005,2026-04-15,29949.78,Prospecting,2026-04-25
OPP200954,CUST10494,REP1026,P1011,2026-03-29,82362.91,Prospecting,2026-04-21
OPP200955,CUST10012,REP1015,P1008,2025-12-24,31822.4,Won,2026-03-24
OPP200956,CUST10393,REP1011,P1012,2025-10-29,50890.63,Proposal,2025-12-12
OPP200957,CUST10581,REP1011,P1012,2025-10-03,11815.3,Prospecting,2025-11-04
OPP200958,CUST10399,REP1025,P1012,2026-01-24,18905.38,Qualified,2026-03-21
OPP200959,CUST10464,REP1020,P1005,2026-06-03,17229.89,Proposal,2026-07-03
OPP200960,CUST10178,REP1004,P1008,2026-03-26,36511.63,Prospecting,2026-05-08
OPP200961,CUST10858,REP1023,P1003,2026-04-04,27285.15,Proposal,2026-05-14
OPP200962,CUST10956,REP1013,P1011,2025-12-11,197438.03,Proposal,2026-01-11
OPP200963,CUST10546,REP1011,P1004,2026-02-11,34304.16,Negotiation,2026-03-30
OPP200964,CUST10067,REP1003,P1006,2026-01-20,12740.93,Won,2026-02-06
OPP200965,CUST10075,REP1030,P1008,2025-11-07,10687.87,Proposal,2025-12-08
OPP200966,CUST10810,REP1002,P1010,2026-03-18,21642.83,Won,2026-04-23
OPP200967,CUST11115,REP1030,P1009,2026-01-08,13444.36,Proposal,2026-02-06
OPP200968,CUST11038,REP1002,P1012,2026-01-19,23230.71,Proposal,2026-02-09
OPP200969,CUST10487,REP1016,P1009,2026-03-14,32061.69,Negotiation,2026-04-21
OPP200970,CUST10597,REP1004,P1010,2025-10-09,14533.17,Negotiation,2025-12-05
OPP200971,CUST10196,REP1015,P1007,2026-06-15,12454.38,Prospecting,2026-07-24
OPP200972,CUST10085,REP1026,P1005,2025-12-01,175910.61,Lost,2026-01-25
OPP200973,CUST10919,REP1018,P1011,2026-04-05,21904.93,Lost,2026-05-18
OPP200974,CUST10515,REP1017,P1005,2026-05-02,17402.11,Qualified,2026-06-12
OPP200975,CUST10597,REP1004,P1008,2025-11-12,15263.26,Proposal,2025-12-25
OPP200976,CUST10412,REP1029,P1004,2025-12-08,77244.59,Won,2026-01-18
OPP200977,CUST10376,REP1012,P1006,2026-01-22,14308.04,Lost,2026-01-30
OPP200978,CUST11183,REP1017,P1005,2026-05-13,8569.63,Negotiation,2026-06-09
OPP200979,CUST10980,REP1027,P1004,2026-03-24,310344.07,Prospecting,2026-05-05
OPP200980,CUST10830,REP1019,P1010,2026-02-06,42162.57,Negotiation,2026-02-27
OPP200981,CUST10467,REP1023,P1010,2026-05-22,51701.96,Prospecting,2026-08-12
OPP200982,CUST10866,REP1006,P1009,2026-02-08,72233.28,Negotiation,2026-03-26
OPP200983,CUST10408,REP1014,P1001,2026-06-01,21706.36,Negotiation,2026-07-02
OPP200984,CUST10619,REP1017,P1003,2026-04-30,14445.2,Negotiation,2026-06-09
OPP200985,CUST10175,REP1006,P1003,2025-11-17,102655.85,Prospecting,2026-01-22
OPP200986,CUST10852,REP1012,P1009,2026-01-14,9954.88,Proposal,2026-02-20
OPP200987,CUST10073,REP1025,P1011,2025-10-07,10239.42,Negotiation,2025-11-13
OPP200988,CUST10868,REP1028,P1005,2025-12-05,184422.24,Qualified,2026-01-31
OPP200989,CUST10725,REP1025,P1004,2025-10-07,35057.66,Prospecting,2025-11-18
OPP200990,CUST10080,REP1029,P1007,2025-10-29,32207.05,Qualified,2025-12-24
OPP200991,CUST10608,REP1030,P1012,2025-10-02,12909.47,Won,2025-10-22
OPP200992,CUST10268,REP1006,P1005,2026-04-03,26997.23,Proposal,2026-05-11
OPP200993,CUST10572,REP1026,P1004,2026-01-21,85328.57,Negotiation,2026-02-12
OPP200994,CUST10016,REP1019,P1007,2026-02-07,31089.92,Proposal,2026-02-26
OPP200995,CUST10867,REP1026,P1011,2026-04-29,109485.39,Won,2026-06-06
OPP200996,CUST10612,REP1020,P1009,2026-05-11,12694.55,Proposal,2026-06-10
OPP200997,CUST10435,REP1004,P1007,2026-02-24,81678.71,Prospecting,2026-04-30
OPP200998,CUST11051,REP1017,P1009,2026-02-03,28336.47,Prospecting,2026-03-26
OPP200999,CUST10774,REP1023,P1001,2026-03-28,31447.59,Prospecting,2026-04-19
OPP201000,CUST10732,REP1004,P1010,2026-01-23,14231.21,Won,2026-03-15
OPP201001,CUST10177,REP1016,P1002,2026-01-30,34858.5,Negotiation,2026-03-27
OPP201002,CUST10601,REP1020,P1005,2025-12-22,85268.05,Won,2026-01-09
OPP201003,CUST10841,REP1014,P1005,2025-11-22,9994.72,Negotiation,2025-12-16
OPP201004,CUST11112,REP1024,P1009,2025-11-24,6955.17,Won,2025-12-09
OPP201005,CUST10726,REP1004,P1003,2026-03-30,26609.67,Lost,2026-05-01
OPP201006,CUST10207,REP1011,P1003,2026-05-17,149707.14,Negotiation,2026-07-11
OPP201007,CUST10814,REP1029,P1011,2026-01-25,44297.79,Qualified,2026-02-11
OPP201008,CUST10090,REP1016,P1006,2025-10-27,31314.46,Prospecting,2025-11-21
OPP201009,CUST10376,REP1006,P1009,2026-03-17,3188.88,Negotiation,2026-04-06
OPP201010,CUST11101,REP1004,P1007,2026-06-06,42934.61,Won,2026-07-12
OPP201011,CUST10963,REP1018,P1008,2026-02-23,14477.01,Proposal,2026-03-06
OPP201012,CUST11084,REP1028,P1009,2025-10-08,28673.56,Qualified,2025-11-20
OPP201013,CUST10423,REP1002,P1009,2025-10-23,12951.36,Negotiation,2025-12-20
OPP201014,CUST10820,REP1004,P1011,2026-02-21,10955.26,Proposal,2026-03-19
OPP201015,CUST10841,REP1012,P1010,2026-05-25,5064.33,Qualified,2026-07-07
OPP201016,CUST10296,REP1007,P1004,2025-10-17,121418.09,Won,2025-11-07
OPP201017,CUST11132,REP1004,P1003,2026-04-26,24302.85,Proposal,2026-06-09
OPP201018,CUST11164,REP1009,P1011,2026-05-03,243584.19,Qualified,2026-07-07
OPP201019,CUST10133,REP1020,P1005,2025-10-15,25649.76,Qualified,2025-12-02
OPP201020,CUST10919,REP1025,P1004,2025-11-28,40647.77,Proposal,2025-12-07
OPP201021,CUST10538,REP1010,P1002,2025-10-02,21646.12,Proposal,2025-11-01
OPP201022,CUST10809,REP1022,P1007,2026-03-05,18615.83,Prospecting,2026-03-26
OPP201023,CUST10666,REP1025,P1007,2025-11-18,130767.37,Negotiation,2026-02-10
OPP201024,CUST10268,REP1001,P1010,2026-06-10,13430.53,Negotiation,2026-07-17
OPP201025,CUST10116,REP1026,P1009,2025-10-26,9724.71,Prospecting,2025-12-19
OPP201026,CUST10616,REP1006,P1009,2026-03-28,18594.64,Proposal,2026-05-22
OPP201027,CUST11005,REP1021,P1007,2026-05-05,11544.92,Proposal,2026-06-09
OPP201028,CUST10988,REP1023,P1011,2025-11-19,28953.49,Qualified,2025-12-14
OPP201029,CUST10330,REP1026,P1012,2025-12-09,17781.7,Qualified,2025-12-27
OPP201030,CUST11033,REP1013,P1010,2026-05-08,19711.28,Qualified,2026-06-17
OPP201031,CUST10428,REP1020,P1005,2025-10-26,9575.9,Proposal,2025-11-25
OPP201032,CUST10674,REP1001,P1004,2026-01-30,151782.86,Won,2026-04-24
OPP201033,CUST10390,REP1014,P1001,2025-12-08,20021.55,Proposal,2026-01-15
OPP201034,CUST10628,REP1029,P1012,2025-10-04,12431.53,Lost,2025-11-03
OPP201035,CUST10636,REP1005,P1009,2026-02-02,3473.72,Qualified,2026-02-14
OPP201036,CUST10838,REP1005,P1012,2026-02-11,6191.75,Negotiation,2026-03-28
OPP201037,CUST10567,REP1022,P1010,2026-01-04,35308.62,Proposal,2026-02-17
OPP201038,CUST10634,REP1016,P1006,2026-05-12,16910.27,Won,2026-05-28
OPP201039,CUST10782,REP1014,P1002,2025-10-27,11127.25,Won,2025-11-08
OPP201040,CUST10502,REP1008,P1001,2026-01-27,187158.97,Proposal,2026-03-02
OPP201041,CUST10630,REP1006,P1010,2025-11-19,12881.73,Proposal,2025-12-10
OPP201042,CUST10103,REP1023,P1004,2026-04-27,71572.27,Lost,2026-06-19
OPP201043,CUST11044,REP1011,P1005,2026-03-03,36931.14,Lost,2026-04-12
OPP201044,CUST10152,REP1024,P1011,2026-04-13,135247.39,Lost,2026-06-11
OPP201045,CUST11048,REP1014,P1006,2025-10-30,17315.93,Prospecting,2025-11-27
OPP201046,CUST10913,REP1012,P1012,2026-02-03,25074.45,Prospecting,2026-02-23
OPP201047,CUST11138,REP1007,P1007,2025-10-14,18889.91,Proposal,2025-11-25
OPP201048,CUST10030,REP1020,P1010,2025-12-28,9275.81,Won,2026-01-06
OPP201049,CUST10261,REP1009,P1002,2026-06-17,35989.93,Prospecting,2026-07-03
OPP201050,CUST10063,REP1028,P1005,2026-04-18,33871.49,Qualified,2026-04-27
OPP201051,CUST10502,REP1013,P1003,2025-10-22,74650.13,Negotiation,2026-01-14
OPP201052,CUST11086,REP1025,P1001,2026-01-10,31394.49,Qualified,2026-01-20
OPP201053,CUST10920,REP1015,P1012,2026-05-28,26808.06,Won,2026-07-10
OPP201054,CUST10845,REP1013,P1007,2025-11-16,107234.27,Qualified,2025-12-27
OPP201055,CUST11019,REP1014,P1005,2026-04-27,103963.08,Won,2026-06-29
OPP201056,CUST10006,REP1014,P1005,2025-12-28,8740.31,Qualified,2026-02-10
OPP201057,CUST10946,REP1015,P1003,2026-02-09,69087.55,Negotiation,2026-03-18
OPP201058,CUST10375,REP1027,P1002,2026-05-30,16373.28,Proposal,2026-06-16
OPP201059,CUST10830,REP1022,P1011,2026-04-03,58308.7,Qualified,2026-05-21
OPP201060,CUST10916,REP1002,P1002,2025-12-17,130954.85,Proposal,2026-03-06
OPP201061,CUST10823,REP1002,P1005,2025-10-03,9588.5,Won,2025-11-14
OPP201062,CUST10502,REP1001,P1002,2025-12-04,71300.74,Proposal,2026-01-04
OPP201063,CUST10734,REP1021,P1012,2026-01-23,28482.23,Prospecting,2026-03-14
OPP201064,CUST10563,REP1007,P1003,2025-11-06,24949.39,Negotiation,2025-11-25
OPP201065,CUST10754,REP1012,P1005,2026-05-31,86824.02,Prospecting,2026-08-03
OPP201066,CUST10551,REP1025,P1010,2025-10-16,29268.47,Proposal,2025-12-11
OPP201067,CUST10473,REP1004,P1007,2026-02-26,56310.35,Proposal,2026-04-23
OPP201068,CUST10243,REP1005,P1005,2026-06-26,36641.68,Proposal,2026-07-10
OPP201069,CUST10465,REP1003,P1007,2026-01-01,136393.17,Prospecting,2026-02-28
OPP201070,CUST10866,REP1009,P1006,2026-02-25,74133.13,Qualified,2026-04-13
OPP201071,CUST11045,REP1003,P1004,2025-10-21,12149.65,Prospecting,2025-11-20
OPP201072,CUST10124,REP1019,P1008,2026-04-19,10569.53,Proposal,2026-06-10
OPP201073,CUST10220,REP1023,P1005,2026-06-26,135297.87,Negotiation,2026-08-14
OPP201074,CUST10609,REP1006,P1012,2026-05-01,12136.31,Negotiation,2026-05-12
OPP201075,CUST10844,REP1016,P1006,2025-11-11,78318.77,Prospecting,2025-12-14
OPP201076,CUST10204,REP1010,P1010,2026-01-05,5151.59,Prospecting,2026-01-14
OPP201077,CUST10390,REP1003,P1003,2026-04-17,19162.64,Negotiation,2026-05-08
OPP201078,CUST10056,REP1015,P1008,2026-05-08,60191.59,Proposal,2026-08-04
OPP201079,CUST10064,REP1021,P1007,2026-01-19,51074.17,Won,2026-03-05
OPP201080,CUST10172,REP1007,P1009,2026-06-22,88904.66,Qualified,2026-08-15
OPP201081,CUST10876,REP1024,P1006,2025-11-25,25990.0,Prospecting,2026-01-09
OPP201082,CUST11044,REP1030,P1009,2026-04-22,3114.95,Qualified,2026-05-24
OPP201083,CUST10599,REP1002,P1001,2026-02-14,38313.06,Negotiation,2026-03-12
OPP201084,CUST10212,REP1005,P1009,2026-04-14,88593.71,Proposal,2026-05-21
OPP201085,CUST11106,REP1009,P1010,2026-03-13,19066.83,Prospecting,2026-03-26
OPP201086,CUST10335,REP1026,P1006,2026-01-27,4765.17,Prospecting,2026-02-11
OPP201087,CUST10186,REP1005,P1001,2026-05-13,22631.08,Negotiation,2026-05-23
OPP201088,CUST10166,REP1015,P1007,2026-05-20,38454.1,Qualified,2026-06-24
OPP201089,CUST10424,REP1017,P1010,2026-05-13,18601.17,Negotiation,2026-06-14
OPP201090,CUST10883,REP1004,P1006,2025-10-25,47766.92,Qualified,2025-12-09
OPP201091,CUST10477,REP1002,P1002,2026-01-25,40350.83,Qualified,2026-03-22
OPP201092,CUST10535,REP1004,P1005,2026-04-25,180685.33,Qualified,2026-06-11
OPP201093,CUST10409,REP1002,P1012,2026-05-27,13412.05,Lost,2026-06-28
OPP201094,CUST11133,REP1016,P1004,2026-01-08,290061.26,Prospecting,2026-04-01
OPP201095,CUST10821,REP1029,P1007,2026-04-22,54515.25,Prospecting,2026-05-07
OPP201096,CUST10798,REP1011,P1005,2026-03-05,37751.66,Won,2026-04-11
OPP201097,CUST10526,REP1008,P1009,2025-11-30,14171.66,Prospecting,2025-12-10
OPP201098,CUST10638,REP1008,P1006,2026-06-03,13277.27,Qualified,2026-07-01
OPP201099,CUST11062,REP1030,P1005,2026-01-31,210653.34,Qualified,2026-04-21
OPP201100,CUST10788,REP1029,P1007,2026-03-16,45309.39,Negotiation,2026-04-20
OPP201101,CUST10977,REP1020,P1007,2025-12-19,5636.59,Proposal,2026-01-16
OPP201102,CUST10049,REP1014,P1006,2025-10-08,35108.1,Won,2025-12-14
OPP201103,CUST11032,REP1005,P1004,2026-02-02,118935.9,Won,2026-03-15
OPP201104,CUST11141,REP1028,P1002,2026-04-17,11256.99,Proposal,2026-05-22
OPP201105,CUST10802,REP1001,P1009,2025-12-29,12005.29,Qualified,2026-02-07
OPP201106,CUST11148,REP1005,P1005,2026-06-13,123107.85,Won,2026-07-21
OPP201107,CUST10682,REP1021,P1008,2026-04-25,23421.66,Won,2026-05-28
OPP201108,CUST10332,REP1006,P1005,2026-03-26,38373.23,Won,2026-05-05
OPP201109,CUST10728,REP1004,P1011,2026-05-10,76880.26,Prospecting,2026-06-10
OPP201110,CUST10754,REP1018,P1009,2026-05-25,63459.09,Negotiation,2026-07-23
OPP201111,CUST10174,REP1001,P1005,2026-04-17,40141.08,Negotiation,2026-06-04
OPP201112,CUST10243,REP1009,P1004,2026-05-15,37295.08,Lost,2026-06-27
OPP201113,CUST10350,REP1020,P1009,2026-04-15,6270.72,Qualified,2026-05-01
OPP201114,CUST10657,REP1006,P1001,2026-05-25,29381.64,Won,2026-07-08
OPP201115,CUST10178,REP1023,P1001,2025-10-29,107128.33,Negotiation,2026-01-10
OPP201116,CUST10925,REP1003,P1002,2026-01-03,5034.34,Won,2026-01-11
OPP201117,CUST10132,REP1019,P1005,2026-06-02,28925.4,Negotiation,2026-07-12
OPP201118,CUST11128,REP1003,P1006,2026-02-08,17521.02,Won,2026-03-01
OPP201119,CUST10811,REP1022,P1004,2025-10-05,47385.53,Qualified,2025-10-23
OPP201120,CUST10408,REP1023,P1003,2026-05-22,5968.75,Prospecting,2026-06-18
OPP201121,CUST10448,REP1024,P1004,2026-03-30,120215.07,Qualified,2026-05-10
OPP201122,CUST10833,REP1009,P1006,2026-06-08,8926.74,Won,2026-07-06
OPP201123,CUST10107,REP1008,P1004,2025-10-05,126870.55,Prospecting,2025-10-21
OPP201124,CUST10860,REP1030,P1007,2025-11-10,16060.56,Negotiation,2025-12-19
OPP201125,CUST10663,REP1022,P1005,2026-02-18,236252.81,Lost,2026-04-09
OPP201126,CUST10266,REP1006,P1012,2025-11-19,38008.57,Won,2025-12-09
OPP201127,CUST11077,REP1001,P1012,2026-02-21,43933.25,Negotiation,2026-04-02
OPP201128,CUST10755,REP1011,P1008,2026-01-04,79185.3,Won,2026-03-12
OPP201129,CUST10197,REP1020,P1007,2025-11-27,16720.27,Prospecting,2025-12-15
OPP201130,CUST10787,REP1012,P1001,2026-04-30,31094.5,Proposal,2026-06-12
OPP201131,CUST10494,REP1025,P1008,2025-10-11,11763.36,Proposal,2025-11-22
OPP201132,CUST10917,REP1016,P1005,2026-05-29,33966.93,Won,2026-07-13
OPP201133,CUST10591,REP1030,P1004,2025-11-12,33875.96,Qualified,2025-12-27
OPP201134,CUST11200,REP1027,P1010,2026-03-09,18610.76,Prospecting,2026-03-23
OPP201135,CUST11113,REP1015,P1001,2026-06-30,15237.1,Negotiation,2026-07-15
OPP201136,CUST10049,REP1026,P1004,2025-11-01,119321.03,Proposal,2026-01-29
OPP201137,CUST10494,REP1014,P1010,2026-06-12,14522.28,Won,2026-07-22
OPP201138,CUST10243,REP1001,P1012,2025-12-23,5533.16,Proposal,2026-01-03
OPP201139,CUST10541,REP1010,P1007,2026-04-22,11797.09,Won,2026-05-01
OPP201140,CUST10175,REP1013,P1007,2026-05-24,90926.97,Proposal,2026-07-25
OPP201141,CUST10643,REP1030,P1012,2025-12-03,6083.97,Won,2026-01-02
OPP201142,CUST10186,REP1025,P1002,2026-01-04,5208.75,Won,2026-01-20
OPP201143,CUST10748,REP1005,P1006,2026-05-25,85976.87,Qualified,2026-07-05
OPP201144,CUST10546,REP1001,P1003,2025-10-29,28061.14,Qualified,2025-12-10
OPP201145,CUST11192,REP1016,P1006,2025-10-30,36850.1,Won,2025-12-03
OPP201146,CUST11055,REP1017,P1011,2025-12-23,251707.09,Qualified,2026-01-24
OPP201147,CUST10721,REP1023,P1008,2026-03-15,4150.74,Negotiation,2026-03-24
OPP201148,CUST10539,REP1008,P1012,2026-05-10,64035.29,Prospecting,2026-06-04
OPP201149,CUST10860,REP1025,P1007,2026-03-04,18160.93,Won,2026-04-01
OPP201150,CUST10803,REP1013,P1011,2026-02-13,240034.13,Qualified,2026-04-02
OPP201151,CUST10168,REP1011,P1003,2026-05-28,14321.37,Negotiation,2026-06-04
OPP201152,CUST10452,REP1013,P1004,2025-11-17,12715.1,Proposal,2025-12-29
OPP201153,CUST11191,REP1029,P1004,2026-06-05,136843.2,Qualified,2026-07-21
OPP201154,CUST10384,REP1012,P1010,2025-12-25,15145.15,Proposal,2026-01-23
OPP201155,CUST10016,REP1017,P1007,2025-12-15,15178.45,Won,2026-01-09
OPP201156,CUST11002,REP1027,P1003,2026-06-20,62066.44,Negotiation,2026-09-01
OPP201157,CUST11120,REP1001,P1003,2026-03-27,71537.68,Lost,2026-06-22
OPP201158,CUST10787,REP1017,P1005,2026-01-27,19395.04,Won,2026-03-01
OPP201159,CUST10762,REP1022,P1002,2025-12-30,10755.2,Negotiation,2026-01-17
OPP201160,CUST10422,REP1028,P1009,2026-01-30,20503.04,Proposal,2026-03-03
OPP201161,CUST10432,REP1002,P1011,2026-05-06,242810.02,Lost,2026-07-31
OPP201162,CUST11097,REP1022,P1012,2025-11-12,58640.2,Proposal,2025-11-26
OPP201163,CUST11030,REP1025,P1003,2025-11-17,56889.7,Proposal,2025-12-11
OPP201164,CUST10599,REP1011,P1006,2025-12-23,28257.29,Won,2026-01-11
OPP201165,CUST10376,REP1023,P1007,2026-02-10,23486.52,Lost,2026-03-14
OPP201166,CUST10226,REP1015,P1006,2026-05-13,9551.5,Proposal,2026-06-06
OPP201167,CUST10014,REP1020,P1006,2025-11-27,11945.48,Prospecting,2025-12-09
OPP201168,CUST10580,REP1012,P1003,2026-05-05,21263.62,Negotiation,2026-06-17
OPP201169,CUST10665,REP1006,P1002,2026-06-07,23667.81,Won,2026-07-16
OPP201170,CUST10810,REP1025,P1005,2026-01-28,85120.79,Qualified,2026-02-22
OPP201171,CUST10967,REP1007,P1002,2026-06-22,69615.73,Won,2026-09-17
OPP201172,CUST10441,REP1006,P1001,2026-06-03,21475.26,Proposal,2026-07-19
OPP201173,CUST10201,REP1027,P1007,2026-05-08,11539.3,Qualified,2026-05-20
OPP201174,CUST11013,REP1029,P1011,2026-01-13,228363.42,Negotiation,2026-04-03
OPP201175,CUST10915,REP1019,P1007,2025-12-22,11070.09,Proposal,2025-12-31
OPP201176,CUST10640,REP1018,P1001,2026-05-26,31287.12,Won,2026-07-21
OPP201177,CUST10048,REP1011,P1011,2026-01-30,40343.58,Prospecting,2026-02-21
OPP201178,CUST10562,REP1019,P1009,2025-10-09,3199.21,Won,2025-10-27
OPP201179,CUST10744,REP1019,P1004,2026-04-16,13848.64,Qualified,2026-04-25
OPP201180,CUST11031,REP1016,P1004,2026-01-04,53339.15,Lost,2026-02-16
OPP201181,CUST10610,REP1020,P1011,2026-06-15,22253.31,Won,2026-07-13
OPP201182,CUST10556,REP1017,P1006,2026-05-24,13618.02,Qualified,2026-07-05
OPP201183,CUST10456,REP1027,P1002,2025-10-29,9498.21,Lost,2025-12-08
OPP201184,CUST10498,REP1021,P1004,2026-06-05,102480.89,Proposal,2026-07-12
OPP201185,CUST10020,REP1012,P1004,2026-06-19,52611.33,Proposal,2026-07-07
OPP201186,CUST10125,REP1020,P1005,2026-04-27,9234.57,Lost,2026-06-03
OPP201187,CUST10908,REP1007,P1005,2025-12-15,106555.79,Lost,2026-02-15
OPP201188,CUST10435,REP1007,P1007,2026-04-03,113124.03,Negotiation,2026-05-17
OPP201189,CUST11021,REP1025,P1004,2026-05-27,34785.1,Lost,2026-07-05
OPP201190,CUST10477,REP1018,P1008,2026-05-13,27236.8,Qualified,2026-07-04
OPP201191,CUST11197,REP1002,P1006,2026-01-27,8950.44,Qualified,2026-02-12
OPP201192,CUST10217,REP1011,P1012,2026-04-13,62124.59,Prospecting,2026-05-27
OPP201193,CUST10226,REP1030,P1010,2026-01-15,4584.48,Qualified,2026-02-26
OPP201194,CUST10706,REP1020,P1004,2025-12-09,46140.73,Negotiation,2026-01-16
OPP201195,CUST10964,REP1027,P1001,2026-04-04,31148.32,Qualified,2026-04-18
OPP201196,CUST10173,REP1017,P1008,2026-02-06,12460.03,Proposal,2026-03-18
OPP201197,CUST10604,REP1002,P1005,2025-12-01,52609.8,Prospecting,2025-12-17
OPP201198,CUST10269,REP1006,P1011,2026-03-31,54247.68,Qualified,2026-05-13
OPP201199,CUST10885,REP1003,P1005,2025-12-28,53654.0,Won,2026-02-04
OPP201200,CUST10674,REP1023,P1004,2026-03-11,126418.16,Prospecting,2026-04-12
OPP201201,CUST10786,REP1023,P1005,2026-01-08,90137.85,Negotiation,2026-03-23
OPP201202,CUST10323,REP1014,P1011,2026-06-01,183840.01,Won,2026-07-19
OPP201203,CUST10347,REP1022,P1002,2026-05-22,14795.81,Proposal,2026-07-01
OPP201204,CUST10768,REP1017,P1012,2026-02-08,97389.75,Won,2026-05-02
OPP201205,CUST10424,REP1023,P1003,2026-04-14,12678.2,Lost,2026-05-14
OPP201206,CUST10829,REP1021,P1011,2025-11-18,32018.55,Prospecting,2025-12-31
OPP201207,CUST10185,REP1014,P1007,2026-07-02,130777.34,Negotiation,2026-08-04
OPP201208,CUST10362,REP1020,P1007,2025-11-29,56293.44,Qualified,2026-01-23
OPP201209,CUST10123,REP1010,P1003,2026-05-27,6160.38,Proposal,2026-06-29
OPP201210,CUST10105,REP1023,P1009,2026-05-21,44028.55,Negotiation,2026-07-13
OPP201211,CUST10315,REP1028,P1008,2025-11-18,64564.6,Negotiation,2025-12-23
OPP201212,CUST10588,REP1007,P1006,2025-10-03,11829.87,Won,2025-11-09
OPP201213,CUST10174,REP1021,P1006,2026-04-21,12783.19,Negotiation,2026-06-16
OPP201214,CUST10112,REP1004,P1008,2026-05-28,98323.7,Won,2026-08-18
OPP201215,CUST11053,REP1012,P1006,2026-04-15,4686.22,Negotiation,2026-04-25
OPP201216,CUST10619,REP1021,P1012,2025-10-16,18030.59,Prospecting,2025-11-21
OPP201217,CUST10859,REP1009,P1001,2026-03-27,28014.16,Prospecting,2026-04-06
OPP201218,CUST10872,REP1008,P1004,2026-01-16,36632.42,Proposal,2026-02-06
OPP201219,CUST10122,REP1012,P1011,2026-06-09,21539.4,Negotiation,2026-07-03
OPP201220,CUST10745,REP1004,P1010,2026-05-09,47516.63,Prospecting,2026-06-09
OPP201221,CUST11033,REP1019,P1005,2026-05-08,27085.61,Proposal,2026-05-20
OPP201222,CUST10538,REP1004,P1007,2026-01-21,10443.05,Qualified,2026-03-03
OPP201223,CUST11035,REP1010,P1001,2025-12-28,77801.95,Proposal,2026-02-09
OPP201224,CUST11136,REP1010,P1003,2026-05-15,42687.16,Proposal,2026-07-04
OPP201225,CUST10656,REP1030,P1012,2025-11-01,48090.38,Qualified,2026-01-04
OPP201226,CUST10123,REP1030,P1008,2025-10-28,8294.77,Prospecting,2025-11-21
OPP201227,CUST10741,REP1003,P1001,2025-10-18,22695.23,Qualified,2025-10-25
OPP201228,CUST11057,REP1005,P1010,2026-02-18,99531.54,Proposal,2026-04-22
OPP201229,CUST10696,REP1022,P1005,2025-10-21,28952.17,Lost,2025-11-27
OPP201230,CUST10961,REP1009,P1007,2026-03-10,5314.2,Qualified,2026-03-24
OPP201231,CUST10643,REP1020,P1011,2025-11-16,11280.88,Proposal,2025-12-12
OPP201232,CUST10504,REP1028,P1011,2026-06-02,42750.96,Proposal,2026-07-05
OPP201233,CUST11135,REP1005,P1002,2026-01-27,17252.55,Negotiation,2026-03-08
OPP201234,CUST10184,REP1029,P1005,2025-10-26,72863.17,Qualified,2025-12-04
OPP201235,CUST10538,REP1002,P1004,2026-04-09,52278.72,Prospecting,2026-04-20
OPP201236,CUST10188,REP1007,P1011,2026-01-02,21442.63,Lost,2026-01-17
OPP201237,CUST10786,REP1016,P1010,2025-12-12,72803.86,Lost,2026-01-20
OPP201238,CUST11107,REP1027,P1008,2026-03-31,15755.88,Proposal,2026-05-23
OPP201239,CUST11198,REP1017,P1001,2026-06-20,15262.94,Negotiation,2026-07-07
OPP201240,CUST10281,REP1005,P1010,2026-06-27,17945.54,Prospecting,2026-07-18
OPP201241,CUST10874,REP1008,P1007,2026-01-28,65008.0,Prospecting,2026-03-14
OPP201242,CUST11049,REP1023,P1004,2026-05-22,36685.45,Prospecting,2026-06-29
OPP201243,CUST11001,REP1017,P1006,2025-11-27,4532.02,Won,2025-12-29
OPP201244,CUST10604,REP1001,P1006,2026-05-21,19165.04,Qualified,2026-06-26
OPP201245,CUST10210,REP1016,P1004,2026-06-17,107368.81,Prospecting,2026-08-07
OPP201246,CUST10555,REP1013,P1011,2026-02-20,32865.42,Prospecting,2026-03-01
OPP201247,CUST10932,REP1001,P1012,2026-02-21,45304.5,Prospecting,2026-04-07
OPP201248,CUST10744,REP1008,P1001,2026-03-05,7396.96,Proposal,2026-03-26
OPP201249,CUST10466,REP1029,P1012,2025-10-21,63755.93,Proposal,2025-12-13
OPP201250,CUST10259,REP1022,P1005,2026-05-25,137623.61,Proposal,2026-07-03
OPP201251,CUST10783,REP1003,P1010,2026-04-21,48039.17,Proposal,2026-05-26
OPP201252,CUST10515,REP1001,P1010,2026-05-28,17405.89,Proposal,2026-07-01
OPP201253,CUST10567,REP1011,P1008,2025-11-01,44034.15,Won,2026-01-21
OPP201254,CUST11127,REP1014,P1009,2026-05-09,10157.23,Qualified,2026-06-20
OPP201255,CUST10011,REP1014,P1009,2026-01-08,10159.67,Qualified,2026-02-02
OPP201256,CUST10286,REP1021,P1011,2026-05-14,28851.6,Won,2026-06-19
OPP201257,CUST11104,REP1006,P1006,2026-07-01,4458.93,Negotiation,2026-07-12
OPP201258,CUST11106,REP1002,P1009,2026-05-30,6301.23,Proposal,2026-07-06
OPP201259,CUST10364,REP1021,P1012,2026-06-09,89289.09,Qualified,2026-08-12
OPP201260,CUST11194,REP1027,P1012,2025-11-01,6425.58,Prospecting,2025-12-11
OPP201261,CUST10254,REP1006,P1002,2025-12-30,56804.67,Prospecting,2026-02-02
OPP201262,CUST10063,REP1011,P1006,2025-12-20,18475.2,Won,2026-01-26
OPP201263,CUST10369,REP1019,P1007,2026-02-19,12204.87,Negotiation,2026-03-16
OPP201264,CUST10638,REP1005,P1008,2026-06-26,10494.14,Prospecting,2026-07-25
OPP201265,CUST10008,REP1026,P1008,2026-04-07,11496.98,Prospecting,2026-05-05
OPP201266,CUST10207,REP1007,P1011,2026-02-27,187495.03,Qualified,2026-05-11
OPP201267,CUST10950,REP1016,P1007,2026-05-10,18800.97,Qualified,2026-06-09
OPP201268,CUST10747,REP1011,P1009,2025-11-18,14010.2,Proposal,2025-12-11
OPP201269,CUST10727,REP1021,P1011,2026-03-31,29373.1,Proposal,2026-04-23
OPP201270,CUST11188,REP1006,P1002,2026-02-16,9998.76,Won,2026-02-25
OPP201271,CUST10275,REP1003,P1008,2025-11-25,16054.91,Negotiation,2026-01-12
OPP201272,CUST11077,REP1016,P1005,2026-03-27,86532.47,Lost,2026-05-13
OPP201273,CUST10427,REP1026,P1011,2026-05-20,19591.11,Won,2026-06-18
OPP201274,CUST11110,REP1019,P1007,2026-05-16,108555.97,Lost,2026-07-29
OPP201275,CUST10940,REP1023,P1008,2026-05-20,83875.31,Lost,2026-07-05
OPP201276,CUST10257,REP1014,P1010,2026-05-12,4899.32,Qualified,2026-05-27
OPP201277,CUST10252,REP1005,P1003,2026-02-06,28915.14,Qualified,2026-04-04
OPP201278,CUST10651,REP1013,P1007,2025-10-14,5480.12,Prospecting,2025-11-27
OPP201279,CUST10604,REP1030,P1010,2026-06-23,14208.26,Negotiation,2026-08-16
OPP201280,CUST10282,REP1024,P1010,2026-02-02,13112.65,Negotiation,2026-02-11
OPP201281,CUST10313,REP1022,P1003,2026-03-24,49777.78,Prospecting,2026-05-02
OPP201282,CUST11080,REP1010,P1011,2025-10-06,42407.7,Won,2025-11-23
OPP201283,CUST10905,REP1018,P1002,2026-06-02,22719.88,Won,2026-06-17
OPP201284,CUST10230,REP1019,P1004,2026-06-02,37081.92,Negotiation,2026-07-16
OPP201285,CUST10871,REP1020,P1011,2026-06-13,89421.15,Proposal,2026-08-30
OPP201286,CUST10185,REP1027,P1008,2025-11-17,75086.83,Prospecting,2026-01-04
OPP201287,CUST10535,REP1021,P1007,2026-05-20,144769.6,Proposal,2026-07-19
OPP201288,CUST10015,REP1007,P1007,2026-03-21,10422.95,Prospecting,2026-05-02
OPP201289,CUST10780,REP1007,P1012,2025-11-10,11932.66,Negotiation,2025-12-20
OPP201290,CUST10219,REP1019,P1003,2026-03-06,116328.34,Qualified,2026-05-25
OPP201291,CUST10284,REP1026,P1004,2026-02-09,12655.67,Qualified,2026-03-26
OPP201292,CUST10228,REP1029,P1006,2026-03-22,13258.04,Proposal,2026-04-27
OPP201293,CUST10221,REP1019,P1011,2025-10-24,61458.92,Negotiation,2025-12-20
OPP201294,CUST10093,REP1016,P1007,2026-03-04,32210.52,Qualified,2026-05-01
OPP201295,CUST10666,REP1025,P1009,2026-04-05,29304.24,Lost,2026-05-06
OPP201296,CUST11042,REP1030,P1010,2026-04-15,18671.86,Prospecting,2026-05-17
OPP201297,CUST10362,REP1001,P1011,2026-04-30,65310.63,Lost,2026-05-29
OPP201298,CUST10936,REP1010,P1006,2026-03-22,13420.84,Prospecting,2026-04-28
OPP201299,CUST10653,REP1011,P1006,2026-04-11,36849.11,Qualified,2026-05-02
OPP201300,CUST10306,REP1017,P1001,2025-10-25,69483.64,Lost,2025-12-09
OPP201301,CUST10075,REP1009,P1001,2026-05-08,22440.68,Won,2026-06-16
OPP201302,CUST10940,REP1010,P1006,2026-01-09,38258.63,Negotiation,2026-03-05
OPP201303,CUST10028,REP1001,P1009,2026-02-28,12426.9,Won,2026-04-03
OPP201304,CUST10507,REP1001,P1011,2026-02-28,10074.72,Proposal,2026-03-19
OPP201305,CUST10042,REP1014,P1005,2026-06-26,8688.49,Won,2026-08-01
OPP201306,CUST10931,REP1030,P1007,2025-12-29,18244.08,Prospecting,2026-01-08
OPP201307,CUST11188,REP1009,P1010,2026-01-14,9928.22,Won,2026-02-24
OPP201308,CUST10388,REP1008,P1004,2026-04-28,33761.19,Lost,2026-05-29
OPP201309,CUST10377,REP1008,P1002,2026-03-24,44969.22,Won,2026-04-30
OPP201310,CUST10678,REP1030,P1012,2025-12-27,12886.86,Won,2026-02-03
OPP201311,CUST10603,REP1020,P1007,2026-01-03,25187.06,Negotiation,2026-01-11
OPP201312,CUST10458,REP1020,P1002,2026-05-16,50761.97,Proposal,2026-08-11
OPP201313,CUST10440,REP1006,P1004,2026-05-18,121069.11,Proposal,2026-06-29
OPP201314,CUST10226,REP1028,P1004,2025-11-10,37089.8,Won,2025-12-25
OPP201315,CUST10301,REP1006,P1003,2026-01-18,28781.87,Negotiation,2026-02-26
OPP201316,CUST10703,REP1030,P1006,2026-04-30,75944.54,Proposal,2026-06-11
OPP201317,CUST10882,REP1029,P1010,2025-11-02,17872.58,Won,2025-12-01
OPP201318,CUST10901,REP1018,P1009,2025-11-20,9884.98,Prospecting,2025-12-30
OPP201319,CUST10620,REP1027,P1012,2025-11-13,52276.01,Won,2026-01-09
OPP201320,CUST10904,REP1030,P1011,2026-02-23,163113.52,Won,2026-04-29
OPP201321,CUST10711,REP1018,P1004,2026-02-02,49862.01,Qualified,2026-02-24
OPP201322,CUST10428,REP1024,P1001,2025-12-28,6696.84,Prospecting,2026-01-10
OPP201323,CUST10425,REP1018,P1002,2025-11-07,15375.83,Negotiation,2025-11-26
OPP201324,CUST10623,REP1016,P1010,2026-03-25,46101.07,Prospecting,2026-05-05
OPP201325,CUST10370,REP1011,P1005,2026-05-11,17249.29,Lost,2026-06-01
OPP201326,CUST10917,REP1020,P1009,2025-11-28,3023.17,Prospecting,2025-12-19
OPP201327,CUST10223,REP1009,P1006,2026-04-02,9514.67,Qualified,2026-04-09
OPP201328,CUST10066,REP1006,P1011,2026-05-07,80814.72,Prospecting,2026-07-04
OPP201329,CUST10590,REP1009,P1007,2026-03-03,15614.94,Won,2026-04-11
OPP201330,CUST10087,REP1001,P1011,2026-03-07,21850.12,Proposal,2026-03-23
OPP201331,CUST10230,REP1029,P1004,2025-11-15,46855.53,Won,2025-11-27
OPP201332,CUST10452,REP1008,P1010,2026-06-21,15165.76,Lost,2026-07-30
OPP201333,CUST10006,REP1024,P1007,2026-06-21,18656.32,Negotiation,2026-07-30
OPP201334,CUST10269,REP1014,P1003,2026-04-14,67048.12,Qualified,2026-06-09
OPP201335,CUST10654,REP1011,P1003,2026-06-06,67002.79,Prospecting,2026-07-15
OPP201336,CUST10450,REP1007,P1004,2026-03-17,70149.33,Won,2026-05-04
OPP201337,CUST11076,REP1025,P1002,2026-03-31,10011.88,Qualified,2026-05-05
OPP201338,CUST10113,REP1016,P1012,2026-05-17,51832.44,Won,2026-06-10
OPP201339,CUST10864,REP1014,P1003,2025-10-11,18432.93,Won,2025-11-07
OPP201340,CUST10711,REP1020,P1008,2025-11-30,7913.5,Negotiation,2025-12-17
OPP201341,CUST10774,REP1025,P1007,2025-11-25,17236.26,Negotiation,2025-12-31
OPP201342,CUST10807,REP1020,P1007,2026-03-24,16221.92,Lost,2026-05-07
OPP201343,CUST10063,REP1015,P1008,2025-12-06,15570.24,Won,2025-12-15
OPP201344,CUST10951,REP1027,P1011,2026-01-16,63543.93,Negotiation,2026-02-02
OPP201345,CUST10398,REP1027,P1012,2026-02-13,24914.76,Proposal,2026-03-02
OPP201346,CUST10781,REP1029,P1011,2026-04-23,132028.61,Proposal,2026-05-30
OPP201347,CUST10353,REP1003,P1006,2026-02-20,18909.53,Proposal,2026-02-27
OPP201348,CUST10476,REP1027,P1009,2025-10-07,24628.72,Lost,2026-01-04
OPP201349,CUST10841,REP1006,P1003,2026-04-07,27139.23,Negotiation,2026-05-06
OPP201350,CUST11122,REP1019,P1011,2026-01-26,10433.1,Won,2026-03-04
OPP201351,CUST11054,REP1020,P1003,2025-11-01,61504.49,Prospecting,2025-12-11
OPP201352,CUST10872,REP1007,P1002,2026-03-29,23101.9,Won,2026-05-04
OPP201353,CUST10647,REP1001,P1010,2025-12-14,18673.72,Proposal,2026-01-16
OPP201354,CUST10634,REP1029,P1010,2026-02-04,18412.68,Won,2026-02-17
OPP201355,CUST11159,REP1027,P1002,2026-06-24,81053.99,Prospecting,2026-08-02
OPP201356,CUST10249,REP1006,P1012,2025-12-05,28500.42,Won,2026-01-10
OPP201357,CUST11145,REP1019,P1002,2026-06-01,55788.63,Negotiation,2026-07-02
OPP201358,CUST10779,REP1005,P1001,2026-02-05,46613.72,Proposal,2026-03-30
OPP201359,CUST10740,REP1017,P1012,2026-06-14,24801.93,Qualified,2026-07-02
OPP201360,CUST10711,REP1010,P1003,2026-05-22,18487.36,Qualified,2026-06-10
OPP201361,CUST10975,REP1023,P1003,2026-05-17,20748.38,Qualified,2026-06-13
OPP201362,CUST10820,REP1018,P1010,2025-11-26,9489.69,Prospecting,2025-12-10
OPP201363,CUST10114,REP1015,P1008,2026-05-06,7053.9,Proposal,2026-06-15
OPP201364,CUST10938,REP1021,P1007,2026-01-09,33012.35,Proposal,2026-01-23
OPP201365,CUST10875,REP1015,P1012,2026-06-08,19868.0,Proposal,2026-07-18
OPP201366,CUST11099,REP1001,P1002,2026-06-30,15307.86,Negotiation,2026-07-31
OPP201367,CUST11124,REP1018,P1012,2026-03-18,5570.19,Proposal,2026-04-28
OPP201368,CUST11139,REP1024,P1004,2026-06-09,58808.24,Prospecting,2026-07-06
OPP201369,CUST10052,REP1015,P1008,2026-02-24,3550.98,Won,2026-04-07
OPP201370,CUST10757,REP1006,P1004,2025-10-10,89550.94,Proposal,2025-12-03
OPP201371,CUST11122,REP1001,P1004,2026-05-29,38591.78,Negotiation,2026-06-22
OPP201372,CUST11160,REP1009,P1004,2026-02-23,12079.57,Lost,2026-03-13
OPP201373,CUST10660,REP1024,P1007,2025-10-13,16221.29,Won,2025-10-27
OPP201374,CUST11094,REP1010,P1011,2025-10-18,9802.92,Proposal,2025-10-30
OPP201375,CUST11057,REP1029,P1002,2026-04-17,109084.83,Proposal,2026-06-21
OPP201376,CUST10004,REP1010,P1008,2026-06-12,32452.66,Won,2026-08-10
OPP201377,CUST11062,REP1013,P1011,2026-04-10,233713.41,Won,2026-06-13
OPP201378,CUST10766,REP1023,P1009,2026-01-30,9202.62,Prospecting,2026-03-15
OPP201379,CUST10689,REP1019,P1012,2025-12-24,91738.92,Negotiation,2026-03-10
OPP201380,CUST10215,REP1002,P1001,2026-01-24,28394.95,Won,2026-02-26
OPP201381,CUST11103,REP1003,P1005,2025-12-28,25442.61,Won,2026-02-01
OPP201382,CUST10355,REP1006,P1006,2025-12-15,4451.8,Prospecting,2026-01-27
OPP201383,CUST10502,REP1027,P1007,2025-11-05,135717.36,Proposal,2026-01-26
OPP201384,CUST10358,REP1001,P1004,2026-03-06,39055.19,Proposal,2026-03-19
OPP201385,CUST11164,REP1003,P1004,2025-11-30,152753.67,Qualified,2026-02-03
OPP201386,CUST10580,REP1024,P1011,2025-11-09,43914.84,Negotiation,2025-12-03
OPP201387,CUST10137,REP1019,P1003,2025-12-15,7184.94,Proposal,2026-01-25
OPP201388,CUST10014,REP1030,P1012,2026-05-08,17421.97,Qualified,2026-05-22
OPP201389,CUST11177,REP1007,P1001,2026-03-07,161835.25,Qualified,2026-05-26
OPP201390,CUST10283,REP1020,P1006,2026-02-13,41096.84,Won,2026-03-21
OPP201391,CUST10925,REP1005,P1008,2026-03-12,10489.74,Won,2026-04-24
OPP201392,CUST10035,REP1018,P1012,2026-03-05,22975.46,Won,2026-04-11
OPP201393,CUST11077,REP1004,P1010,2026-02-14,21429.74,Lost,2026-03-16
OPP201394,CUST10781,REP1028,P1001,2026-05-20,169435.53,Lost,2026-08-09
OPP201395,CUST10270,REP1013,P1009,2026-04-19,3627.16,Proposal,2026-05-03
OPP201396,CUST11068,REP1008,P1004,2025-11-20,131287.65,Prospecting,2025-12-04
OPP201397,CUST10358,REP1030,P1011,2026-05-13,41757.37,Won,2026-06-08
OPP201398,CUST11198,REP1002,P1010,2025-11-18,15400.78,Negotiation,2025-12-10
OPP201399,CUST10720,REP1024,P1003,2025-10-22,59602.76,Proposal,2025-11-28
OPP201400,CUST10539,REP1016,P1005,2026-01-24,55879.88,Lost,2026-03-25
OPP201401,CUST10071,REP1021,P1010,2026-01-17,49555.07,Qualified,2026-02-18
OPP201402,CUST10313,REP1008,P1012,2026-05-05,64420.46,Lost,2026-06-15
OPP201403,CUST10070,REP1027,P1008,2026-04-10,7158.94,Negotiation,2026-04-27
OPP201404,CUST11024,REP1014,P1003,2025-10-17,28643.46,Prospecting,2025-11-04
OPP201405,CUST10121,REP1013,P1005,2026-02-15,41136.7,Won,2026-03-02
OPP201406,CUST10136,REP1014,P1010,2026-05-07,40494.7,Won,2026-06-29
OPP201407,CUST10150,REP1009,P1008,2026-04-20,14369.42,Negotiation,2026-05-23
OPP201408,CUST11170,REP1010,P1003,2026-02-15,26083.16,Negotiation,2026-03-16
OPP201409,CUST11165,REP1005,P1004,2026-03-19,39307.78,Qualified,2026-05-05
OPP201410,CUST10858,REP1015,P1003,2026-03-04,14244.83,Qualified,2026-03-28
OPP201411,CUST10089,REP1015,P1006,2025-12-03,13919.5,Prospecting,2026-01-09
OPP201412,CUST10605,REP1012,P1006,2026-03-05,47603.51,Prospecting,2026-04-08
OPP201413,CUST11139,REP1030,P1007,2026-04-04,48993.33,Qualified,2026-05-05
OPP201414,CUST10116,REP1004,P1012,2025-10-16,27930.08,Proposal,2025-11-22
OPP201415,CUST10953,REP1028,P1008,2026-04-10,15107.54,Prospecting,2026-05-26
OPP201416,CUST10022,REP1027,P1008,2025-12-08,7164.7,Proposal,2026-01-02
OPP201417,CUST10965,REP1001,P1005,2025-10-03,192975.21,Qualified,2025-12-27
OPP201418,CUST10654,REP1022,P1008,2026-04-26,26095.55,Qualified,2026-06-03
OPP201419,CUST11066,REP1007,P1012,2026-01-16,6037.4,Lost,2026-02-03
OPP201420,CUST10497,REP1002,P1001,2026-01-22,7655.89,Lost,2026-01-30
OPP201421,CUST10943,REP1026,P1005,2026-03-21,24041.99,Won,2026-04-22
OPP201422,CUST11012,REP1004,P1001,2026-03-04,30176.48,Prospecting,2026-03-13
OPP201423,CUST10390,REP1009,P1003,2026-03-20,18251.98,Won,2026-03-28
OPP201424,CUST10771,REP1003,P1001,2026-06-17,15454.28,Prospecting,2026-07-08
OPP201425,CUST10554,REP1005,P1008,2026-03-29,30468.31,Proposal,2026-04-25
OPP201426,CUST10519,REP1002,P1010,2025-10-13,21107.27,Won,2025-12-07
OPP201427,CUST10960,REP1026,P1012,2025-12-01,6232.46,Proposal,2026-01-05
OPP201428,CUST10272,REP1002,P1003,2026-02-01,12956.67,Lost,2026-03-10
OPP201429,CUST10144,REP1023,P1009,2026-02-07,13387.24,Negotiation,2026-03-18
OPP201430,CUST10577,REP1005,P1004,2026-01-08,98441.12,Qualified,2026-01-27
OPP201431,CUST10986,REP1028,P1004,2025-11-20,49504.48,Prospecting,2025-12-30
OPP201432,CUST10196,REP1026,P1008,2025-10-30,10787.71,Won,2025-11-25
OPP201433,CUST10409,REP1019,P1009,2025-11-09,12294.44,Proposal,2025-12-02
OPP201434,CUST10801,REP1025,P1008,2026-06-19,66005.08,Prospecting,2026-08-24
OPP201435,CUST10573,REP1009,P1002,2026-01-17,21036.67,Prospecting,2026-02-07
OPP201436,CUST10727,REP1024,P1005,2026-06-22,17664.61,Lost,2026-07-17
OPP201437,CUST10634,REP1007,P1004,2026-01-01,12343.23,Qualified,2026-01-31
OPP201438,CUST10973,REP1019,P1001,2025-12-25,70866.69,Lost,2026-02-09
OPP201439,CUST11051,REP1028,P1001,2026-02-12,51139.87,Negotiation,2026-03-21
OPP201440,CUST10540,REP1022,P1006,2026-06-18,38672.12,Qualified,2026-08-17
OPP201441,CUST10518,REP1009,P1002,2026-03-04,22715.16,Proposal,2026-05-03
OPP201442,CUST10335,REP1023,P1009,2025-10-10,9908.57,Won,2025-10-20
OPP201443,CUST10533,REP1027,P1001,2025-12-14,29950.91,Proposal,2025-12-31
OPP201444,CUST11004,REP1027,P1003,2026-06-27,12638.87,Prospecting,2026-07-24
OPP201445,CUST10602,REP1023,P1012,2025-11-12,45013.9,Qualified,2026-01-03
OPP201446,CUST10830,REP1022,P1009,2026-05-18,31564.27,Won,2026-06-25
OPP201447,CUST10503,REP1024,P1007,2026-06-13,18552.35,Negotiation,2026-06-28
OPP201448,CUST10849,REP1023,P1001,2025-11-28,22048.51,Proposal,2025-12-26
OPP201449,CUST10855,REP1005,P1001,2026-03-03,22255.65,Qualified,2026-04-15
OPP201450,CUST10634,REP1025,P1011,2026-03-14,21287.36,Proposal,2026-03-27
OPP201451,CUST11122,REP1006,P1010,2026-05-07,20671.94,Won,2026-05-31
OPP201452,CUST11052,REP1017,P1012,2026-05-08,59531.62,Prospecting,2026-06-21
OPP201453,CUST10191,REP1011,P1010,2025-10-17,57941.15,Lost,2025-12-09
OPP201454,CUST10274,REP1007,P1001,2025-12-27,31171.62,Won,2026-01-04
OPP201455,CUST11146,REP1009,P1010,2026-06-16,9719.74,Qualified,2026-07-19
OPP201456,CUST10483,REP1003,P1006,2026-01-06,37059.23,Won,2026-02-23
OPP201457,CUST10373,REP1014,P1009,2025-12-07,22286.87,Negotiation,2026-01-20
OPP201458,CUST10956,REP1013,P1005,2026-03-22,182684.21,Negotiation,2026-05-31
OPP201459,CUST10723,REP1013,P1009,2025-11-23,14059.4,Prospecting,2025-12-25
OPP201460,CUST10160,REP1003,P1011,2025-11-10,20312.73,Lost,2025-11-29
OPP201461,CUST10111,REP1019,P1012,2026-05-08,16545.07,Proposal,2026-05-15
OPP201462,CUST10970,REP1006,P1007,2025-11-02,36878.8,Won,2026-01-01
OPP201463,CUST10918,REP1026,P1004,2026-06-03,55879.71,Qualified,2026-06-17
OPP201464,CUST10424,REP1001,P1008,2025-12-08,3870.78,Qualified,2026-01-16
OPP201465,CUST11035,REP1002,P1006,2025-10-30,37357.82,Lost,2025-12-08
OPP201466,CUST10151,REP1010,P1003,2026-04-22,50711.32,Proposal,2026-05-31
OPP201467,CUST11043,REP1013,P1009,2025-11-18,6433.34,Prospecting,2025-11-25
OPP201468,CUST10095,REP1030,P1001,2026-01-09,15302.54,Won,2026-02-23
OPP201469,CUST10764,REP1016,P1005,2026-01-05,29294.35,Qualified,2026-02-01
OPP201470,CUST11012,REP1012,P1009,2026-02-17,6599.63,Won,2026-03-28
OPP201471,CUST10744,REP1026,P1012,2026-02-08,6456.15,Lost,2026-03-17
OPP201472,CUST10935,REP1008,P1008,2025-11-23,41321.28,Prospecting,2025-12-13
OPP201473,CUST10413,REP1027,P1012,2025-12-04,32490.6,Negotiation,2026-01-31
OPP201474,CUST10346,REP1013,P1010,2025-11-23,4300.67,Lost,2025-12-23
OPP201475,CUST10320,REP1010,P1003,2025-10-16,7056.25,Lost,2025-10-30
OPP201476,CUST10140,REP1010,P1011,2026-03-28,41680.49,Proposal,2026-04-26
OPP201477,CUST10333,REP1001,P1005,2026-02-07,39951.67,Negotiation,2026-03-21
OPP201478,CUST10297,REP1021,P1008,2025-10-30,44627.27,Negotiation,2026-01-07
OPP201479,CUST10909,REP1018,P1003,2025-12-31,14166.42,Qualified,2026-01-19
OPP201480,CUST10256,REP1020,P1007,2026-04-02,6035.71,Negotiation,2026-05-15
OPP201481,CUST10200,REP1020,P1009,2025-12-18,10846.75,Qualified,2026-01-03
OPP201482,CUST10880,REP1001,P1011,2026-01-19,10572.41,Qualified,2026-02-14
OPP201483,CUST10646,REP1027,P1012,2026-04-23,66244.53,Proposal,2026-06-15
OPP201484,CUST10259,REP1016,P1010,2026-04-03,68748.94,Won,2026-05-07
OPP201485,CUST10848,REP1021,P1007,2026-04-11,25074.48,Qualified,2026-05-13
OPP201486,CUST10260,REP1002,P1011,2026-01-13,21990.04,Qualified,2026-02-07
OPP201487,CUST10943,REP1023,P1002,2026-02-11,22274.34,Prospecting,2026-04-02
OPP201488,CUST10039,REP1021,P1012,2026-05-21,12393.69,Prospecting,2026-06-27
OPP201489,CUST10709,REP1012,P1003,2026-05-28,17684.06,Lost,2026-07-18
OPP201490,CUST10717,REP1029,P1005,2025-10-16,77019.83,Proposal,2025-11-15
OPP201491,CUST10448,REP1020,P1011,2026-05-19,109241.86,Prospecting,2026-06-25
OPP201492,CUST10827,REP1028,P1009,2026-06-03,16993.97,Lost,2026-06-18
OPP201493,CUST10456,REP1025,P1011,2026-06-17,11050.88,Prospecting,2026-07-26
OPP201494,CUST10785,REP1007,P1009,2025-12-13,8992.67,Proposal,2026-01-10
OPP201495,CUST10269,REP1030,P1008,2026-02-15,30921.5,Won,2026-03-22
OPP201496,CUST10683,REP1023,P1003,2025-10-12,13773.13,Won,2025-11-14
OPP201497,CUST10908,REP1006,P1012,2025-10-31,71289.97,Prospecting,2026-01-16
OPP201498,CUST11160,REP1024,P1008,2026-03-04,4178.19,Negotiation,2026-03-14
OPP201499,CUST10433,REP1013,P1009,2025-11-26,25696.38,Negotiation,2026-01-15
OPP201500,CUST10568,REP1026,P1006,2025-12-01,4382.96,Negotiation,2025-12-22
OPP201501,CUST10572,REP1006,P1012,2025-12-21,59287.56,Qualified,2026-01-23
OPP201502,CUST11033,REP1008,P1006,2026-02-04,4047.87,Won,2026-02-16
OPP201503,CUST11156,REP1011,P1003,2025-11-12,19761.65,Proposal,2025-12-29
OPP201504,CUST10776,REP1014,P1003,2026-05-09,18548.32,Won,2026-06-03
OPP201505,CUST10987,REP1019,P1009,2026-04-02,20341.33,Lost,2026-04-20
OPP201506,CUST10101,REP1007,P1009,2026-05-06,10920.79,Won,2026-05-18
OPP201507,CUST10912,REP1022,P1003,2026-06-12,17306.3,Won,2026-07-29
OPP201508,CUST10973,REP1001,P1009,2026-03-15,33959.05,Qualified,2026-04-03
OPP201509,CUST10858,REP1010,P1012,2026-01-08,12156.75,Prospecting,2026-02-04
OPP201510,CUST10702,REP1020,P1007,2026-06-26,23310.26,Proposal,2026-07-30
OPP201511,CUST11080,REP1008,P1012,2026-03-05,56604.14,Prospecting,2026-04-30
OPP201512,CUST10785,REP1013,P1002,2026-02-05,38863.0,Negotiation,2026-02-26
OPP201513,CUST11016,REP1019,P1005,2026-01-23,17453.13,Won,2026-02-10
OPP201514,CUST10217,REP1008,P1007,2025-10-11,26366.43,Proposal,2025-11-01
OPP201515,CUST10799,REP1029,P1005,2026-06-20,190728.02,Prospecting,2026-09-11
OPP201516,CUST10525,REP1026,P1002,2026-05-14,5412.15,Won,2026-06-13
OPP201517,CUST11042,REP1030,P1006,2026-04-11,4792.86,Negotiation,2026-05-26
OPP201518,CUST11057,REP1015,P1005,2025-11-30,181494.6,Proposal,2026-01-01
OPP201519,CUST11013,REP1011,P1003,2026-06-13,55046.06,Proposal,2026-08-25
OPP201520,CUST10259,REP1030,P1005,2025-11-18,113251.85,Prospecting,2025-12-20
OPP201521,CUST10591,REP1022,P1006,2025-12-06,30963.72,Won,2025-12-25
OPP201522,CUST10001,REP1024,P1011,2025-10-20,43575.06,Prospecting,2025-11-23
OPP201523,CUST11176,REP1006,P1006,2025-12-19,19257.71,Proposal,2026-01-09
OPP201524,CUST10310,REP1027,P1005,2025-12-30,87832.81,Prospecting,2026-01-30
OPP201525,CUST10750,REP1016,P1005,2026-05-07,75603.93,Qualified,2026-06-10
OPP201526,CUST10586,REP1024,P1008,2025-12-29,41566.01,Qualified,2026-03-02
OPP201527,CUST11086,REP1025,P1004,2026-06-20,49616.29,Prospecting,2026-07-10
OPP201528,CUST10986,REP1004,P1011,2025-12-23,11446.55,Won,2026-02-06
OPP201529,CUST10933,REP1003,P1006,2026-02-22,69059.14,Won,2026-05-11
OPP201530,CUST10772,REP1002,P1006,2026-03-13,98964.57,Prospecting,2026-05-08
OPP201531,CUST10144,REP1020,P1001,2026-05-17,52313.26,Prospecting,2026-07-05
OPP201532,CUST11103,REP1028,P1011,2026-04-25,21285.08,Won,2026-05-24
OPP201533,CUST10076,REP1001,P1006,2026-05-27,4802.82,Prospecting,2026-06-22
OPP201534,CUST10547,REP1005,P1002,2026-06-15,29302.48,Proposal,2026-08-11
OPP201535,CUST10456,REP1015,P1003,2025-11-02,18440.38,Prospecting,2025-12-01
OPP201536,CUST10469,REP1012,P1005,2025-10-26,9031.62,Negotiation,2025-11-20
OPP201537,CUST11173,REP1004,P1010,2026-02-01,13975.01,Lost,2026-03-02
OPP201538,CUST10278,REP1019,P1002,2025-11-11,77212.77,Prospecting,2026-01-27
OPP201539,CUST10696,REP1028,P1002,2026-02-13,10064.65,Lost,2026-03-20
OPP201540,CUST10262,REP1007,P1007,2026-03-12,57694.78,Won,2026-04-20
OPP201541,CUST11094,REP1001,P1006,2025-12-16,19122.85,Lost,2025-12-29
OPP201542,CUST10884,REP1007,P1012,2025-10-27,18079.94,Won,2025-11-27
OPP201543,CUST10498,REP1006,P1010,2026-06-23,34618.55,Won,2026-07-27
OPP201544,CUST10097,REP1014,P1008,2026-01-10,7235.21,Negotiation,2026-02-22
OPP201545,CUST10184,REP1004,P1005,2026-05-19,81640.44,Won,2026-08-12
OPP201546,CUST10292,REP1011,P1008,2026-03-21,45073.39,Prospecting,2026-04-20
OPP201547,CUST10488,REP1004,P1008,2026-04-01,10972.37,Won,2026-05-31
OPP201548,CUST11064,REP1021,P1004,2026-05-03,24481.26,Negotiation,2026-06-14
OPP201549,CUST10144,REP1015,P1005,2025-12-12,48231.77,Prospecting,2026-02-06
OPP201550,CUST10693,REP1003,P1012,2025-11-29,41641.89,Qualified,2026-01-05
OPP201551,CUST10417,REP1002,P1007,2026-07-02,10894.21,Qualified,2026-07-19
OPP201552,CUST10056,REP1015,P1006,2026-04-02,58888.0,Proposal,2026-06-08
OPP201553,CUST10744,REP1018,P1010,2025-12-20,13612.16,Prospecting,2026-01-30
OPP201554,CUST10846,REP1006,P1004,2026-03-27,13959.78,Qualified,2026-04-20
OPP201555,CUST11152,REP1010,P1003,2026-01-17,68145.52,Qualified,2026-04-17
OPP201556,CUST10609,REP1019,P1012,2026-05-25,17335.75,Negotiation,2026-06-11
OPP201557,CUST10391,REP1015,P1010,2026-02-17,13969.68,Prospecting,2026-03-29
OPP201558,CUST11026,REP1004,P1006,2025-12-26,16560.61,Qualified,2026-01-04
OPP201559,CUST10297,REP1012,P1012,2026-04-08,134408.82,Qualified,2026-06-28
OPP201560,CUST10819,REP1006,P1005,2026-04-25,85377.03,Proposal,2026-06-22
OPP201561,CUST11133,REP1028,P1009,2026-01-11,66013.79,Prospecting,2026-03-24
OPP201562,CUST10006,REP1025,P1001,2026-04-25,26275.4,Lost,2026-05-26
OPP201563,CUST11111,REP1010,P1009,2025-12-04,32757.32,Qualified,2026-01-28
OPP201564,CUST10247,REP1008,P1003,2025-12-05,101335.13,Qualified,2026-02-26
OPP201565,CUST10578,REP1005,P1003,2026-05-16,27502.65,Proposal,2026-05-27
OPP201566,CUST10310,REP1023,P1010,2026-03-20,40419.36,Won,2026-04-16
OPP201567,CUST10174,REP1028,P1003,2025-10-10,40729.77,Proposal,2025-10-30
OPP201568,CUST10843,REP1009,P1006,2026-04-04,42510.96,Qualified,2026-05-01
OPP201569,CUST10579,REP1020,P1012,2025-12-24,11115.75,Proposal,2026-01-20
OPP201570,CUST10612,REP1008,P1012,2025-12-15,6440.27,Proposal,2026-01-04
OPP201571,CUST10581,REP1028,P1006,2026-01-25,17961.11,Proposal,2026-02-17
OPP201572,CUST10897,REP1009,P1002,2026-02-02,11230.23,Lost,2026-02-18
OPP201573,CUST11160,REP1003,P1004,2026-06-03,12561.65,Lost,2026-06-23
OPP201574,CUST10616,REP1027,P1008,2026-01-28,16971.71,Proposal,2026-03-06
OPP201575,CUST10187,REP1029,P1005,2025-12-21,24663.23,Prospecting,2026-01-14
OPP201576,CUST10393,REP1012,P1009,2026-05-01,90082.24,Proposal,2026-07-27
OPP201577,CUST10596,REP1028,P1012,2026-02-27,22882.18,Lost,2026-04-09
OPP201578,CUST10125,REP1008,P1008,2025-10-01,16309.19,Lost,2025-11-11
OPP201579,CUST10275,REP1009,P1008,2026-03-23,15268.3,Qualified,2026-04-06
OPP201580,CUST10244,REP1017,P1007,2026-02-15,24426.32,Prospecting,2026-03-13
OPP201581,CUST11168,REP1019,P1003,2026-03-08,21327.06,Prospecting,2026-04-15
OPP201582,CUST10481,REP1012,P1007,2025-11-20,26324.03,Won,2025-12-20
OPP201583,CUST11055,REP1024,P1012,2026-02-09,125388.1,Proposal,2026-03-25
OPP201584,CUST10662,REP1024,P1009,2026-03-27,80733.96,Qualified,2026-06-02
OPP201585,CUST10608,REP1004,P1010,2026-04-05,10155.54,Qualified,2026-04-12
OPP201586,CUST11127,REP1030,P1011,2026-04-06,10793.91,Qualified,2026-05-06
OPP201587,CUST10831,REP1005,P1005,2026-07-02,38307.15,Won,2026-07-26
OPP201588,CUST10288,REP1016,P1005,2026-02-15,8856.45,Proposal,2026-03-20
OPP201589,CUST10338,REP1013,P1012,2026-01-27,25640.88,Qualified,2026-03-14
OPP201590,CUST10800,REP1014,P1006,2026-02-27,30385.36,Negotiation,2026-04-07
OPP201591,CUST10003,REP1004,P1009,2025-12-30,77557.3,Negotiation,2026-03-05
OPP201592,CUST10184,REP1011,P1008,2025-12-26,81366.57,Negotiation,2026-01-26
OPP201593,CUST10090,REP1001,P1002,2026-04-08,51098.31,Won,2026-06-07
OPP201594,CUST10857,REP1030,P1004,2025-12-26,308889.28,Prospecting,2026-01-29
OPP201595,CUST10530,REP1005,P1004,2026-04-24,12868.44,Prospecting,2026-06-08
OPP201596,CUST10014,REP1015,P1003,2026-04-23,14310.31,Prospecting,2026-06-06
OPP201597,CUST10890,REP1007,P1010,2026-06-20,13516.1,Negotiation,2026-07-24
OPP201598,CUST10788,REP1006,P1012,2025-11-06,34144.61,Lost,2025-12-25
OPP201599,CUST10863,REP1012,P1012,2026-01-08,51844.32,Qualified,2026-01-23
OPP201600,CUST10196,REP1030,P1003,2026-05-01,12996.3,Won,2026-06-13
OPP201601,CUST11050,REP1015,P1006,2026-01-27,9166.18,Won,2026-02-23
OPP201602,CUST10217,REP1029,P1003,2026-03-30,17404.81,Lost,2026-04-28
OPP201603,CUST10686,REP1025,P1001,2026-04-21,21759.1,Proposal,2026-05-24
OPP201604,CUST10671,REP1014,P1008,2026-06-01,14194.64,Prospecting,2026-06-28
OPP201605,CUST10263,REP1028,P1011,2025-12-02,43598.18,Won,2025-12-23
OPP201606,CUST10451,REP1011,P1001,2025-12-11,15404.42,Won,2025-12-30
OPP201607,CUST10063,REP1016,P1008,2026-02-07,10373.39,Negotiation,2026-02-18
OPP201608,CUST10566,REP1021,P1001,2026-02-17,7162.77,Won,2026-03-31
OPP201609,CUST10813,REP1018,P1011,2026-06-06,31828.49,Qualified,2026-07-08
OPP201610,CUST10371,REP1025,P1001,2025-10-11,15086.53,Negotiation,2025-10-29
OPP201611,CUST10646,REP1005,P1006,2025-12-07,39964.75,Qualified,2026-01-23
OPP201612,CUST11145,REP1015,P1002,2026-06-08,43800.95,Proposal,2026-07-24
OPP201613,CUST10282,REP1020,P1005,2026-03-19,9883.85,Qualified,2026-03-31
OPP201614,CUST10349,REP1010,P1006,2026-04-04,17793.66,Prospecting,2026-04-17
OPP201615,CUST10144,REP1027,P1007,2025-12-08,51406.49,Prospecting,2026-01-01
OPP201616,CUST10651,REP1010,P1010,2026-03-21,4630.54,Negotiation,2026-04-01
OPP201617,CUST10245,REP1010,P1012,2026-01-10,13268.37,Won,2026-02-18
OPP201618,CUST11026,REP1010,P1005,2026-04-20,8559.64,Qualified,2026-05-03
OPP201619,CUST10350,REP1021,P1012,2025-10-25,11239.17,Proposal,2025-12-02
OPP201620,CUST10798,REP1004,P1006,2025-12-18,17780.73,Prospecting,2026-01-14
OPP201621,CUST10228,REP1005,P1002,2026-03-27,20956.99,Proposal,2026-04-07
OPP201622,CUST10388,REP1024,P1008,2026-03-16,27747.72,Qualified,2026-05-08
OPP201623,CUST10206,REP1007,P1009,2026-05-20,6270.73,Proposal,2026-06-02
OPP201624,CUST10663,REP1004,P1004,2026-05-09,173681.54,Lost,2026-08-07
OPP201625,CUST10034,REP1008,P1008,2025-10-04,39683.27,Proposal,2025-10-18
OPP201626,CUST10100,REP1012,P1006,2025-10-25,4235.92,Negotiation,2025-11-25
OPP201627,CUST10602,REP1001,P1002,2026-01-06,46669.26,Negotiation,2026-02-03
OPP201628,CUST10655,REP1026,P1005,2026-06-21,237500.66,Prospecting,2026-08-22
OPP201629,CUST10396,REP1004,P1006,2026-02-09,40039.95,Qualified,2026-04-03
OPP201630,CUST10518,REP1013,P1005,2026-06-03,82544.29,Prospecting,2026-07-23
OPP201631,CUST10500,REP1007,P1011,2025-10-17,112969.82,Proposal,2025-11-13
OPP201632,CUST10910,REP1009,P1005,2026-06-22,9942.13,Won,2026-07-01
OPP201633,CUST10536,REP1002,P1008,2025-10-17,34087.0,Proposal,2025-11-13
OPP201634,CUST11018,REP1029,P1001,2026-05-11,59972.6,Proposal,2026-07-29
OPP201635,CUST10261,REP1029,P1004,2026-05-30,38976.03,Qualified,2026-07-07
OPP201636,CUST10240,REP1004,P1011,2025-12-20,111534.62,Qualified,2026-03-06
OPP201637,CUST10485,REP1006,P1011,2025-12-22,30538.33,Lost,2026-01-17
OPP201638,CUST10098,REP1027,P1012,2026-03-09,5746.12,Qualified,2026-04-05
OPP201639,CUST10806,REP1013,P1001,2026-04-17,138826.97,Won,2026-05-20
OPP201640,CUST10469,REP1002,P1011,2025-11-03,11201.41,Prospecting,2025-11-10
OPP201641,CUST10440,REP1005,P1004,2025-12-05,116911.83,Prospecting,2026-01-21
OPP201642,CUST10641,REP1013,P1001,2026-04-26,7811.26,Qualified,2026-05-10
OPP201643,CUST10099,REP1017,P1002,2026-05-11,36004.24,Lost,2026-06-10
OPP201644,CUST10453,REP1019,P1010,2025-11-12,4858.89,Qualified,2025-12-03
OPP201645,CUST11167,REP1005,P1008,2026-06-02,14080.65,Won,2026-07-03
OPP201646,CUST10755,REP1012,P1007,2026-05-27,76543.75,Prospecting,2026-08-22
OPP201647,CUST10689,REP1008,P1011,2026-05-27,180001.57,Negotiation,2026-08-11
OPP201648,CUST10607,REP1017,P1002,2025-12-06,11440.42,Negotiation,2026-01-06
OPP201649,CUST10563,REP1010,P1001,2026-04-03,20168.29,Negotiation,2026-05-12
OPP201650,CUST11124,REP1007,P1012,2025-11-14,12196.73,Qualified,2025-12-10
OPP201651,CUST11117,REP1025,P1008,2025-11-24,3773.8,Prospecting,2025-12-06
OPP201652,CUST10492,REP1018,P1010,2025-10-20,104022.07,Won,2025-12-18
OPP201653,CUST11110,REP1015,P1007,2026-02-13,107908.19,Proposal,2026-05-13
OPP201654,CUST10099,REP1005,P1002,2026-04-14,20100.46,Qualified,2026-06-03
OPP201655,CUST10384,REP1003,P1007,2025-11-24,5641.45,Proposal,2025-12-14
OPP201656,CUST10363,REP1024,P1012,2025-11-21,138027.42,Prospecting,2026-01-09
OPP201657,CUST10837,REP1030,P1002,2025-12-16,69049.02,Proposal,2026-03-11
OPP201658,CUST10728,REP1018,P1002,2025-11-24,54173.24,Proposal,2025-12-12
OPP201659,CUST10568,REP1002,P1005,2026-05-18,40016.22,Prospecting,2026-06-30
OPP201660,CUST10308,REP1015,P1006,2025-11-16,17242.59,Proposal,2025-12-19
OPP201661,CUST10609,REP1009,P1008,2025-12-16,10650.88,Negotiation,2026-01-23
OPP201662,CUST10323,REP1002,P1002,2025-12-24,53176.46,Lost,2026-02-12
OPP201663,CUST10597,REP1005,P1012,2025-11-25,18880.33,Negotiation,2026-01-08
OPP201664,CUST10408,REP1015,P1002,2026-06-16,4968.9,Proposal,2026-07-05
OPP201665,CUST11067,REP1013,P1003,2025-11-27,35004.57,Won,2025-12-11
OPP201666,CUST10896,REP1017,P1012,2026-02-11,19991.61,Qualified,2026-03-07
OPP201667,CUST10211,REP1021,P1005,2026-03-05,251786.45,Negotiation,2026-06-02
OPP201668,CUST11129,REP1008,P1007,2025-12-11,15175.11,Prospecting,2026-01-05
OPP201669,CUST10791,REP1009,P1006,2026-02-07,13974.59,Prospecting,2026-02-20
OPP201670,CUST10421,REP1021,P1004,2025-11-16,12570.84,Negotiation,2025-12-28
OPP201671,CUST10637,REP1006,P1007,2026-02-10,11542.0,Prospecting,2026-03-24
OPP201672,CUST10235,REP1003,P1010,2025-10-06,4758.75,Negotiation,2025-11-15
OPP201673,CUST10057,REP1026,P1001,2026-01-29,44621.91,Negotiation,2026-03-29
OPP201674,CUST10505,REP1007,P1011,2026-01-09,29864.71,Prospecting,2026-02-23
OPP201675,CUST10939,REP1004,P1003,2026-01-05,59227.05,Proposal,2026-03-03
OPP201676,CUST10423,REP1023,P1012,2025-10-31,46714.83,Negotiation,2025-12-29
OPP201677,CUST10462,REP1016,P1012,2026-07-02,44311.19,Negotiation,2026-08-19
OPP201678,CUST11189,REP1005,P1012,2025-10-08,26711.48,Won,2025-11-05
OPP201679,CUST11185,REP1026,P1008,2025-11-10,16076.34,Qualified,2025-12-04
OPP201680,CUST10557,REP1008,P1011,2025-10-29,46120.68,Won,2025-11-19
OPP201681,CUST10054,REP1021,P1011,2026-06-26,110330.54,Qualified,2026-08-02
OPP201682,CUST10816,REP1020,P1008,2025-12-27,33904.29,Prospecting,2026-02-11
OPP201683,CUST10858,REP1025,P1011,2026-01-27,40407.19,Negotiation,2026-02-12
OPP201684,CUST11097,REP1022,P1005,2026-04-25,29002.19,Qualified,2026-05-09
OPP201685,CUST11138,REP1022,P1011,2025-10-14,31673.61,Prospecting,2025-11-13
OPP201686,CUST10755,REP1002,P1012,2025-10-19,86743.82,Qualified,2026-01-17
OPP201687,CUST10129,REP1029,P1008,2025-11-20,7652.87,Won,2025-12-30
OPP201688,CUST10300,REP1004,P1002,2026-04-05,14564.71,Lost,2026-04-19
OPP201689,CUST10861,REP1008,P1003,2026-06-27,69528.15,Lost,2026-09-01
OPP201690,CUST10729,REP1014,P1003,2026-03-20,25722.41,Qualified,2026-04-16
OPP201691,CUST10524,REP1009,P1007,2026-05-28,54149.13,Proposal,2026-06-30
OPP201692,CUST10483,REP1018,P1006,2026-05-31,40644.83,Won,2026-07-15
OPP201693,CUST10852,REP1002,P1010,2025-12-16,5167.29,Qualified,2026-01-08
OPP201694,CUST10507,REP1014,P1004,2025-11-20,38221.28,Proposal,2026-01-01
OPP201695,CUST10186,REP1011,P1002,2025-11-14,5757.1,Qualified,2025-12-26
OPP201696,CUST11176,REP1020,P1008,2026-05-07,11281.57,Proposal,2026-06-08
OPP201697,CUST10420,REP1016,P1002,2026-04-03,5151.3,Negotiation,2026-04-27
OPP201698,CUST10335,REP1023,P1011,2026-05-26,23021.85,Qualified,2026-06-25
OPP201699,CUST10084,REP1005,P1001,2026-02-17,20942.3,Prospecting,2026-04-14
OPP201700,CUST10563,REP1029,P1006,2026-06-26,18608.26,Won,2026-07-14
OPP201701,CUST11184,REP1012,P1012,2026-06-03,18039.6,Negotiation,2026-07-13
OPP201702,CUST10192,REP1011,P1007,2026-05-11,140143.97,Qualified,2026-07-16
OPP201703,CUST10294,REP1017,P1010,2026-05-09,12319.92,Qualified,2026-05-25
OPP201704,CUST10215,REP1005,P1006,2025-11-04,14497.8,Lost,2025-12-10
OPP201705,CUST10113,REP1025,P1010,2026-04-23,25417.51,Negotiation,2026-05-16
OPP201706,CUST10725,REP1008,P1009,2026-06-18,6622.4,Negotiation,2026-07-15
OPP201707,CUST10358,REP1028,P1007,2025-12-20,21337.96,Negotiation,2026-02-02
OPP201708,CUST10902,REP1005,P1002,2026-05-13,5424.89,Lost,2026-06-19
OPP201709,CUST10481,REP1026,P1012,2026-01-05,59160.03,Qualified,2026-02-20
OPP201710,CUST10764,REP1012,P1001,2025-11-28,7611.77,Qualified,2025-12-07
OPP201711,CUST10108,REP1019,P1005,2026-04-19,53099.68,Qualified,2026-06-12
OPP201712,CUST10396,REP1027,P1008,2025-11-15,9999.68,Won,2025-12-14
OPP201713,CUST10497,REP1004,P1010,2026-02-10,12882.67,Prospecting,2026-02-18
OPP201714,CUST10072,REP1011,P1007,2026-06-15,16342.77,Qualified,2026-07-29
OPP201715,CUST10504,REP1029,P1005,2025-11-13,68961.37,Qualified,2025-12-05
OPP201716,CUST10565,REP1005,P1005,2025-11-12,39857.29,Negotiation,2025-12-01
OPP201717,CUST10485,REP1004,P1012,2026-06-17,23703.18,Negotiation,2026-06-29
OPP201718,CUST10606,REP1016,P1005,2026-05-02,93063.9,Qualified,2026-06-14
OPP201719,CUST10957,REP1001,P1011,2026-02-04,20145.06,Qualified,2026-03-16
OPP201720,CUST10925,REP1030,P1001,2026-01-20,7774.74,Won,2026-02-16
OPP201721,CUST10017,REP1028,P1008,2026-06-23,4180.88,Prospecting,2026-08-02
OPP201722,CUST10769,REP1006,P1009,2026-04-18,6965.4,Won,2026-05-31
OPP201723,CUST11085,REP1006,P1009,2026-06-07,9127.3,Qualified,2026-07-18
OPP201724,CUST11046,REP1024,P1006,2025-10-26,4364.41,Lost,2025-11-08
OPP201725,CUST10389,REP1016,P1009,2026-02-23,14560.82,Proposal,2026-03-10
OPP201726,CUST10940,REP1025,P1006,2026-04-18,103289.76,Negotiation,2026-06-05
OPP201727,CUST10962,REP1030,P1008,2025-10-10,3955.41,Prospecting,2025-11-10
OPP201728,CUST10440,REP1013,P1011,2026-02-18,97894.14,Qualified,2026-04-13
OPP201729,CUST11043,REP1008,P1009,2025-10-16,10488.4,Negotiation,2025-11-04
OPP201730,CUST10759,REP1019,P1009,2026-06-05,55788.75,Proposal,2026-08-14
OPP201731,CUST10902,REP1020,P1012,2026-04-06,18384.62,Won,2026-04-20
OPP201732,CUST10897,REP1013,P1003,2025-11-21,21595.82,Proposal,2025-12-19
OPP201733,CUST10938,REP1009,P1008,2026-02-21,15858.94,Proposal,2026-04-12
OPP201734,CUST11149,REP1008,P1008,2025-10-31,12395.91,Won,2025-11-22
OPP201735,CUST11029,REP1016,P1009,2026-05-10,3269.29,Proposal,2026-05-23
OPP201736,CUST10507,REP1013,P1002,2025-11-23,11080.8,Won,2025-12-16
OPP201737,CUST10675,REP1014,P1010,2026-03-17,127377.59,Qualified,2026-06-01
OPP201738,CUST10778,REP1003,P1003,2025-10-22,68941.28,Qualified,2026-01-17
OPP201739,CUST11028,REP1027,P1005,2025-11-13,26983.43,Won,2025-12-14
OPP201740,CUST10472,REP1022,P1009,2026-06-27,12779.17,Prospecting,2026-08-11
OPP201741,CUST10376,REP1028,P1004,2026-01-15,27077.23,Prospecting,2026-02-07
OPP201742,CUST10886,REP1025,P1002,2025-11-03,5398.6,Prospecting,2025-12-16
OPP201743,CUST11146,REP1019,P1009,2026-04-11,9473.7,Proposal,2026-05-21
OPP201744,CUST11095,REP1010,P1004,2025-11-25,41137.2,Negotiation,2026-01-08
OPP201745,CUST10178,REP1020,P1010,2026-03-12,95614.14,Prospecting,2026-06-02
OPP201746,CUST11104,REP1017,P1011,2026-05-11,22895.46,Prospecting,2026-06-08
OPP201747,CUST10948,REP1028,P1005,2026-04-06,176767.6,Qualified,2026-07-03
OPP201748,CUST10189,REP1007,P1009,2025-12-07,74755.34,Qualified,2026-02-12
OPP201749,CUST10008,REP1001,P1003,2025-12-05,21380.98,Prospecting,2026-01-04
OPP201750,CUST10245,REP1004,P1012,2025-12-01,16906.84,Prospecting,2026-01-02
OPP201751,CUST11116,REP1006,P1003,2026-03-23,14535.89,Won,2026-04-06
OPP201752,CUST10906,REP1020,P1011,2026-04-03,75732.1,Negotiation,2026-05-26
OPP201753,CUST10691,REP1005,P1010,2026-02-21,15479.62,Qualified,2026-03-14
OPP201754,CUST10758,REP1005,P1004,2026-01-18,53655.48,Qualified,2026-02-19
OPP201755,CUST10496,REP1012,P1010,2025-10-18,27673.32,Prospecting,2025-12-10
OPP201756,CUST11087,REP1024,P1008,2026-05-18,45612.05,Qualified,2026-06-23
OPP201757,CUST10188,REP1013,P1009,2026-03-31,9004.26,Proposal,2026-04-18
OPP201758,CUST10377,REP1009,P1005,2026-03-25,63052.92,Lost,2026-05-22
OPP201759,CUST10241,REP1009,P1003,2025-10-29,13752.8,Won,2025-11-19
OPP201760,CUST11018,REP1025,P1009,2025-12-19,29282.61,Proposal,2026-02-27
OPP201761,CUST10649,REP1013,P1001,2025-12-23,19517.67,Prospecting,2026-01-20
OPP201762,CUST10821,REP1012,P1005,2026-03-14,74574.3,Negotiation,2026-05-07
OPP201763,CUST11104,REP1024,P1002,2026-05-05,21809.65,Lost,2026-05-31
OPP201764,CUST10235,REP1012,P1001,2026-05-27,20737.06,Prospecting,2026-06-19
OPP201765,CUST11158,REP1011,P1001,2026-02-21,47345.37,Won,2026-03-07
OPP201766,CUST10152,REP1023,P1002,2026-01-09,49714.01,Prospecting,2026-03-08
OPP201767,CUST10906,REP1010,P1012,2026-01-21,35513.02,Negotiation,2026-03-03
OPP201768,CUST10844,REP1016,P1010,2026-04-21,39943.7,Prospecting,2026-07-02
OPP201769,CUST10991,REP1020,P1012,2025-12-27,19676.83,Negotiation,2026-02-02
OPP201770,CUST10191,REP1007,P1002,2026-01-23,104481.98,Qualified,2026-04-10
OPP201771,CUST11152,REP1004,P1012,2026-05-05,128529.84,Proposal,2026-07-02
OPP201772,CUST10954,REP1026,P1008,2026-02-27,28615.44,Negotiation,2026-03-16
OPP201773,CUST10133,REP1009,P1010,2026-02-06,44256.73,Negotiation,2026-03-03
OPP201774,CUST10669,REP1011,P1011,2026-04-20,72905.84,Negotiation,2026-05-23
OPP201775,CUST10981,REP1018,P1004,2025-12-19,115891.55,Prospecting,2026-02-17
OPP201776,CUST10573,REP1004,P1009,2025-10-17,19702.97,Negotiation,2025-12-06
OPP201777,CUST10458,REP1002,P1008,2026-05-05,76709.22,Prospecting,2026-07-28
OPP201778,CUST10331,REP1013,P1005,2026-02-03,27625.73,Negotiation,2026-03-20
OPP201779,CUST10620,REP1030,P1006,2025-12-29,28712.12,Prospecting,2026-01-18
OPP201780,CUST11181,REP1018,P1003,2025-10-27,113473.01,Proposal,2025-11-26
OPP201781,CUST10730,REP1018,P1003,2026-06-12,27916.0,Proposal,2026-07-11
OPP201782,CUST10867,REP1019,P1012,2026-04-18,27803.51,Lost,2026-05-14
OPP201783,CUST10936,REP1026,P1009,2025-12-15,13919.3,Negotiation,2026-02-07
OPP201784,CUST10934,REP1026,P1007,2026-03-17,86814.23,Prospecting,2026-05-14
OPP201785,CUST10481,REP1001,P1009,2026-02-05,21372.18,Negotiation,2026-02-19
OPP201786,CUST10923,REP1017,P1005,2025-12-29,28603.15,Prospecting,2026-01-13
OPP201787,CUST10394,REP1017,P1003,2025-12-25,7185.1,Qualified,2026-01-14
OPP201788,CUST10701,REP1007,P1012,2025-10-21,50798.88,Qualified,2025-11-05
OPP201789,CUST10363,REP1030,P1012,2026-06-26,103836.5,Won,2026-08-14
OPP201790,CUST11128,REP1008,P1003,2026-06-12,13371.4,Lost,2026-07-10
OPP201791,CUST10877,REP1026,P1010,2026-05-28,116203.18,Lost,2026-08-20
OPP201792,CUST10701,REP1004,P1006,2025-12-26,26619.28,Prospecting,2026-02-08
OPP201793,CUST10542,REP1019,P1009,2026-07-02,3115.67,Prospecting,2026-07-12
OPP201794,CUST10625,REP1023,P1002,2025-12-15,53929.29,Won,2026-01-17
OPP201795,CUST10936,REP1016,P1006,2026-05-15,26694.74,Qualified,2026-07-04
OPP201796,CUST10329,REP1004,P1002,2025-10-28,22893.93,Negotiation,2025-11-18
OPP201797,CUST10995,REP1004,P1010,2025-12-25,34204.31,Lost,2026-02-03
OPP201798,CUST10339,REP1019,P1005,2026-03-08,37033.22,Prospecting,2026-05-07
OPP201799,CUST10170,REP1026,P1004,2026-06-24,25796.98,Qualified,2026-07-06
OPP201800,CUST10885,REP1018,P1009,2025-12-13,33846.45,Won,2026-01-18
